invoice_id,transaction_id,supplier_id,buyer_id,carrier,has_shipment,invoice_amount,transaction_amount,amount_deviation_ratio,amount_to_supplier_avg_ratio,time_invoice_to_payment_hours,time_shipment_to_payment_hours,supplier_fraud_history,buyer_fraud_history,supplier_tx_volume,buyer_tx_volume,is_round_amount,tx_hour,is_weekend,is_night_tx,fraud_type,is_fraud
INV-SYN-10000,TXN-SYN-10000,SUPP-PACIFIC-08,BUYER-VORTEX-02,DHL Global Express,1,84313.39,83223.97,-0.0129,1.1097,444.15,340.42,0,0,1,1,0,9,0,0,NORMAL,0
INV-SYN-10001,TXN-SYN-10001,SUPP-TITAN-03,BUYER-OMEGA-01,DB Schenker,1,270321.5,266886.44,-0.0127,0.9532,897.22,710.09,1,0,1,1,0,10,0,0,NORMAL,0
INV-SYN-10002,TXN-SYN-10002,SUPP-PREC-04,BUYER-VORTEX-02,DHL Global Express,1,110382.6,108471.26,-0.0173,1.1418,712.17,651.57,0,0,1,2,0,13,0,0,NORMAL,0
INV-SYN-10003,TXN-SYN-10003,SUPP-TITAN-03,BUYER-STEEL-03,DB Schenker,1,386612.09,577869.7,0.4947,2.0638,474.22,403.88,1,1,2,1,0,19,0,0,AMOUNT_INFLATION,1
INV-SYN-10004,TXN-SYN-10004,SUPP-TITAN-03,BUYER-APEX-06,FedEx International,1,263609.26,258505.94,-0.0194,0.9232,485.35,390.42,1,0,3,1,0,11,1,0,NORMAL,0
INV-SYN-10005,TXN-SYN-10005,SUPP-GLOBAL-01,BUYER-APEX-06,Kuehne+Nagel Logistics,1,112975.89,112611.06,-0.0032,0.9384,474.53,353.87,0,0,1,2,0,16,0,0,NORMAL,0
INV-SYN-10006,TXN-SYN-10006,SUPP-SUSP-06,BUYER-QUICK-04,None,0,624597.49,624597.49,0.0,1.6015,1.2,-1.0,6,5,1,1,0,1,0,1,RAPID_GHOST_SETTLEMENT,1
INV-SYN-10007,TXN-SYN-10007,SUPP-TITAN-03,BUYER-GLOBAL-05,DB Schenker,1,333720.43,331592.08,-0.0064,1.1843,624.47,467.43,1,0,4,1,0,19,1,0,NORMAL,0
INV-SYN-10008,TXN-SYN-10008,SUPP-NEXUS-02,BUYER-OMEGA-01,Maersk Ocean Freight,1,75023.67,74342.62,-0.0091,0.8746,805.35,672.6,0,0,1,2,0,13,1,0,NORMAL,0
INV-SYN-10009,TXN-SYN-10009,SUPP-PACIFIC-08,BUYER-APEX-06,FedEx International,1,85173.0,85215.31,0.0005,1.1362,763.28,607.82,0,0,2,3,0,15,0,0,NORMAL,0
INV-SYN-10010,TXN-SYN-10010,SUPP-TITAN-03,BUYER-APEX-06,DHL Global Express,1,247560.76,243429.94,-0.0167,0.8694,383.89,266.27,1,0,5,4,0,10,0,0,NORMAL,0
INV-SYN-10011,TXN-SYN-10011,SUPP-NEXUS-02,BUYER-VORTEX-02,DHL Global Express,1,75103.24,74056.48,-0.0139,0.8713,370.81,259.09,0,0,2,3,0,11,1,0,NORMAL,0
INV-SYN-10012,TXN-SYN-10012,SUPP-PACIFIC-08,BUYER-APEX-06,Maersk Ocean Freight,1,79536.79,79200.72,-0.0042,1.056,414.86,269.45,0,0,3,5,0,21,0,0,NORMAL,0
INV-SYN-10013,TXN-SYN-10013,SUPP-NEXUS-02,BUYER-OMEGA-01,DHL Global Express,1,44342.79,44681.17,0.0076,0.5257,659.13,520.84,0,0,3,3,0,20,0,0,NORMAL,0
INV-SYN-10014,TXN-SYN-10014,SUPP-PACIFIC-08,BUYER-OMEGA-01,Maersk Ocean Freight,1,42657.79,42756.09,0.0023,0.5701,891.46,716.55,0,0,4,4,0,9,0,0,NORMAL,0
INV-SYN-10015,TXN-SYN-10015,SUPP-GLOBAL-01,BUYER-GLOBAL-05,DHL Global Express,1,103131.37,103340.62,0.002,0.8612,972.94,806.76,0,0,2,2,0,13,1,0,NORMAL,0
INV-SYN-10016,TXN-SYN-10016,SUPP-IND-05,BUYER-OMEGA-01,FedEx International,1,119486.76,117925.13,-0.0131,0.737,651.83,555.72,1,0,1,5,0,3,0,1,NORMAL,0
INV-SYN-10017,TXN-SYN-10017,SUPP-NEXUS-02,BUYER-VORTEX-02,DB Schenker,1,91677.76,91379.28,-0.0033,1.0751,607.17,454.78,0,0,4,4,0,4,0,1,NORMAL,0
INV-SYN-10018,TXN-SYN-10018,SUPP-PREC-04,BUYER-APEX-06,Kuehne+Nagel Logistics,1,73434.43,72333.23,-0.015,0.7614,606.96,542.82,0,0,2,6,0,8,0,0,NORMAL,0
INV-SYN-10019,TXN-SYN-10019,SUPP-PACIFIC-08,BUYER-VORTEX-02,Maersk Ocean Freight,1,48519.31,48422.15,-0.002,0.6456,751.68,570.05,0,0,5,5,0,23,1,1,NORMAL,0
INV-SYN-10020,TXN-SYN-10020,SUPP-TITAN-03,BUYER-GLOBAL-05,Maersk Ocean Freight,1,382595.41,382211.75,-0.001,1.365,769.93,605.05,1,0,6,3,0,1,1,1,NORMAL,0
INV-SYN-10021,TXN-SYN-10021,SUPP-IND-05,BUYER-VORTEX-02,Maersk Ocean Freight,1,150968.95,150441.64,-0.0035,0.9403,969.15,816.99,1,0,2,6,0,5,0,1,NORMAL,0
INV-SYN-10022,TXN-SYN-10022,SUPP-PREC-04,BUYER-APEX-06,DHL Global Express,1,96603.79,94772.17,-0.019,0.9976,630.94,550.57,0,0,3,7,0,17,0,0,NORMAL,0
INV-SYN-10023,TXN-SYN-10023,SUPP-TITAN-03,BUYER-OMEGA-01,DHL Global Express,1,180267.63,177862.25,-0.0133,0.6352,872.41,702.91,1,0,7,6,0,20,0,0,NORMAL,0
INV-SYN-10024,TXN-SYN-10024,SUPP-PACIFIC-08,BUYER-GLOBAL-05,DB Schenker,1,64792.82,64490.77,-0.0047,0.8599,457.85,332.83,0,0,6,4,0,17,1,0,NORMAL,0
INV-SYN-10025,TXN-SYN-10025,SUPP-GLOBAL-01,BUYER-APEX-06,DB Schenker,1,123327.68,121373.21,-0.0158,1.0114,483.18,389.91,0,0,3,8,0,12,0,0,NORMAL,0
INV-SYN-10026,TXN-SYN-10026,SUPP-TITAN-03,BUYER-GLOBAL-05,DHL Global Express,1,199430.45,197833.8,-0.008,0.7065,853.34,674.15,1,0,8,5,0,12,0,0,NORMAL,0
INV-SYN-10027,TXN-SYN-10027,SUPP-TITAN-03,BUYER-STEEL-03,None,0,100000.0,100000.0,0.0,0.3571,82.21,67.38,1,1,9,2,1,4,1,1,OFF_HOURS_ROUND_SUM,1
INV-SYN-10028,TXN-SYN-10028,SUPP-TITAN-03,BUYER-GLOBAL-05,DHL Global Express,1,237955.29,236296.54,-0.007,0.8439,942.99,761.87,1,0,10,6,0,17,1,0,NORMAL,0
INV-SYN-10029,TXN-SYN-10029,SUPP-NEXUS-02,BUYER-OMEGA-01,DB Schenker,1,78801.51,78720.01,-0.001,0.9261,309.15,264.71,0,0,5,7,0,12,0,0,NORMAL,0
INV-SYN-10030,TXN-SYN-10030,SUPP-IND-05,BUYER-VORTEX-02,Kuehne+Nagel Logistics,1,135931.74,136058.57,0.0009,0.8504,882.52,822.62,1,0,3,7,0,14,1,0,NORMAL,0
INV-SYN-10031,TXN-SYN-10031,SUPP-IND-05,BUYER-OMEGA-01,FedEx International,1,234091.13,231444.38,-0.0113,1.4465,539.22,441.7,1,0,4,8,0,17,0,0,NORMAL,0
INV-SYN-10032,TXN-SYN-10032,SUPP-PREC-04,BUYER-OMEGA-01,Kuehne+Nagel Logistics,1,94679.44,93531.62,-0.0121,0.9845,802.47,704.3,0,0,4,9,0,18,0,0,NORMAL,0
INV-SYN-10033,TXN-SYN-10033,SUPP-NEXUS-02,BUYER-VORTEX-02,DB Schenker,1,62523.64,61644.76,-0.0141,0.7252,455.33,357.66,0,0,6,8,0,0,0,1,NORMAL,0
INV-SYN-10034,TXN-SYN-10034,SUPP-IND-05,BUYER-VORTEX-02,DB Schenker,1,192901.8,190584.61,-0.012,1.1912,396.85,293.76,1,0,5,9,0,17,0,0,NORMAL,0
INV-SYN-10035,TXN-SYN-10035,SUPP-PACIFIC-08,BUYER-APEX-06,DB Schenker,1,52109.18,51611.5,-0.0096,0.6882,719.28,633.25,0,0,7,9,0,0,0,1,NORMAL,0
INV-SYN-10036,TXN-SYN-10036,SUPP-TITAN-03,BUYER-VORTEX-02,Kuehne+Nagel Logistics,1,294620.45,294174.58,-0.0015,1.0506,804.37,613.91,1,0,11,10,0,4,0,1,NORMAL,0
INV-SYN-10037,TXN-SYN-10037,SUPP-PREC-04,BUYER-OMEGA-01,FedEx International,1,48457.83,47828.11,-0.013,0.5035,837.56,694.64,0,0,5,10,0,7,0,0,NORMAL,0
INV-SYN-10038,TXN-SYN-10038,SUPP-GLOBAL-01,BUYER-OMEGA-01,FedEx International,1,80154.42,79135.77,-0.0127,0.6595,894.13,761.25,0,0,4,11,0,23,0,1,NORMAL,0
INV-SYN-10039,TXN-SYN-10039,SUPP-TITAN-03,BUYER-OMEGA-01,Kuehne+Nagel Logistics,1,293780.29,294993.14,0.0041,1.0535,337.25,253.65,1,0,12,12,0,18,1,0,NORMAL,0
INV-SYN-10040,TXN-SYN-10040,SUPP-IND-05,BUYER-QUICK-04,None,0,300712.53,300712.53,0.0,1.8795,3.51,-1.0,1,5,6,2,0,19,0,0,RAPID_GHOST_SETTLEMENT,1
INV-SYN-10041,TXN-SYN-10041,SUPP-PREC-04,BUYER-OMEGA-01,DB Schenker,1,99070.0,97267.25,-0.0182,1.0239,470.08,402.77,0,0,6,13,0,20,1,0,NORMAL,0
INV-SYN-10042,TXN-SYN-10042,SUPP-PREC-04,BUYER-OMEGA-01,Maersk Ocean Freight,1,92253.35,92235.93,-0.0002,0.9709,897.99,758.57,0,0,7,14,0,17,1,0,NORMAL,0
INV-SYN-10043,TXN-SYN-10043,SUPP-PHANTOM-07,BUYER-QUICK-04,DB Schenker,1,416125.83,994313.06,1.3895,2.2096,405.89,311.36,8,5,1,3,0,20,1,0,AMOUNT_INFLATION,1
INV-SYN-10044,TXN-SYN-10044,SUPP-NEXUS-02,BUYER-VORTEX-02,DHL Global Express,1,53581.41,53245.97,-0.0063,0.6264,444.36,263.85,0,0,7,11,0,4,0,1,NORMAL,0
INV-SYN-10045,TXN-SYN-10045,SUPP-IND-05,BUYER-GLOBAL-05,Maersk Ocean Freight,1,131206.23,130130.6,-0.0082,0.8133,711.08,650.59,1,0,7,7,0,2,0,1,NORMAL,0
INV-SYN-10046,TXN-SYN-10046,SUPP-TITAN-03,BUYER-GLOBAL-05,DHL Global Express,1,247755.29,250071.14,0.0093,0.8931,729.67,615.48,1,0,13,8,0,6,1,0,NORMAL,0
INV-SYN-10047,TXN-SYN-10047,SUPP-PREC-04,BUYER-OMEGA-01,Maersk Ocean Freight,1,120106.65,121124.37,0.0085,1.275,849.5,778.31,0,0,8,15,0,13,0,0,NORMAL,0
INV-SYN-10048,TXN-SYN-10048,SUPP-PACIFIC-08,BUYER-VORTEX-02,DB Schenker,1,81442.84,80747.82,-0.0085,1.0766,949.48,763.62,0,0,8,12,0,7,1,0,NORMAL,0
INV-SYN-10049,TXN-SYN-10049,SUPP-PACIFIC-08,BUYER-VORTEX-02,Maersk Ocean Freight,1,41943.0,41825.01,-0.0028,0.5577,888.37,785.84,0,0,9,13,0,17,1,0,NORMAL,0
INV-SYN-10050,TXN-SYN-10050,SUPP-TITAN-03,BUYER-APEX-06,DB Schenker,1,302685.88,298509.64,-0.0138,1.0661,708.05,650.43,1,0,14,10,0,15,0,0,NORMAL,0
INV-SYN-10051,TXN-SYN-10051,SUPP-NEXUS-02,BUYER-VORTEX-02,FedEx International,1,76817.0,76905.65,0.0012,0.9048,615.75,498.04,0,0,8,14,0,20,1,0,NORMAL,0
INV-SYN-10052,TXN-SYN-10052,SUPP-NEXUS-02,BUYER-VORTEX-02,DHL Global Express,1,70615.41,70383.81,-0.0033,0.828,534.46,350.48,0,0,9,15,0,1,0,1,NORMAL,0
INV-SYN-10053,TXN-SYN-10053,SUPP-TITAN-03,BUYER-STEEL-03,Maersk Ocean Freight,1,701429.57,806644.01,0.15,2.8809,228.87,162.34,1,1,15,3,0,3,0,1,SERIAL_COUNTERPARTY_SPIKE,1
INV-SYN-10054,TXN-SYN-10054,SUPP-PACIFIC-08,BUYER-GLOBAL-05,DHL Global Express,1,94331.24,92976.46,-0.0144,1.2397,753.99,697.47,0,0,10,9,0,19,0,0,NORMAL,0
INV-SYN-10055,TXN-SYN-10055,SUPP-IND-05,BUYER-GLOBAL-05,FedEx International,1,197251.2,196929.85,-0.0016,1.2308,781.46,652.43,1,0,8,10,0,22,0,0,NORMAL,0
INV-SYN-10056,TXN-SYN-10056,SUPP-TITAN-03,BUYER-OMEGA-01,DB Schenker,1,221254.77,219993.19,-0.0057,0.7857,635.62,521.26,1,0,16,16,0,9,0,0,NORMAL,0
INV-SYN-10057,TXN-SYN-10057,SUPP-PACIFIC-08,BUYER-GLOBAL-05,FedEx International,1,69202.27,68622.62,-0.0084,0.915,465.88,355.96,0,0,11,11,0,2,0,1,NORMAL,0
INV-SYN-10058,TXN-SYN-10058,SUPP-TITAN-03,BUYER-QUICK-04,None,0,494331.66,494331.66,0.0,1.7655,0.8,-1.0,1,5,17,4,0,13,0,0,RAPID_GHOST_SETTLEMENT,1
INV-SYN-10059,TXN-SYN-10059,SUPP-PREC-04,BUYER-APEX-06,Kuehne+Nagel Logistics,1,118169.2,118878.6,0.006,1.2514,657.38,482.92,0,0,9,11,0,4,0,1,NORMAL,0
INV-SYN-10060,TXN-SYN-10060,SUPP-GLOBAL-01,BUYER-APEX-06,DB Schenker,1,105624.77,104761.24,-0.0082,0.873,778.79,596.28,0,0,5,12,0,16,0,0,NORMAL,0
INV-SYN-10061,TXN-SYN-10061,SUPP-IND-05,BUYER-OMEGA-01,DHL Global Express,1,152573.64,151589.28,-0.0065,0.9474,931.68,766.67,1,0,9,17,0,7,0,0,NORMAL,0
INV-SYN-10062,TXN-SYN-10062,SUPP-NEXUS-02,BUYER-APEX-06,DHL Global Express,1,61490.38,60332.98,-0.0188,0.7098,450.34,353.91,0,0,10,13,0,8,1,0,NORMAL,0
INV-SYN-10063,TXN-SYN-10063,SUPP-PREC-04,BUYER-APEX-06,FedEx International,1,66590.09,66803.86,0.0032,0.7032,574.08,493.48,0,0,10,14,0,19,1,0,NORMAL,0
INV-SYN-10064,TXN-SYN-10064,SUPP-IND-05,BUYER-OMEGA-01,Kuehne+Nagel Logistics,1,192501.03,193869.76,0.0071,1.2117,402.58,294.26,1,0,10,18,0,16,1,0,NORMAL,0
INV-SYN-10065,TXN-SYN-10065,SUPP-IND-05,BUYER-OMEGA-01,DB Schenker,1,214249.6,213727.57,-0.0024,1.3358,496.7,321.18,1,0,11,19,0,2,0,1,NORMAL,0
INV-SYN-10066,TXN-SYN-10066,SUPP-PREC-04,BUYER-GLOBAL-05,FedEx International,1,93289.76,91924.59,-0.0146,0.9676,897.62,769.53,0,0,11,12,0,5,0,1,NORMAL,0
INV-SYN-10067,TXN-SYN-10067,SUPP-GLOBAL-01,BUYER-GLOBAL-05,FedEx International,1,150105.99,150024.53,-0.0005,1.2502,818.01,671.02,0,0,6,13,0,10,0,0,NORMAL,0
INV-SYN-10068,TXN-SYN-10068,SUPP-TITAN-03,BUYER-APEX-06,DB Schenker,1,613319.38,705317.29,0.15,2.519,98.86,16.1,1,0,18,15,0,10,1,0,SERIAL_COUNTERPARTY_SPIKE,1
INV-SYN-10069,TXN-SYN-10069,SUPP-IND-05,BUYER-APEX-06,FedEx International,1,134195.21,132199.26,-0.0149,0.8262,425.56,337.27,1,0,12,16,0,18,0,0,NORMAL,0
INV-SYN-10070,TXN-SYN-10070,SUPP-TITAN-03,BUYER-QUICK-04,FedEx International,1,519661.36,597610.56,0.15,2.1343,94.1,58.82,1,5,19,5,0,13,0,0,SERIAL_COUNTERPARTY_SPIKE,1
INV-SYN-10071,TXN-SYN-10071,SUPP-NEXUS-02,BUYER-OMEGA-01,Kuehne+Nagel Logistics,1,117683.28,116223.22,-0.0124,1.3673,673.65,566.1,0,0,11,20,0,14,0,0,NORMAL,0
INV-SYN-10072,TXN-SYN-10072,SUPP-GLOBAL-01,BUYER-APEX-06,Kuehne+Nagel Logistics,1,118925.22,118647.63,-0.0023,0.9887,615.34,505.13,0,0,7,17,0,10,0,0,NORMAL,0
INV-SYN-10073,TXN-SYN-10073,SUPP-TITAN-03,BUYER-QUICK-04,None,0,441816.13,441816.13,0.0,1.5779,1.17,-1.0,1,5,20,6,0,1,0,1,RAPID_GHOST_SETTLEMENT,1
INV-SYN-10074,TXN-SYN-10074,SUPP-PACIFIC-08,BUYER-GLOBAL-05,DB Schenker,1,25879.78,26025.09,0.0056,0.347,559.12,419.06,0,0,12,14,0,11,0,0,NORMAL,0
INV-SYN-10075,TXN-SYN-10075,SUPP-GLOBAL-01,BUYER-OMEGA-01,Maersk Ocean Freight,1,144657.08,146076.46,0.0098,1.2173,667.82,606.65,0,0,8,21,0,23,0,1,NORMAL,0
INV-SYN-10076,TXN-SYN-10076,SUPP-PACIFIC-08,BUYER-VORTEX-02,DHL Global Express,1,76632.13,76822.18,0.0025,1.0243,388.07,295.88,0,0,13,16,0,7,0,0,NORMAL,0
INV-SYN-10077,TXN-SYN-10077,SUPP-TITAN-03,BUYER-GLOBAL-05,Kuehne+Nagel Logistics,1,259069.49,256833.25,-0.0086,0.9173,792.54,745.99,1,0,21,15,0,9,0,0,NORMAL,0
INV-SYN-10078,TXN-SYN-10078,SUPP-GLOBAL-01,BUYER-GLOBAL-05,Maersk Ocean Freight,1,122752.82,120747.12,-0.0163,1.0062,726.3,556.23,0,0,9,16,0,20,1,0,NORMAL,0
INV-SYN-10079,TXN-SYN-10079,SUPP-IND-05,BUYER-VORTEX-02,DB Schenker,1,80497.24,80365.35,-0.0016,0.5023,885.36,832.31,1,0,13,17,0,23,0,1,NORMAL,0
INV-SYN-10080,TXN-SYN-10080,SUPP-PREC-04,BUYER-GLOBAL-05,DB Schenker,1,89782.79,90270.66,0.0054,0.9502,913.52,837.01,0,0,12,17,0,0,1,1,NORMAL,0
INV-SYN-10081,TXN-SYN-10081,SUPP-TITAN-03,BUYER-VORTEX-02,Kuehne+Nagel Logistics,1,304997.88,303439.92,-0.0051,1.0837,685.26,535.5,1,0,22,18,0,14,1,0,NORMAL,0
INV-SYN-10082,TXN-SYN-10082,SUPP-NEXUS-02,BUYER-VORTEX-02,DHL Global Express,1,116405.25,117496.87,0.0094,1.3823,555.18,518.93,0,0,12,19,0,2,0,1,NORMAL,0
INV-SYN-10083,TXN-SYN-10083,SUPP-GLOBAL-01,BUYER-VORTEX-02,Maersk Ocean Freight,1,104451.89,105493.23,0.01,0.8791,550.38,449.79,0,0,10,20,0,0,0,1,NORMAL,0
INV-SYN-10084,TXN-SYN-10084,SUPP-PREC-04,BUYER-STEEL-03,Unregistered Logistics,1,100000.0,100000.0,0.0,1.0526,75.71,45.47,0,1,13,4,1,2,0,1,OFF_HOURS_ROUND_SUM,1
INV-SYN-10085,TXN-SYN-10085,SUPP-GLOBAL-01,BUYER-GLOBAL-05,DHL Global Express,1,104947.29,105129.05,0.0017,0.8761,871.32,739.23,0,0,11,18,0,23,1,1,NORMAL,0
INV-SYN-10086,TXN-SYN-10086,SUPP-SUSP-06,BUYER-QUICK-04,Kuehne+Nagel Logistics,1,479251.71,1002834.23,1.0925,2.5714,535.36,441.14,6,5,2,7,0,8,0,0,AMOUNT_INFLATION,1
INV-SYN-10087,TXN-SYN-10087,SUPP-IND-05,BUYER-GLOBAL-05,DHL Global Express,1,173150.04,173916.23,0.0044,1.087,921.8,741.06,1,0,14,19,0,11,0,0,NORMAL,0
INV-SYN-10088,TXN-SYN-10088,SUPP-TITAN-03,BUYER-GLOBAL-05,Maersk Ocean Freight,1,242916.79,238194.86,-0.0194,0.8507,845.8,719.72,1,0,23,20,0,8,0,0,NORMAL,0
INV-SYN-10089,TXN-SYN-10089,SUPP-TITAN-03,BUYER-OMEGA-01,Kuehne+Nagel Logistics,1,315928.72,312268.31,-0.0116,1.1152,656.77,615.91,1,0,24,22,0,6,0,0,NORMAL,0
INV-SYN-10090,TXN-SYN-10090,SUPP-NEXUS-02,BUYER-APEX-06,Maersk Ocean Freight,1,87062.9,85626.83,-0.0165,1.0074,821.21,663.16,0,0,13,18,0,17,0,0,NORMAL,0
INV-SYN-10091,TXN-SYN-10091,SUPP-TITAN-03,BUYER-OMEGA-01,Maersk Ocean Freight,1,347805.15,341754.71,-0.0174,1.2206,683.96,511.14,1,0,25,23,0,10,0,0,NORMAL,0
INV-SYN-10092,TXN-SYN-10092,SUPP-TITAN-03,BUYER-VORTEX-02,DHL Global Express,1,230856.28,227451.24,-0.0147,0.8123,801.05,706.67,1,0,26,21,0,6,0,0,NORMAL,0
INV-SYN-10093,TXN-SYN-10093,SUPP-GLOBAL-01,BUYER-APEX-06,FedEx International,1,110170.14,110607.6,0.004,0.9217,531.3,354.13,0,0,12,19,0,16,0,0,NORMAL,0
INV-SYN-10094,TXN-SYN-10094,SUPP-PREC-04,BUYER-GLOBAL-05,DB Schenker,1,85687.43,84342.04,-0.0157,0.8878,818.03,646.03,0,0,14,21,0,4,0,1,NORMAL,0
INV-SYN-10095,TXN-SYN-10095,SUPP-NEXUS-02,BUYER-VORTEX-02,DB Schenker,1,53900.31,53565.11,-0.0062,0.6302,456.84,309.5,0,0,14,22,0,15,1,0,NORMAL,0
INV-SYN-10096,TXN-SYN-10096,SUPP-TITAN-03,BUYER-OMEGA-01,Kuehne+Nagel Logistics,1,300728.42,300075.43,-0.0022,1.0717,823.1,773.51,1,0,27,24,0,15,0,0,NORMAL,0
INV-SYN-10097,TXN-SYN-10097,SUPP-GLOBAL-01,BUYER-GLOBAL-05,FedEx International,1,127831.66,128183.81,0.0028,1.0682,568.19,432.53,0,0,13,22,0,3,0,1,NORMAL,0
INV-SYN-10098,TXN-SYN-10098,SUPP-SUSP-06,BUYER-QUICK-04,None,0,250000.0,250000.0,0.0,0.641,31.52,15.4,6,5,3,8,1,1,0,1,OFF_HOURS_ROUND_SUM,1
INV-SYN-10099,TXN-SYN-10099,SUPP-TITAN-03,BUYER-GLOBAL-05,DB Schenker,1,263578.9,265766.17,0.0083,0.9492,548.32,386.9,1,0,28,23,0,13,0,0,NORMAL,0
INV-SYN-10100,TXN-SYN-10100,SUPP-GLOBAL-01,BUYER-GLOBAL-05,FedEx International,1,77538.88,76776.07,-0.0098,0.6398,362.6,257.4,0,0,14,24,0,14,1,0,NORMAL,0
INV-SYN-10101,TXN-SYN-10101,SUPP-PACIFIC-08,BUYER-OMEGA-01,FedEx International,1,67112.9,65878.96,-0.0184,0.8784,765.34,662.81,0,0,14,25,0,10,0,0,NORMAL,0
INV-SYN-10102,TXN-SYN-10102,SUPP-IND-05,BUYER-APEX-06,DB Schenker,1,146291.42,144736.81,-0.0106,0.9046,450.65,287.13,1,0,15,20,0,22,0,0,NORMAL,0
INV-SYN-10103,TXN-SYN-10103,SUPP-PREC-04,BUYER-VORTEX-02,DHL Global Express,1,75945.91,76255.05,0.0041,0.8027,658.33,513.35,0,0,15,23,0,22,0,0,NORMAL,0
INV-SYN-10104,TXN-SYN-10104,SUPP-PACIFIC-08,BUYER-APEX-06,DB Schenker,1,71975.89,72582.18,0.0084,0.9678,453.25,394.83,0,0,15,21,0,7,0,0,NORMAL,0
INV-SYN-10105,TXN-SYN-10105,SUPP-TITAN-03,BUYER-APEX-06,Maersk Ocean Freight,1,308283.56,310601.22,0.0075,1.1093,599.5,511.97,1,0,29,22,0,7,0,0,NORMAL,0
INV-SYN-10106,TXN-SYN-10106,SUPP-GLOBAL-01,BUYER-OMEGA-01,FedEx International,1,176585.58,174915.65,-0.0095,1.4576,517.31,409.35,0,0,15,26,0,13,0,0,NORMAL,0
INV-SYN-10107,TXN-SYN-10107,SUPP-TITAN-03,BUYER-VORTEX-02,DHL Global Express,1,292220.45,289932.53,-0.0078,1.0355,582.95,435.52,1,0,30,24,0,21,1,0,NORMAL,0
INV-SYN-10108,TXN-SYN-10108,SUPP-PACIFIC-08,BUYER-OMEGA-01,Kuehne+Nagel Logistics,1,79829.07,79508.35,-0.004,1.0601,481.67,383.15,0,0,16,27,0,7,0,0,NORMAL,0
INV-SYN-10109,TXN-SYN-10109,SUPP-NEXUS-02,BUYER-VORTEX-02,DB Schenker,1,83418.02,82710.18,-0.0085,0.9731,587.84,498.69,0,0,15,25,0,17,1,0,NORMAL,0
INV-SYN-10110,TXN-SYN-10110,SUPP-PREC-04,BUYER-GLOBAL-05,DHL Global Express,1,49429.18,48790.78,-0.0129,0.5136,822.99,683.62,0,0,16,25,0,16,0,0,NORMAL,0
INV-SYN-10111,TXN-SYN-10111,SUPP-PHANTOM-07,BUYER-QUICK-04,Kuehne+Nagel Logistics,1,447017.19,1026050.41,1.2953,2.2801,209.97,145.06,8,5,2,9,0,18,0,0,AMOUNT_INFLATION,1
INV-SYN-10112,TXN-SYN-10112,SUPP-PHANTOM-07,BUYER-STEEL-03,None,0,786149.27,786149.27,0.0,1.747,4.56,-1.0,8,1,3,5,0,9,0,0,RAPID_GHOST_SETTLEMENT,1
INV-SYN-10113,TXN-SYN-10113,SUPP-PACIFIC-08,BUYER-OMEGA-01,Maersk Ocean Freight,1,121185.79,121164.76,-0.0002,1.6155,580.65,473.99,0,0,17,28,0,8,0,0,NORMAL,0
INV-SYN-10114,TXN-SYN-10114,SUPP-IND-05,BUYER-APEX-06,DB Schenker,1,152305.56,152373.41,0.0004,0.9523,802.0,716.61,1,0,16,23,0,9,0,0,NORMAL,0
INV-SYN-10115,TXN-SYN-10115,SUPP-PACIFIC-08,BUYER-GLOBAL-05,Maersk Ocean Freight,1,80654.01,81307.33,0.0081,1.0841,982.15,834.17,0,0,18,26,0,5,0,1,NORMAL,0
INV-SYN-10116,TXN-SYN-10116,SUPP-IND-05,BUYER-OMEGA-01,Maersk Ocean Freight,1,158611.53,157868.07,-0.0047,0.9867,445.68,277.45,1,0,17,29,0,2,0,1,NORMAL,0
INV-SYN-10117,TXN-SYN-10117,SUPP-IND-05,BUYER-OMEGA-01,DHL Global Express,1,113252.88,112890.57,-0.0032,0.7056,945.43,756.75,1,0,18,30,0,4,0,1,NORMAL,0
INV-SYN-10118,TXN-SYN-10118,SUPP-GLOBAL-01,BUYER-VORTEX-02,Kuehne+Nagel Logistics,1,154284.68,153930.58,-0.0023,1.2828,617.15,483.62,0,0,16,26,0,4,0,1,NORMAL,0
INV-SYN-10119,TXN-SYN-10119,SUPP-PREC-04,BUYER-VORTEX-02,Kuehne+Nagel Logistics,1,112858.41,112209.04,-0.0058,1.1811,811.36,746.0,0,0,17,27,0,21,0,0,NORMAL,0
INV-SYN-10120,TXN-SYN-10120,SUPP-TITAN-03,BUYER-APEX-06,FedEx International,1,335372.24,338700.37,0.0099,1.2096,387.49,246.96,1,0,31,24,0,18,0,0,NORMAL,0
INV-SYN-10121,TXN-SYN-10121,SUPP-PACIFIC-08,BUYER-OMEGA-01,FedEx International,1,57948.99,58328.36,0.0065,0.7777,429.43,290.8,0,0,19,31,0,23,1,1,NORMAL,0
INV-SYN-10122,TXN-SYN-10122,SUPP-PACIFIC-08,BUYER-APEX-06,Kuehne+Nagel Logistics,1,101302.39,101992.0,0.0068,1.3599,758.43,613.95,0,0,20,25,0,10,0,0,NORMAL,0
INV-SYN-10123,TXN-SYN-10123,SUPP-PREC-04,BUYER-APEX-06,FedEx International,1,61706.04,61305.04,-0.0065,0.6453,586.29,494.86,0,0,18,26,0,20,0,0,NORMAL,0
INV-SYN-10124,TXN-SYN-10124,SUPP-GLOBAL-01,BUYER-APEX-06,Kuehne+Nagel Logistics,1,137605.71,135830.94,-0.0129,1.1319,910.21,795.94,0,0,17,27,0,12,0,0,NORMAL,0
INV-SYN-10125,TXN-SYN-10125,SUPP-IND-05,BUYER-GLOBAL-05,Maersk Ocean Freight,1,247618.23,242947.15,-0.0189,1.5184,419.29,307.9,1,0,19,27,0,20,0,0,NORMAL,0
INV-SYN-10126,TXN-SYN-10126,SUPP-PREC-04,BUYER-OMEGA-01,Maersk Ocean Freight,1,71474.76,71613.33,0.0019,0.7538,708.4,518.96,0,0,19,32,0,13,0,0,NORMAL,0
INV-SYN-10127,TXN-SYN-10127,SUPP-GLOBAL-01,BUYER-OMEGA-01,DHL Global Express,1,103011.07,102899.81,-0.0011,0.8575,789.99,650.44,0,0,18,33,0,16,1,0,NORMAL,0
INV-SYN-10128,TXN-SYN-10128,SUPP-IND-05,BUYER-GLOBAL-05,DHL Global Express,1,163986.05,165151.59,0.0071,1.0322,640.79,521.32,1,0,20,28,0,1,0,1,NORMAL,0
INV-SYN-10129,TXN-SYN-10129,SUPP-IND-05,BUYER-APEX-06,Maersk Ocean Freight,1,139860.97,138454.73,-0.0101,0.8653,504.58,413.53,1,0,21,28,0,7,0,0,NORMAL,0
INV-SYN-10130,TXN-SYN-10130,SUPP-GLOBAL-01,BUYER-GLOBAL-05,Kuehne+Nagel Logistics,1,73480.1,73253.13,-0.0031,0.6104,632.47,586.88,0,0,19,29,0,6,0,0,NORMAL,0
INV-SYN-10131,TXN-SYN-10131,SUPP-IND-05,BUYER-OMEGA-01,DHL Global Express,1,162742.52,160912.09,-0.0112,1.0057,563.12,412.09,1,0,22,34,0,5,0,1,NORMAL,0
INV-SYN-10132,TXN-SYN-10132,SUPP-GLOBAL-01,BUYER-VORTEX-02,FedEx International,1,88130.89,88619.43,0.0055,0.7385,688.82,609.48,0,0,20,28,0,1,0,1,NORMAL,0
INV-SYN-10133,TXN-SYN-10133,SUPP-SUSP-06,BUYER-STEEL-03,None,0,681047.96,681047.96,0.0,1.7463,2.16,-1.0,6,1,4,6,0,11,1,0,RAPID_GHOST_SETTLEMENT,1
INV-SYN-10134,TXN-SYN-10134,SUPP-NEXUS-02,BUYER-GLOBAL-05,DB Schenker,1,65462.24,64616.85,-0.0129,0.7602,821.41,757.21,0,0,16,30,0,2,0,1,NORMAL,0
INV-SYN-10135,TXN-SYN-10135,SUPP-TITAN-03,BUYER-OMEGA-01,Kuehne+Nagel Logistics,1,388495.41,387666.49,-0.0021,1.3845,855.85,691.66,1,0,32,35,0,8,0,0,NORMAL,0
INV-SYN-10136,TXN-SYN-10136,SUPP-PREC-04,BUYER-APEX-06,FedEx International,1,76397.73,75878.65,-0.0068,0.7987,722.12,586.65,0,0,20,29,0,21,1,0,NORMAL,0
INV-SYN-10137,TXN-SYN-10137,SUPP-GLOBAL-01,BUYER-STEEL-03,Maersk Ocean Freight,1,196304.97,225750.72,0.15,1.8813,231.31,161.58,0,1,21,7,0,8,1,0,SERIAL_COUNTERPARTY_SPIKE,1
INV-SYN-10138,TXN-SYN-10138,SUPP-IND-05,BUYER-VORTEX-02,FedEx International,1,192540.69,192765.62,0.0012,1.2048,668.3,558.27,1,0,23,29,0,6,0,0,NORMAL,0
INV-SYN-10139,TXN-SYN-10139,SUPP-PREC-04,BUYER-OMEGA-01,Maersk Ocean Freight,1,65766.97,66024.73,0.0039,0.695,912.65,817.06,0,0,21,36,0,7,0,0,NORMAL,0
INV-SYN-10140,TXN-SYN-10140,SUPP-PACIFIC-08,BUYER-OMEGA-01,Kuehne+Nagel Logistics,1,79264.87,78942.96,-0.0041,1.0526,697.49,606.29,0,0,21,37,0,23,1,1,NORMAL,0
INV-SYN-10141,TXN-SYN-10141,SUPP-PACIFIC-08,BUYER-GLOBAL-05,DB Schenker,1,99508.93,98316.08,-0.012,1.3109,526.02,474.69,0,0,22,31,0,3,0,1,NORMAL,0
INV-SYN-10142,TXN-SYN-10142,SUPP-PACIFIC-08,BUYER-VORTEX-02,Maersk Ocean Freight,1,44859.69,44754.8,-0.0023,0.5967,713.04,646.63,0,0,23,30,0,13,0,0,NORMAL,0
INV-SYN-10143,TXN-SYN-10143,SUPP-NEXUS-02,BUYER-GLOBAL-05,DHL Global Express,1,88923.47,88939.84,0.0002,1.0464,652.49,486.75,0,0,17,32,0,5,0,1,NORMAL,0
INV-SYN-10144,TXN-SYN-10144,SUPP-IND-05,BUYER-OMEGA-01,Maersk Ocean Freight,1,170395.31,168784.31,-0.0095,1.0549,504.99,355.85,1,0,24,38,0,13,0,0,NORMAL,0
INV-SYN-10145,TXN-SYN-10145,SUPP-GLOBAL-01,BUYER-OMEGA-01,FedEx International,1,143454.69,143142.56,-0.0022,1.1929,985.75,810.29,0,0,22,39,0,2,0,1,NORMAL,0
INV-SYN-10146,TXN-SYN-10146,SUPP-PACIFIC-08,BUYER-OMEGA-01,FedEx International,1,51807.17,50957.5,-0.0164,0.6794,635.18,465.58,0,0,24,40,0,3,1,1,NORMAL,0
INV-SYN-10147,TXN-SYN-10147,SUPP-PACIFIC-08,BUYER-VORTEX-02,Kuehne+Nagel Logistics,1,50241.44,50285.13,0.0009,0.6705,711.81,636.29,0,0,25,31,0,19,0,0,NORMAL,0
INV-SYN-10148,TXN-SYN-10148,SUPP-GLOBAL-01,BUYER-APEX-06,Maersk Ocean Freight,1,135658.25,134069.9,-0.0117,1.1172,497.01,394.4,0,0,23,30,0,7,0,0,NORMAL,0
INV-SYN-10149,TXN-SYN-10149,SUPP-GLOBAL-01,BUYER-GLOBAL-05,DHL Global Express,1,128909.54,127811.74,-0.0085,1.0651,482.84,394.94,0,0,24,33,0,2,0,1,NORMAL,0
INV-SYN-10150,TXN-SYN-10150,SUPP-TITAN-03,BUYER-VORTEX-02,DB Schenker,1,297534.5,295972.94,-0.0052,1.057,656.44,475.58,1,0,33,32,0,14,0,0,NORMAL,0
INV-SYN-10151,TXN-SYN-10151,SUPP-TITAN-03,BUYER-QUICK-04,DHL Global Express,1,304251.37,730051.35,1.3995,2.6073,249.23,132.55,1,5,34,10,0,15,0,0,AMOUNT_INFLATION,1
INV-SYN-10152,TXN-SYN-10152,SUPP-GLOBAL-01,BUYER-GLOBAL-05,DHL Global Express,1,99599.26,97663.34,-0.0194,0.8139,913.38,799.74,0,0,25,34,0,2,1,1,NORMAL,0
INV-SYN-10153,TXN-SYN-10153,SUPP-PACIFIC-08,BUYER-APEX-06,DB Schenker,1,79354.76,79434.25,0.001,1.0591,419.34,242.22,0,0,26,31,0,16,0,0,NORMAL,0
INV-SYN-10154,TXN-SYN-10154,SUPP-PACIFIC-08,BUYER-APEX-06,DHL Global Express,1,80495.11,79860.6,-0.0079,1.0648,713.61,564.08,0,0,27,32,0,6,0,0,NORMAL,0
INV-SYN-10155,TXN-SYN-10155,SUPP-GLOBAL-01,BUYER-APEX-06,DB Schenker,1,98569.46,99016.9,0.0045,0.8251,672.38,561.18,0,0,26,33,0,14,1,0,NORMAL,0
INV-SYN-10156,TXN-SYN-10156,SUPP-TITAN-03,BUYER-GLOBAL-05,DHL Global Express,1,410604.22,407326.96,-0.008,1.4547,593.85,459.21,1,0,35,35,0,6,0,0,NORMAL,0
INV-SYN-10157,TXN-SYN-10157,SUPP-TITAN-03,BUYER-OMEGA-01,FedEx International,1,313168.3,314049.43,0.0028,1.1216,427.2,345.97,1,0,36,41,0,8,1,0,NORMAL,0
INV-SYN-10158,TXN-SYN-10158,SUPP-GLOBAL-01,BUYER-APEX-06,DHL Global Express,1,84260.9,83331.17,-0.011,0.6944,715.23,618.37,0,0,27,34,0,22,0,0,NORMAL,0
INV-SYN-10159,TXN-SYN-10159,SUPP-TITAN-03,BUYER-APEX-06,FedEx International,1,325958.75,325627.49,-0.001,1.163,412.13,261.42,1,0,37,35,0,7,0,0,NORMAL,0
INV-SYN-10160,TXN-SYN-10160,SUPP-GLOBAL-01,BUYER-VORTEX-02,Maersk Ocean Freight,1,90759.55,89115.87,-0.0181,0.7426,660.14,539.81,0,0,28,33,0,0,0,1,NORMAL,0
INV-SYN-10161,TXN-SYN-10161,SUPP-PREC-04,BUYER-OMEGA-01,DHL Global Express,1,113693.26,111610.59,-0.0183,1.1748,642.2,483.3,0,0,22,42,0,2,0,1,NORMAL,0
INV-SYN-10162,TXN-SYN-10162,SUPP-NEXUS-02,BUYER-APEX-06,DB Schenker,1,109620.16,110289.5,0.0061,1.2975,499.49,379.79,0,0,18,36,0,19,1,0,NORMAL,0
INV-SYN-10163,TXN-SYN-10163,SUPP-GLOBAL-01,BUYER-OMEGA-01,DB Schenker,1,95379.53,94870.86,-0.0053,0.7906,306.45,267.48,0,0,29,43,0,6,1,0,NORMAL,0
INV-SYN-10164,TXN-SYN-10164,SUPP-PACIFIC-08,BUYER-VORTEX-02,DHL Global Express,1,93063.3,92968.36,-0.001,1.2396,690.84,513.71,0,0,28,34,0,21,0,0,NORMAL,0
INV-SYN-10165,TXN-SYN-10165,SUPP-NEXUS-02,BUYER-OMEGA-01,DB Schenker,1,93771.59,92195.28,-0.0168,1.0847,485.9,372.34,0,0,19,44,0,4,0,1,NORMAL,0
INV-SYN-10166,TXN-SYN-10166,SUPP-NEXUS-02,BUYER-APEX-06,Kuehne+Nagel Logistics,1,102468.78,102989.0,0.0051,1.2116,585.66,434.54,0,0,20,37,0,21,1,0,NORMAL,0
INV-SYN-10167,TXN-SYN-10167,SUPP-PACIFIC-08,BUYER-VORTEX-02,DHL Global Express,1,110564.87,111553.41,0.0089,1.4874,665.12,595.85,0,0,29,35,0,16,0,0,NORMAL,0
INV-SYN-10168,TXN-SYN-10168,SUPP-TITAN-03,BUYER-OMEGA-01,Maersk Ocean Freight,1,262822.83,258679.98,-0.0158,0.9239,672.81,572.04,1,0,38,45,0,13,0,0,NORMAL,0
INV-SYN-10169,TXN-SYN-10169,SUPP-PREC-04,BUYER-VORTEX-02,DB Schenker,1,77098.77,75650.93,-0.0188,0.7963,517.27,465.68,0,0,23,36,0,18,1,0,NORMAL,0
INV-SYN-10170,TXN-SYN-10170,SUPP-NEXUS-02,BUYER-OMEGA-01,DHL Global Express,1,66097.82,64935.93,-0.0176,0.764,701.17,664.04,0,0,21,46,0,13,0,0,NORMAL,0
INV-SYN-10171,TXN-SYN-10171,SUPP-IND-05,BUYER-GLOBAL-05,FedEx International,1,127367.59,127905.38,0.0042,0.7994,520.22,363.7,1,0,25,36,0,18,0,0,NORMAL,0
INV-SYN-10172,TXN-SYN-10172,SUPP-PACIFIC-08,BUYER-GLOBAL-05,DB Schenker,1,73554.34,72992.45,-0.0076,0.9732,837.35,655.0,0,0,30,37,0,16,0,0,NORMAL,0
INV-SYN-10173,TXN-SYN-10173,SUPP-IND-05,BUYER-VORTEX-02,Maersk Ocean Freight,1,173646.08,173361.56,-0.0016,1.0835,498.44,448.71,1,0,26,37,0,9,0,0,NORMAL,0
INV-SYN-10174,TXN-SYN-10174,SUPP-GLOBAL-01,BUYER-VORTEX-02,DB Schenker,1,128300.72,129532.16,0.0096,1.0794,645.52,457.14,0,0,30,38,0,20,1,0,NORMAL,0
INV-SYN-10175,TXN-SYN-10175,SUPP-IND-05,BUYER-VORTEX-02,DHL Global Express,1,193087.33,192854.45,-0.0012,1.2053,424.7,356.23,1,0,27,39,0,16,0,0,NORMAL,0
INV-SYN-10176,TXN-SYN-10176,SUPP-NEXUS-02,BUYER-APEX-06,DHL Global Express,1,85276.29,83979.48,-0.0152,0.988,806.85,626.92,0,0,22,38,0,14,0,0,NORMAL,0
INV-SYN-10177,TXN-SYN-10177,SUPP-TITAN-03,BUYER-VORTEX-02,Kuehne+Nagel Logistics,1,381747.39,377940.93,-0.01,1.3498,427.59,265.99,1,0,39,40,0,20,0,0,NORMAL,0
INV-SYN-10178,TXN-SYN-10178,SUPP-IND-05,BUYER-STEEL-03,Kuehne+Nagel Logistics,1,149413.73,213884.02,0.4315,1.3368,403.96,333.37,1,1,28,8,0,2,0,1,AMOUNT_INFLATION,1
INV-SYN-10179,TXN-SYN-10179,SUPP-TITAN-03,BUYER-APEX-06,DHL Global Express,1,470411.84,470555.59,0.0003,1.6806,522.49,435.68,1,0,40,39,0,10,1,0,NORMAL,0
INV-SYN-10180,TXN-SYN-10180,SUPP-GLOBAL-01,BUYER-VORTEX-02,FedEx International,1,138770.02,139616.04,0.0061,1.1635,378.7,284.12,0,0,31,41,0,11,0,0,NORMAL,0
INV-SYN-10181,TXN-SYN-10181,SUPP-IND-05,BUYER-APEX-06,DB Schenker,1,125713.7,124843.25,-0.0069,0.7803,582.72,512.99,1,0,29,40,0,22,1,0,NORMAL,0
INV-SYN-10182,TXN-SYN-10182,SUPP-PREC-04,BUYER-GLOBAL-05,Maersk Ocean Freight,1,69566.3,69677.23,0.0016,0.7334,495.92,361.33,0,0,24,38,0,15,1,0,NORMAL,0
INV-SYN-10183,TXN-SYN-10183,SUPP-NEXUS-02,BUYER-OMEGA-01,Kuehne+Nagel Logistics,1,95252.54,93517.95,-0.0182,1.1002,572.44,515.15,0,0,23,47,0,23,0,1,NORMAL,0
INV-SYN-10184,TXN-SYN-10184,SUPP-SUSP-06,BUYER-QUICK-04,None,0,554043.65,554043.65,0.0,1.4206,2.99,-1.0,6,5,5,11,0,10,1,0,RAPID_GHOST_SETTLEMENT,1
INV-SYN-10185,TXN-SYN-10185,SUPP-NEXUS-02,BUYER-OMEGA-01,FedEx International,1,100172.51,99737.07,-0.0043,1.1734,765.45,594.95,0,0,24,48,0,13,0,0,NORMAL,0
INV-SYN-10186,TXN-SYN-10186,SUPP-PREC-04,BUYER-GLOBAL-05,FedEx International,1,106239.39,105479.07,-0.0072,1.1103,608.5,436.38,0,0,25,39,0,12,0,0,NORMAL,0
INV-SYN-10187,TXN-SYN-10187,SUPP-IND-05,BUYER-VORTEX-02,DB Schenker,1,157086.84,156733.89,-0.0022,0.9796,838.19,778.95,1,0,30,42,0,20,0,0,NORMAL,0
INV-SYN-10188,TXN-SYN-10188,SUPP-PREC-04,BUYER-OMEGA-01,DHL Global Express,1,74888.65,74448.27,-0.0059,0.7837,651.32,495.42,0,0,26,49,0,2,0,1,NORMAL,0
INV-SYN-10189,TXN-SYN-10189,SUPP-PREC-04,BUYER-APEX-06,Kuehne+Nagel Logistics,1,59022.38,59075.48,0.0009,0.6218,435.59,384.31,0,0,27,41,0,17,0,0,NORMAL,0
INV-SYN-10190,TXN-SYN-10190,SUPP-IND-05,BUYER-OMEGA-01,Maersk Ocean Freight,1,142139.4,141030.51,-0.0078,0.8814,487.48,417.47,1,0,31,50,0,22,0,0,NORMAL,0
INV-SYN-10191,TXN-SYN-10191,SUPP-PACIFIC-08,BUYER-OMEGA-01,Kuehne+Nagel Logistics,1,91057.48,91063.95,0.0001,1.2142,815.99,754.75,0,0,31,51,0,22,0,0,NORMAL,0
INV-SYN-10192,TXN-SYN-10192,SUPP-PACIFIC-08,BUYER-OMEGA-01,Kuehne+Nagel Logistics,1,79014.26,78533.29,-0.0061,1.0471,408.59,350.97,0,0,32,52,0,15,0,0,NORMAL,0
INV-SYN-10193,TXN-SYN-10193,SUPP-TITAN-03,BUYER-APEX-06,Kuehne+Nagel Logistics,1,192798.29,188950.21,-0.02,0.6748,909.92,776.06,1,0,41,42,0,8,0,0,NORMAL,0
INV-SYN-10194,TXN-SYN-10194,SUPP-TITAN-03,BUYER-OMEGA-01,DB Schenker,1,292122.66,292878.28,0.0026,1.046,710.36,565.46,1,0,42,53,0,2,0,1,NORMAL,0
INV-SYN-10195,TXN-SYN-10195,SUPP-NEXUS-02,BUYER-OMEGA-01,DB Schenker,1,93187.99,92262.71,-0.0099,1.0854,988.62,807.19,0,0,25,54,0,13,0,0,NORMAL,0
INV-SYN-10196,TXN-SYN-10196,SUPP-PACIFIC-08,BUYER-GLOBAL-05,DB Schenker,1,58427.67,57453.62,-0.0167,0.766,357.56,264.52,0,0,33,40,0,17,1,0,NORMAL,0
INV-SYN-10197,TXN-SYN-10197,SUPP-TITAN-03,BUYER-VORTEX-02,FedEx International,1,290760.76,291094.03,0.0011,1.0396,446.52,323.04,1,0,43,43,0,22,1,0,NORMAL,0
INV-SYN-10198,TXN-SYN-10198,SUPP-TITAN-03,BUYER-VORTEX-02,DB Schenker,1,284074.61,283924.38,-0.0005,1.014,913.71,762.68,1,0,44,44,0,19,0,0,NORMAL,0
INV-SYN-10199,TXN-SYN-10199,SUPP-PACIFIC-08,BUYER-VORTEX-02,Maersk Ocean Freight,1,53569.31,53720.73,0.0028,0.7163,628.13,542.14,0,0,34,45,0,5,0,1,NORMAL,0
INV-SYN-10200,TXN-SYN-10200,SUPP-PREC-04,BUYER-GLOBAL-05,DB Schenker,1,103497.45,102585.06,-0.0088,1.0798,662.59,556.01,0,0,28,41,0,8,0,0,NORMAL,0
INV-SYN-10201,TXN-SYN-10201,SUPP-GLOBAL-01,BUYER-APEX-06,Maersk Ocean Freight,1,136823.54,136871.33,0.0003,1.1406,630.31,511.19,0,0,32,43,0,21,1,0,NORMAL,0
INV-SYN-10202,TXN-SYN-10202,SUPP-TITAN-03,BUYER-OMEGA-01,Kuehne+Nagel Logistics,1,355813.59,358133.27,0.0065,1.279,828.39,778.77,1,0,45,55,0,13,1,0,NORMAL,0
INV-SYN-10203,TXN-SYN-10203,SUPP-TITAN-03,BUYER-QUICK-04,None,0,512051.77,512051.77,0.0,1.8288,4.44,-1.0,1,5,46,12,0,0,0,1,RAPID_GHOST_SETTLEMENT,1
INV-SYN-10204,TXN-SYN-10204,SUPP-IND-05,BUYER-OMEGA-01,FedEx International,1,104893.23,105846.42,0.0091,0.6615,644.81,524.34,1,0,32,56,0,12,1,0,NORMAL,0
INV-SYN-10205,TXN-SYN-10205,SUPP-PREC-04,BUYER-APEX-06,DHL Global Express,1,72726.66,71319.0,-0.0194,0.7507,828.57,763.08,0,0,29,44,0,5,0,1,NORMAL,0
INV-SYN-10206,TXN-SYN-10206,SUPP-NEXUS-02,BUYER-GLOBAL-05,Maersk Ocean Freight,1,95944.5,95012.28,-0.0097,1.1178,668.47,531.69,0,0,26,42,0,11,0,0,NORMAL,0
INV-SYN-10207,TXN-SYN-10207,SUPP-PACIFIC-08,BUYER-APEX-06,Maersk Ocean Freight,1,84633.49,84381.07,-0.003,1.1251,519.17,343.04,0,0,35,45,0,6,1,0,NORMAL,0
INV-SYN-10208,TXN-SYN-10208,SUPP-TITAN-03,BUYER-VORTEX-02,DHL Global Express,1,316053.34,318936.29,0.0091,1.1391,485.08,329.0,1,0,47,46,0,0,0,1,NORMAL,0
INV-SYN-10209,TXN-SYN-10209,SUPP-TITAN-03,BUYER-APEX-06,DB Schenker,1,549691.2,548899.04,-0.0014,1.9604,472.23,411.15,1,0,48,46,0,8,1,0,NORMAL,0
INV-SYN-10210,TXN-SYN-10210,SUPP-NEXUS-02,BUYER-VORTEX-02,DB Schenker,1,97131.42,95529.48,-0.0165,1.1239,506.91,315.88,0,0,27,47,0,12,1,0,NORMAL,0
INV-SYN-10211,TXN-SYN-10211,SUPP-TITAN-03,BUYER-GLOBAL-05,Maersk Ocean Freight,1,359489.59,358366.05,-0.0031,1.2799,868.23,826.81,1,0,49,43,0,3,1,1,NORMAL,0
INV-SYN-10212,TXN-SYN-10212,SUPP-NEXUS-02,BUYER-GLOBAL-05,DHL Global Express,1,105272.54,106247.78,0.0093,1.25,911.51,792.26,0,0,28,44,0,11,0,0,NORMAL,0
INV-SYN-10213,TXN-SYN-10213,SUPP-PREC-04,BUYER-APEX-06,FedEx International,1,110470.54,111402.21,0.0084,1.1727,423.32,242.58,0,0,30,47,0,23,0,1,NORMAL,0
INV-SYN-10214,TXN-SYN-10214,SUPP-PACIFIC-08,BUYER-GLOBAL-05,DB Schenker,1,69088.7,68319.52,-0.0111,0.9109,815.91,640.13,0,0,36,45,0,20,0,0,NORMAL,0
INV-SYN-10215,TXN-SYN-10215,SUPP-IND-05,BUYER-APEX-06,DHL Global Express,1,190358.77,187193.0,-0.0166,1.17,434.38,323.65,1,0,33,48,0,7,0,0,NORMAL,0
INV-SYN-10216,TXN-SYN-10216,SUPP-IND-05,BUYER-OMEGA-01,Kuehne+Nagel Logistics,1,129086.99,128060.61,-0.008,0.8004,621.61,454.44,1,0,34,57,0,14,1,0,NORMAL,0
INV-SYN-10217,TXN-SYN-10217,SUPP-TITAN-03,BUYER-OMEGA-01,Maersk Ocean Freight,1,263422.7,259696.45,-0.0141,0.9275,475.55,357.43,1,0,50,58,0,13,0,0,NORMAL,0
INV-SYN-10218,TXN-SYN-10218,SUPP-GLOBAL-01,BUYER-APEX-06,Kuehne+Nagel Logistics,1,105439.09,106359.44,0.0087,0.8863,544.9,356.67,0,0,33,49,0,15,1,0,NORMAL,0
INV-SYN-10219,TXN-SYN-10219,SUPP-TITAN-03,BUYER-OMEGA-01,Kuehne+Nagel Logistics,1,285731.19,283111.59,-0.0092,1.0111,520.86,461.78,1,0,51,59,0,14,0,0,NORMAL,0
INV-SYN-10220,TXN-SYN-10220,SUPP-TITAN-03,BUYER-OMEGA-01,DB Schenker,1,442026.1,437844.82,-0.0095,1.5637,481.05,292.56,1,0,52,60,0,2,0,1,NORMAL,0
INV-SYN-10221,TXN-SYN-10221,SUPP-PACIFIC-08,BUYER-APEX-06,FedEx International,1,39988.78,39687.6,-0.0075,0.5292,828.43,723.4,0,0,37,50,0,6,0,0,NORMAL,0
INV-SYN-10222,TXN-SYN-10222,SUPP-PREC-04,BUYER-APEX-06,FedEx International,1,111298.68,111033.28,-0.0024,1.1688,471.37,421.94,0,0,31,51,0,8,1,0,NORMAL,0
INV-SYN-10223,TXN-SYN-10223,SUPP-IND-05,BUYER-GLOBAL-05,DHL Global Express,1,95491.37,96331.97,0.0088,0.6021,397.93,243.97,1,0,35,46,0,14,1,0,NORMAL,0
INV-SYN-10224,TXN-SYN-10224,SUPP-PACIFIC-08,BUYER-GLOBAL-05,FedEx International,1,66151.28,65931.29,-0.0033,0.8791,506.35,359.55,0,0,38,47,0,6,0,0,NORMAL,0
INV-SYN-10225,TXN-SYN-10225,SUPP-PREC-04,BUYER-GLOBAL-05,DB Schenker,1,120862.58,118598.46,-0.0187,1.2484,587.24,422.35,0,0,32,48,0,21,0,0,NORMAL,0
INV-SYN-10226,TXN-SYN-10226,SUPP-IND-05,BUYER-APEX-06,Maersk Ocean Freight,1,162571.2,163178.66,0.0037,1.0199,873.64,813.62,1,0,36,52,0,23,1,1,NORMAL,0
INV-SYN-10227,TXN-SYN-10227,SUPP-PACIFIC-08,BUYER-APEX-06,FedEx International,1,54792.29,54791.05,-0.0,0.7305,616.01,535.13,0,0,39,53,0,1,0,1,NORMAL,0
INV-SYN-10228,TXN-SYN-10228,SUPP-PACIFIC-08,BUYER-VORTEX-02,DHL Global Express,1,61588.06,61769.22,0.0029,0.8236,712.25,599.33,0,0,40,48,0,8,1,0,NORMAL,0
INV-SYN-10229,TXN-SYN-10229,SUPP-TITAN-03,BUYER-APEX-06,Kuehne+Nagel Logistics,1,327571.84,329553.77,0.0061,1.177,958.52,824.56,1,0,53,54,0,16,0,0,NORMAL,0
INV-SYN-10230,TXN-SYN-10230,SUPP-GLOBAL-01,BUYER-GLOBAL-05,FedEx International,1,98089.0,97820.03,-0.0027,0.8152,756.86,588.99,0,0,34,49,0,15,0,0,NORMAL,0
INV-SYN-10231,TXN-SYN-10231,SUPP-NEXUS-02,BUYER-GLOBAL-05,DHL Global Express,1,89599.75,89671.29,0.0008,1.055,495.35,403.6,0,0,29,50,0,22,1,0,NORMAL,0
INV-SYN-10232,TXN-SYN-10232,SUPP-PREC-04,BUYER-GLOBAL-05,DHL Global Express,1,96082.33,95001.4,-0.0113,1.0,684.0,548.32,0,0,33,51,0,3,0,1,NORMAL,0
INV-SYN-10233,TXN-SYN-10233,SUPP-PACIFIC-08,BUYER-VORTEX-02,Maersk Ocean Freight,1,62782.49,62654.59,-0.002,0.8354,825.54,763.47,0,0,41,49,0,15,0,0,NORMAL,0
INV-SYN-10234,TXN-SYN-10234,SUPP-PACIFIC-08,BUYER-GLOBAL-05,DB Schenker,1,115198.95,115307.12,0.0009,1.5374,680.58,588.03,0,0,42,52,0,6,0,0,NORMAL,0
INV-SYN-10235,TXN-SYN-10235,SUPP-NEXUS-02,BUYER-OMEGA-01,Kuehne+Nagel Logistics,1,98470.78,97332.71,-0.0116,1.1451,601.68,444.19,0,0,30,61,0,8,0,0,NORMAL,0
INV-SYN-10236,TXN-SYN-10236,SUPP-NEXUS-02,BUYER-OMEGA-01,DB Schenker,1,41965.72,41760.15,-0.0049,0.4913,773.78,608.06,0,0,31,62,0,5,1,1,NORMAL,0
INV-SYN-10237,TXN-SYN-10237,SUPP-IND-05,BUYER-OMEGA-01,FedEx International,1,167458.17,168710.91,0.0075,1.0544,848.23,794.05,1,0,37,63,0,1,0,1,NORMAL,0
INV-SYN-10238,TXN-SYN-10238,SUPP-PREC-04,BUYER-GLOBAL-05,DB Schenker,1,79282.57,78559.28,-0.0091,0.8269,717.33,553.87,0,0,34,53,0,11,0,0,NORMAL,0
INV-SYN-10239,TXN-SYN-10239,SUPP-TITAN-03,BUYER-VORTEX-02,FedEx International,1,339670.33,333169.99,-0.0191,1.1899,480.3,317.23,1,0,54,50,0,16,1,0,NORMAL,0
INV-SYN-10240,TXN-SYN-10240,SUPP-PACIFIC-08,BUYER-VORTEX-02,DHL Global Express,1,60140.24,59492.1,-0.0108,0.7932,563.62,494.88,0,0,43,51,0,8,1,0,NORMAL,0
INV-SYN-10241,TXN-SYN-10241,SUPP-GLOBAL-01,BUYER-OMEGA-01,FedEx International,1,116557.91,115920.06,-0.0055,0.966,407.97,304.69,0,0,35,64,0,11,0,0,NORMAL,0
INV-SYN-10242,TXN-SYN-10242,SUPP-PACIFIC-08,BUYER-OMEGA-01,Maersk Ocean Freight,1,84468.51,85081.4,0.0073,1.1344,683.3,640.55,0,0,44,65,0,2,0,1,NORMAL,0
INV-SYN-10243,TXN-SYN-10243,SUPP-GLOBAL-01,BUYER-OMEGA-01,FedEx International,1,145972.66,143952.7,-0.0138,1.1996,818.94,642.36,0,0,36,66,0,7,0,0,NORMAL,0
INV-SYN-10244,TXN-SYN-10244,SUPP-GLOBAL-01,BUYER-OMEGA-01,DB Schenker,1,83991.11,84191.51,0.0024,0.7016,527.97,448.7,0,0,37,67,0,22,0,0,NORMAL,0
INV-SYN-10245,TXN-SYN-10245,SUPP-NEXUS-02,BUYER-VORTEX-02,DHL Global Express,1,77891.85,76493.7,-0.0179,0.8999,721.16,557.3,0,0,32,52,0,0,0,1,NORMAL,0
INV-SYN-10246,TXN-SYN-10246,SUPP-SUSP-06,BUYER-STEEL-03,Kuehne+Nagel Logistics,1,343692.83,829285.06,1.4129,2.1264,388.29,251.93,6,1,6,9,0,5,1,1,AMOUNT_INFLATION,1
INV-SYN-10247,TXN-SYN-10247,SUPP-IND-05,BUYER-VORTEX-02,Maersk Ocean Freight,1,133866.83,135035.81,0.0087,0.844,892.99,828.78,1,0,38,53,0,23,0,1,NORMAL,0
INV-SYN-10248,TXN-SYN-10248,SUPP-PREC-04,BUYER-VORTEX-02,Maersk Ocean Freight,1,136929.54,135865.23,-0.0078,1.4302,468.95,314.17,0,0,35,54,0,13,1,0,NORMAL,0
INV-SYN-10249,TXN-SYN-10249,SUPP-GLOBAL-01,BUYER-VORTEX-02,DHL Global Express,1,132149.45,130938.63,-0.0092,1.0912,370.32,289.35,0,0,38,55,0,12,1,0,NORMAL,0
INV-SYN-10250,TXN-SYN-10250,SUPP-PREC-04,BUYER-OMEGA-01,Kuehne+Nagel Logistics,1,65054.01,64644.71,-0.0063,0.6805,526.37,375.52,0,0,36,68,0,1,0,1,NORMAL,0
INV-SYN-10251,TXN-SYN-10251,SUPP-PREC-04,BUYER-GLOBAL-05,Kuehne+Nagel Logistics,1,116799.22,115962.8,-0.0072,1.2207,973.11,803.45,0,0,37,54,0,18,0,0,NORMAL,0
INV-SYN-10252,TXN-SYN-10252,SUPP-TITAN-03,BUYER-VORTEX-02,Kuehne+Nagel Logistics,1,428550.93,428647.25,0.0002,1.5309,643.68,502.84,1,0,55,56,0,1,0,1,NORMAL,0
INV-SYN-10253,TXN-SYN-10253,SUPP-PACIFIC-08,BUYER-OMEGA-01,DHL Global Express,1,94358.72,93589.16,-0.0082,1.2479,829.29,684.86,0,0,45,69,0,6,0,0,NORMAL,0
INV-SYN-10254,TXN-SYN-10254,SUPP-NEXUS-02,BUYER-OMEGA-01,Kuehne+Nagel Logistics,1,52713.39,51973.96,-0.014,0.6115,380.9,313.66,0,0,33,70,0,14,0,0,NORMAL,0
INV-SYN-10255,TXN-SYN-10255,SUPP-PREC-04,BUYER-APEX-06,Maersk Ocean Freight,1,83499.44,83616.74,0.0014,0.8802,820.56,693.78,0,0,38,55,0,22,0,0,NORMAL,0
INV-SYN-10256,TXN-SYN-10256,SUPP-PACIFIC-08,BUYER-APEX-06,Kuehne+Nagel Logistics,1,98754.58,98754.61,0.0,1.3167,731.07,546.85,0,0,46,56,0,2,0,1,NORMAL,0
INV-SYN-10257,TXN-SYN-10257,SUPP-NEXUS-02,BUYER-APEX-06,FedEx International,1,69962.02,69088.94,-0.0125,0.8128,371.41,257.83,0,0,34,57,0,3,1,1,NORMAL,0
INV-SYN-10258,TXN-SYN-10258,SUPP-PACIFIC-08,BUYER-OMEGA-01,FedEx International,1,83321.61,82900.34,-0.0051,1.1053,509.75,469.58,0,0,47,71,0,22,0,0,NORMAL,0
INV-SYN-10259,TXN-SYN-10259,SUPP-PACIFIC-08,BUYER-GLOBAL-05,DHL Global Express,1,89524.39,89404.34,-0.0013,1.1921,687.68,636.65,0,0,48,55,0,11,0,0,NORMAL,0
INV-SYN-10260,TXN-SYN-10260,SUPP-IND-05,BUYER-APEX-06,Kuehne+Nagel Logistics,1,122922.78,121208.98,-0.0139,0.7576,682.16,542.88,1,0,39,58,0,19,0,0,NORMAL,0
INV-SYN-10261,TXN-SYN-10261,SUPP-IND-05,BUYER-GLOBAL-05,DHL Global Express,1,157618.99,157022.54,-0.0038,0.9814,873.18,834.43,1,0,40,56,0,20,1,0,NORMAL,0
INV-SYN-10262,TXN-SYN-10262,SUPP-GLOBAL-01,BUYER-APEX-06,DHL Global Express,1,22761.98,22889.13,0.0056,0.1907,364.75,259.72,0,0,39,59,0,14,0,0,NORMAL,0
INV-SYN-10263,TXN-SYN-10263,SUPP-IND-05,BUYER-GLOBAL-05,Maersk Ocean Freight,1,119024.49,117230.12,-0.0151,0.7327,772.62,669.43,1,0,41,57,0,6,0,0,NORMAL,0
INV-SYN-10264,TXN-SYN-10264,SUPP-PREC-04,BUYER-OMEGA-01,DB Schenker,1,89001.51,88531.28,-0.0053,0.9319,705.72,583.33,0,0,39,72,0,22,0,0,NORMAL,0
INV-SYN-10265,TXN-SYN-10265,SUPP-PREC-04,BUYER-VORTEX-02,Kuehne+Nagel Logistics,1,65365.15,64825.33,-0.0083,0.6824,723.34,610.16,0,0,40,57,0,1,1,1,NORMAL,0
INV-SYN-10266,TXN-SYN-10266,SUPP-SUSP-06,BUYER-STEEL-03,None,0,925803.7,925803.7,0.0,2.3739,2.07,-1.0,6,1,7,10,0,6,1,0,RAPID_GHOST_SETTLEMENT,1
INV-SYN-10267,TXN-SYN-10267,SUPP-PACIFIC-08,BUYER-OMEGA-01,Kuehne+Nagel Logistics,1,48184.85,48124.84,-0.0012,0.6417,542.46,447.09,0,0,49,73,0,3,0,1,NORMAL,0
INV-SYN-10268,TXN-SYN-10268,SUPP-TITAN-03,BUYER-APEX-06,Maersk Ocean Freight,1,249196.89,249156.32,-0.0002,0.8898,670.15,595.52,1,0,56,60,0,22,0,0,NORMAL,0
INV-SYN-10269,TXN-SYN-10269,SUPP-PACIFIC-08,BUYER-OMEGA-01,DB Schenker,1,77451.39,76168.34,-0.0166,1.0156,498.16,435.67,0,0,50,74,0,7,0,0,NORMAL,0
INV-SYN-10270,TXN-SYN-10270,SUPP-PHANTOM-07,BUYER-QUICK-04,Maersk Ocean Freight,1,1170168.41,1345693.67,0.15,2.9904,137.57,77.31,8,5,4,13,0,0,1,1,SERIAL_COUNTERPARTY_SPIKE,1
INV-SYN-10271,TXN-SYN-10271,SUPP-IND-05,BUYER-OMEGA-01,Maersk Ocean Freight,1,102565.51,100822.07,-0.017,0.6301,679.36,538.04,1,0,42,75,0,3,1,1,NORMAL,0
INV-SYN-10272,TXN-SYN-10272,SUPP-PACIFIC-08,BUYER-GLOBAL-05,FedEx International,1,96809.32,95743.03,-0.011,1.2766,725.4,538.17,0,0,51,58,0,12,0,0,NORMAL,0
INV-SYN-10273,TXN-SYN-10273,SUPP-GLOBAL-01,BUYER-VORTEX-02,Kuehne+Nagel Logistics,1,120306.99,118072.4,-0.0186,0.9839,914.17,722.76,0,0,40,58,0,14,1,0,NORMAL,0
INV-SYN-10274,TXN-SYN-10274,SUPP-IND-05,BUYER-OMEGA-01,Maersk Ocean Freight,1,120739.65,120419.18,-0.0027,0.7526,408.69,280.36,1,0,43,76,0,22,0,0,NORMAL,0
INV-SYN-10275,TXN-SYN-10275,SUPP-IND-05,BUYER-APEX-06,Maersk Ocean Freight,1,178484.14,176774.17,-0.0096,1.1048,590.74,542.78,1,0,44,61,0,14,1,0,NORMAL,0
INV-SYN-10276,TXN-SYN-10276,SUPP-TITAN-03,BUYER-APEX-06,Maersk Ocean Freight,1,293934.18,290818.65,-0.0106,1.0386,715.61,614.98,1,0,57,62,0,10,1,0,NORMAL,0
INV-SYN-10277,TXN-SYN-10277,SUPP-PREC-04,BUYER-VORTEX-02,FedEx International,1,80744.85,80650.81,-0.0012,0.849,702.64,586.11,0,0,41,59,0,7,0,0,NORMAL,0
INV-SYN-10278,TXN-SYN-10278,SUPP-NEXUS-02,BUYER-APEX-06,Kuehne+Nagel Logistics,1,86483.29,86408.72,-0.0009,1.0166,962.98,800.78,0,0,35,63,0,3,1,1,NORMAL,0
INV-SYN-10279,TXN-SYN-10279,SUPP-TITAN-03,BUYER-QUICK-04,None,0,304982.51,304982.51,0.0,1.0892,3.58,-1.0,1,5,58,14,0,5,0,1,RAPID_GHOST_SETTLEMENT,1
INV-SYN-10280,TXN-SYN-10280,SUPP-TITAN-03,BUYER-APEX-06,FedEx International,1,287946.21,289617.9,0.0058,1.0343,925.72,747.58,1,0,59,64,0,10,0,0,NORMAL,0
INV-SYN-10281,TXN-SYN-10281,SUPP-TITAN-03,BUYER-GLOBAL-05,Kuehne+Nagel Logistics,1,326349.15,322332.9,-0.0123,1.1512,512.88,383.09,1,0,60,59,0,13,0,0,NORMAL,0
INV-SYN-10282,TXN-SYN-10282,SUPP-NEXUS-02,BUYER-VORTEX-02,Kuehne+Nagel Logistics,1,118702.86,119167.15,0.0039,1.402,660.34,575.9,0,0,36,60,0,19,0,0,NORMAL,0
INV-SYN-10283,TXN-SYN-10283,SUPP-PREC-04,BUYER-APEX-06,FedEx International,1,65601.88,64362.67,-0.0189,0.6775,318.35,257.49,0,0,42,65,0,22,0,0,NORMAL,0
INV-SYN-10284,TXN-SYN-10284,SUPP-TITAN-03,BUYER-VORTEX-02,DHL Global Express,1,429312.34,421270.02,-0.0187,1.5045,421.9,273.2,1,0,61,61,0,19,0,0,NORMAL,0
INV-SYN-10285,TXN-SYN-10285,SUPP-GLOBAL-01,BUYER-GLOBAL-05,Kuehne+Nagel Logistics,1,61437.37,61806.93,0.006,0.5151,954.55,778.06,0,0,41,60,0,23,0,1,NORMAL,0
INV-SYN-10286,TXN-SYN-10286,SUPP-PACIFIC-08,BUYER-OMEGA-01,FedEx International,1,72154.03,72528.82,0.0052,0.9671,474.63,307.16,0,0,52,77,0,10,1,0,NORMAL,0
INV-SYN-10287,TXN-SYN-10287,SUPP-PACIFIC-08,BUYER-OMEGA-01,DB Schenker,1,86030.95,86449.87,0.0049,1.1527,575.23,391.08,0,0,53,78,0,3,0,1,NORMAL,0
INV-SYN-10288,TXN-SYN-10288,SUPP-GLOBAL-01,BUYER-VORTEX-02,DB Schenker,1,128429.76,128840.19,0.0032,1.0737,767.23,682.34,0,0,42,62,0,4,0,1,NORMAL,0
INV-SYN-10289,TXN-SYN-10289,SUPP-PACIFIC-08,BUYER-VORTEX-02,FedEx International,1,63324.38,62472.05,-0.0135,0.833,874.62,821.95,0,0,54,63,0,22,0,0,NORMAL,0
INV-SYN-10290,TXN-SYN-10290,SUPP-PREC-04,BUYER-APEX-06,Maersk Ocean Freight,1,90057.1,89848.57,-0.0023,0.9458,772.27,659.77,0,0,43,66,0,20,0,0,NORMAL,0
INV-SYN-10291,TXN-SYN-10291,SUPP-GLOBAL-01,BUYER-GLOBAL-05,Maersk Ocean Freight,1,105209.97,104604.55,-0.0058,0.8717,842.09,767.66,0,0,43,61,0,2,0,1,NORMAL,0
INV-SYN-10292,TXN-SYN-10292,SUPP-NEXUS-02,BUYER-GLOBAL-05,DB Schenker,1,72476.0,71826.05,-0.009,0.845,344.96,260.89,0,0,37,62,0,7,0,0,NORMAL,0
INV-SYN-10293,TXN-SYN-10293,SUPP-PACIFIC-08,BUYER-OMEGA-01,DB Schenker,1,90930.04,91263.22,0.0037,1.2168,544.2,470.81,0,0,55,79,0,23,1,1,NORMAL,0
INV-SYN-10294,TXN-SYN-10294,SUPP-PACIFIC-08,BUYER-GLOBAL-05,FedEx International,1,81694.04,81739.58,0.0006,1.0899,874.03,754.59,0,0,56,63,0,10,0,0,NORMAL,0
INV-SYN-10295,TXN-SYN-10295,SUPP-PREC-04,BUYER-OMEGA-01,Maersk Ocean Freight,1,78543.4,77898.5,-0.0082,0.82,609.1,420.53,0,0,44,80,0,23,0,1,NORMAL,0
INV-SYN-10296,TXN-SYN-10296,SUPP-NEXUS-02,BUYER-GLOBAL-05,Maersk Ocean Freight,1,104116.5,104814.85,0.0067,1.2331,946.56,767.68,0,0,38,64,0,9,0,0,NORMAL,0
INV-SYN-10297,TXN-SYN-10297,SUPP-PHANTOM-07,BUYER-STEEL-03,Kuehne+Nagel Logistics,1,886650.88,1019648.51,0.15,2.2659,127.9,14.95,8,1,5,11,0,13,1,0,SERIAL_COUNTERPARTY_SPIKE,1
INV-SYN-10298,TXN-SYN-10298,SUPP-PREC-04,BUYER-OMEGA-01,Maersk Ocean Freight,1,114305.48,114414.58,0.001,1.2044,607.51,492.52,0,0,45,81,0,19,0,0,NORMAL,0
INV-SYN-10299,TXN-SYN-10299,SUPP-PACIFIC-08,BUYER-GLOBAL-05,FedEx International,1,86805.54,85140.66,-0.0192,1.1352,662.22,618.09,0,0,57,65,0,16,0,0,NORMAL,0
INV-SYN-10300,TXN-SYN-10300,SUPP-PACIFIC-08,BUYER-VORTEX-02,DB Schenker,1,59456.34,58624.09,-0.014,0.7817,373.0,289.34,0,0,58,64,0,12,1,0,NORMAL,0
INV-SYN-10301,TXN-SYN-10301,SUPP-NEXUS-02,BUYER-VORTEX-02,FedEx International,1,73096.15,73760.59,0.0091,0.8678,913.75,748.18,0,0,39,65,0,5,0,1,NORMAL,0
INV-SYN-10302,TXN-SYN-10302,SUPP-PACIFIC-08,BUYER-APEX-06,FedEx International,1,89011.76,88084.43,-0.0104,1.1745,507.03,396.41,0,0,59,67,0,11,0,0,NORMAL,0
INV-SYN-10303,TXN-SYN-10303,SUPP-PACIFIC-08,BUYER-GLOBAL-05,FedEx International,1,86444.44,85230.75,-0.014,1.1364,576.76,476.1,0,0,60,66,0,2,0,1,NORMAL,0
INV-SYN-10304,TXN-SYN-10304,SUPP-PREC-04,BUYER-VORTEX-02,DB Schenker,1,94503.59,92678.64,-0.0193,0.9756,739.11,615.98,0,0,46,66,0,7,0,0,NORMAL,0
INV-SYN-10305,TXN-SYN-10305,SUPP-GLOBAL-01,BUYER-APEX-06,Kuehne+Nagel Logistics,1,123519.82,123648.01,0.001,1.0304,673.13,610.8,0,0,44,68,0,10,0,0,NORMAL,0
INV-SYN-10306,TXN-SYN-10306,SUPP-IND-05,BUYER-GLOBAL-05,DB Schenker,1,211106.6,212951.88,0.0087,1.3309,372.95,310.41,1,0,45,67,0,11,0,0,NORMAL,0
INV-SYN-10307,TXN-SYN-10307,SUPP-PACIFIC-08,BUYER-APEX-06,Kuehne+Nagel Logistics,1,63908.04,64409.63,0.0078,0.8588,476.16,311.11,0,0,61,69,0,18,1,0,NORMAL,0
INV-SYN-10308,TXN-SYN-10308,SUPP-PACIFIC-08,BUYER-VORTEX-02,Maersk Ocean Freight,1,85258.08,85757.53,0.0059,1.1434,845.88,687.87,0,0,62,67,0,11,0,0,NORMAL,0
INV-SYN-10309,TXN-SYN-10309,SUPP-PREC-04,BUYER-VORTEX-02,Maersk Ocean Freight,1,90197.92,88953.02,-0.0138,0.9363,745.65,676.02,0,0,47,68,0,7,0,0,NORMAL,0
INV-SYN-10310,TXN-SYN-10310,SUPP-NEXUS-02,BUYER-APEX-06,Maersk Ocean Freight,1,80374.27,80677.59,0.0038,0.9491,421.78,381.29,0,0,40,70,0,7,1,0,NORMAL,0
INV-SYN-10311,TXN-SYN-10311,SUPP-PREC-04,BUYER-VORTEX-02,DHL Global Express,1,121095.95,121159.89,0.0005,1.2754,628.8,521.33,0,0,48,69,0,3,0,1,NORMAL,0
INV-SYN-10312,TXN-SYN-10312,SUPP-TITAN-03,BUYER-APEX-06,DB Schenker,1,337779.14,338252.06,0.0014,1.208,540.25,393.74,1,0,62,71,0,17,0,0,NORMAL,0
INV-SYN-10313,TXN-SYN-10313,SUPP-TITAN-03,BUYER-STEEL-03,None,0,500000.0,500000.0,0.0,1.7857,13.47,-25.47,1,1,63,12,1,4,1,1,OFF_HOURS_ROUND_SUM,1
INV-SYN-10314,TXN-SYN-10314,SUPP-IND-05,BUYER-APEX-06,DB Schenker,1,212219.15,210487.63,-0.0082,1.3155,358.54,264.67,1,0,46,72,0,15,1,0,NORMAL,0
INV-SYN-10315,TXN-SYN-10315,SUPP-NEXUS-02,BUYER-GLOBAL-05,Kuehne+Nagel Logistics,1,85446.33,85000.74,-0.0052,1.0,408.06,319.15,0,0,41,68,0,1,1,1,NORMAL,0
INV-SYN-10316,TXN-SYN-10316,SUPP-TITAN-03,BUYER-APEX-06,FedEx International,1,327736.71,322330.78,-0.0165,1.1512,582.42,539.53,1,0,64,73,0,4,1,1,NORMAL,0
INV-SYN-10317,TXN-SYN-10317,SUPP-TITAN-03,BUYER-GLOBAL-05,DB Schenker,1,258281.33,255307.93,-0.0115,0.9118,910.56,737.75,1,0,65,69,0,10,0,0,NORMAL,0
INV-SYN-10318,TXN-SYN-10318,SUPP-SUSP-06,BUYER-STEEL-03,FedEx International,1,857788.54,986456.82,0.15,2.5294,227.04,149.69,6,1,8,13,0,4,0,1,SERIAL_COUNTERPARTY_SPIKE,1
INV-SYN-10319,TXN-SYN-10319,SUPP-PACIFIC-08,BUYER-APEX-06,DHL Global Express,1,72559.82,71432.14,-0.0155,0.9524,594.01,522.15,0,0,63,74,0,19,1,0,NORMAL,0
INV-SYN-10320,TXN-SYN-10320,SUPP-NEXUS-02,BUYER-APEX-06,DHL Global Express,1,87061.16,87919.24,0.0099,1.0343,685.56,504.91,0,0,42,75,0,13,0,0,NORMAL,0
INV-SYN-10321,TXN-SYN-10321,SUPP-PACIFIC-08,BUYER-APEX-06,FedEx International,1,86159.19,84726.77,-0.0166,1.1297,462.48,314.19,0,0,64,76,0,19,0,0,NORMAL,0
INV-SYN-10322,TXN-SYN-10322,SUPP-GLOBAL-01,BUYER-VORTEX-02,DB Schenker,1,95453.38,94061.64,-0.0146,0.7838,795.8,733.54,0,0,45,70,0,7,0,0,NORMAL,0
INV-SYN-10323,TXN-SYN-10323,SUPP-IND-05,BUYER-VORTEX-02,DB Schenker,1,243695.49,245925.02,0.0091,1.537,466.4,348.34,1,0,47,71,0,21,0,0,NORMAL,0
INV-SYN-10324,TXN-SYN-10324,SUPP-GLOBAL-01,BUYER-VORTEX-02,DHL Global Express,1,89819.48,89847.08,0.0003,0.7487,585.0,410.57,0,0,46,72,0,13,0,0,NORMAL,0
INV-SYN-10325,TXN-SYN-10325,SUPP-PACIFIC-08,BUYER-OMEGA-01,Maersk Ocean Freight,1,52233.96,52114.35,-0.0023,0.6949,516.66,332.27,0,0,65,82,0,17,1,0,NORMAL,0
INV-SYN-10326,TXN-SYN-10326,SUPP-GLOBAL-01,BUYER-APEX-06,Maersk Ocean Freight,1,154743.33,154710.24,-0.0002,1.2893,703.36,596.52,0,0,47,77,0,5,0,1,NORMAL,0
INV-SYN-10327,TXN-SYN-10327,SUPP-GLOBAL-01,BUYER-GLOBAL-05,Maersk Ocean Freight,1,143749.88,143704.63,-0.0003,1.1975,992.79,808.45,0,0,48,70,0,9,0,0,NORMAL,0
INV-SYN-10328,TXN-SYN-10328,SUPP-PACIFIC-08,BUYER-VORTEX-02,Maersk Ocean Freight,1,86702.25,85094.83,-0.0185,1.1346,855.3,718.89,0,0,66,73,0,2,1,1,NORMAL,0
INV-SYN-10329,TXN-SYN-10329,SUPP-PACIFIC-08,BUYER-OMEGA-01,Maersk Ocean Freight,1,86781.48,86613.88,-0.0019,1.1549,397.24,346.81,0,0,67,83,0,8,1,0,NORMAL,0
INV-SYN-10330,TXN-SYN-10330,SUPP-PREC-04,BUYER-OMEGA-01,Kuehne+Nagel Logistics,1,94709.14,93406.58,-0.0138,0.9832,507.57,410.96,0,0,49,84,0,13,1,0,NORMAL,0
INV-SYN-10331,TXN-SYN-10331,SUPP-PACIFIC-08,BUYER-VORTEX-02,Maersk Ocean Freight,1,58176.48,57869.62,-0.0053,0.7716,885.69,782.24,0,0,68,74,0,8,1,0,NORMAL,0
INV-SYN-10332,TXN-SYN-10332,SUPP-IND-05,BUYER-VORTEX-02,FedEx International,1,163032.18,160241.61,-0.0171,1.0015,627.1,533.77,1,0,48,75,0,8,1,0,NORMAL,0
INV-SYN-10333,TXN-SYN-10333,SUPP-PREC-04,BUYER-APEX-06,Kuehne+Nagel Logistics,1,78917.41,78760.38,-0.002,0.8291,776.67,726.6,0,0,50,78,0,16,0,0,NORMAL,0
INV-SYN-10334,TXN-SYN-10334,SUPP-IND-05,BUYER-VORTEX-02,Maersk Ocean Freight,1,199004.79,197568.08,-0.0072,1.2348,866.27,823.96,1,0,49,76,0,20,1,0,NORMAL,0
INV-SYN-10335,TXN-SYN-10335,SUPP-PACIFIC-08,BUYER-VORTEX-02,DB Schenker,1,72242.67,72344.46,0.0014,0.9646,798.92,617.74,0,0,69,77,0,7,0,0,NORMAL,0
INV-SYN-10336,TXN-SYN-10336,SUPP-IND-05,BUYER-OMEGA-01,Kuehne+Nagel Logistics,1,126980.11,126106.57,-0.0069,0.7882,597.76,420.24,1,0,50,85,0,5,0,1,NORMAL,0
INV-SYN-10337,TXN-SYN-10337,SUPP-IND-05,BUYER-GLOBAL-05,DB Schenker,1,147144.57,291882.37,0.9836,1.8243,294.81,158.75,1,0,51,71,0,14,0,0,AMOUNT_INFLATION,1
INV-SYN-10338,TXN-SYN-10338,SUPP-PREC-04,BUYER-APEX-06,Maersk Ocean Freight,1,104807.12,104788.85,-0.0002,1.103,577.96,453.27,0,0,51,79,0,10,0,0,NORMAL,0
INV-SYN-10339,TXN-SYN-10339,SUPP-IND-05,BUYER-OMEGA-01,Kuehne+Nagel Logistics,1,137451.02,134769.08,-0.0195,0.8423,499.25,347.73,1,0,52,86,0,4,0,1,NORMAL,0
INV-SYN-10340,TXN-SYN-10340,SUPP-NEXUS-02,BUYER-APEX-06,Maersk Ocean Freight,1,67527.82,67020.52,-0.0075,0.7885,738.21,592.33,0,0,43,80,0,12,0,0,NORMAL,0
INV-SYN-10341,TXN-SYN-10341,SUPP-PHANTOM-07,BUYER-QUICK-04,None,0,595693.31,595693.31,0.0,1.3238,0.85,-1.0,8,5,6,15,0,16,0,0,RAPID_GHOST_SETTLEMENT,1
INV-SYN-10342,TXN-SYN-10342,SUPP-IND-05,BUYER-GLOBAL-05,DHL Global Express,1,169798.66,166944.33,-0.0168,1.0434,596.32,476.96,1,0,53,72,0,20,0,0,NORMAL,0
INV-SYN-10343,TXN-SYN-10343,SUPP-GLOBAL-01,BUYER-VORTEX-02,DB Schenker,1,104791.7,104142.5,-0.0062,0.8679,774.74,675.55,0,0,49,78,0,17,0,0,NORMAL,0
INV-SYN-10344,TXN-SYN-10344,SUPP-TITAN-03,BUYER-GLOBAL-05,Maersk Ocean Freight,1,247027.32,249224.44,0.0089,0.8901,433.9,292.58,1,0,66,73,0,8,0,0,NORMAL,0
INV-SYN-10345,TXN-SYN-10345,SUPP-NEXUS-02,BUYER-OMEGA-01,FedEx International,1,89931.06,90333.87,0.0045,1.0628,899.99,755.41,0,0,44,87,0,20,0,0,NORMAL,0
INV-SYN-10346,TXN-SYN-10346,SUPP-NEXUS-02,BUYER-APEX-06,DB Schenker,1,54228.21,54200.67,-0.0005,0.6377,458.53,354.55,0,0,45,81,0,16,0,0,NORMAL,0
INV-SYN-10347,TXN-SYN-10347,SUPP-TITAN-03,BUYER-APEX-06,FedEx International,1,181477.54,180144.84,-0.0073,0.6434,737.44,683.27,1,0,67,82,0,1,0,1,NORMAL,0
INV-SYN-10348,TXN-SYN-10348,SUPP-PREC-04,BUYER-APEX-06,FedEx International,1,77936.95,78388.51,0.0058,0.8251,544.19,416.9,0,0,52,83,0,14,1,0,NORMAL,0
INV-SYN-10349,TXN-SYN-10349,SUPP-PHANTOM-07,BUYER-STEEL-03,Kuehne+Nagel Logistics,1,931055.02,1070713.27,0.15,2.3794,172.1,77.34,8,1,7,14,0,22,0,0,SERIAL_COUNTERPARTY_SPIKE,1
INV-SYN-10350,TXN-SYN-10350,SUPP-IND-05,BUYER-GLOBAL-05,DB Schenker,1,172436.3,171055.16,-0.008,1.0691,917.25,801.17,1,0,54,74,0,12,0,0,NORMAL,0
INV-SYN-10351,TXN-SYN-10351,SUPP-PACIFIC-08,BUYER-STEEL-03,DB Schenker,1,195417.07,224729.63,0.15,2.9964,222.0,191.91,0,1,70,15,0,20,0,0,SERIAL_COUNTERPARTY_SPIKE,1
INV-SYN-10352,TXN-SYN-10352,SUPP-PREC-04,BUYER-APEX-06,Kuehne+Nagel Logistics,1,115369.42,115217.24,-0.0013,1.2128,795.31,658.51,0,0,53,84,0,14,0,0,NORMAL,0
INV-SYN-10353,TXN-SYN-10353,SUPP-GLOBAL-01,BUYER-VORTEX-02,FedEx International,1,115201.84,113562.06,-0.0142,0.9464,634.22,544.58,0,0,50,79,0,6,0,0,NORMAL,0
INV-SYN-10354,TXN-SYN-10354,SUPP-IND-05,BUYER-GLOBAL-05,Kuehne+Nagel Logistics,1,159239.35,160131.67,0.0056,1.0008,466.27,318.7,1,0,55,75,0,11,0,0,NORMAL,0
INV-SYN-10355,TXN-SYN-10355,SUPP-PHANTOM-07,BUYER-APEX-06,None,0,450000.0,450000.0,0.0,1.0,57.26,37.8,8,0,8,85,1,1,0,1,OFF_HOURS_ROUND_SUM,1
INV-SYN-10356,TXN-SYN-10356,SUPP-NEXUS-02,BUYER-VORTEX-02,Kuehne+Nagel Logistics,1,84606.6,84451.98,-0.0018,0.9936,857.57,805.83,0,0,46,80,0,18,1,0,NORMAL,0
INV-SYN-10357,TXN-SYN-10357,SUPP-PREC-04,BUYER-GLOBAL-05,Maersk Ocean Freight,1,88144.36,87853.92,-0.0033,0.9248,960.43,768.54,0,0,54,76,0,2,0,1,NORMAL,0
INV-SYN-10358,TXN-SYN-10358,SUPP-TITAN-03,BUYER-VORTEX-02,DHL Global Express,1,302590.3,304340.44,0.0058,1.0869,557.18,442.64,1,0,68,81,0,21,0,0,NORMAL,0
INV-SYN-10359,TXN-SYN-10359,SUPP-GLOBAL-01,BUYER-VORTEX-02,Maersk Ocean Freight,1,95183.07,93919.31,-0.0133,0.7827,787.15,710.93,0,0,51,82,0,7,0,0,NORMAL,0
INV-SYN-10360,TXN-SYN-10360,SUPP-GLOBAL-01,BUYER-GLOBAL-05,DB Schenker,1,135580.4,136339.95,0.0056,1.1362,813.99,641.69,0,0,52,77,0,6,0,0,NORMAL,0
INV-SYN-10361,TXN-SYN-10361,SUPP-PACIFIC-08,BUYER-OMEGA-01,DHL Global Express,1,103738.85,103026.66,-0.0069,1.3737,932.11,824.8,0,0,71,88,0,13,0,0,NORMAL,0
INV-SYN-10362,TXN-SYN-10362,SUPP-IND-05,BUYER-OMEGA-01,DHL Global Express,1,155649.59,152732.57,-0.0187,0.9546,814.97,762.52,1,0,56,89,0,0,1,1,NORMAL,0
INV-SYN-10363,TXN-SYN-10363,SUPP-TITAN-03,BUYER-VORTEX-02,Kuehne+Nagel Logistics,1,308119.82,308503.4,0.0012,1.1018,834.4,679.53,1,0,69,83,0,9,0,0,NORMAL,0
INV-SYN-10364,TXN-SYN-10364,SUPP-GLOBAL-01,BUYER-VORTEX-02,FedEx International,1,140704.32,139302.66,-0.01,1.1609,560.96,503.47,0,0,53,84,0,3,0,1,NORMAL,0
INV-SYN-10365,TXN-SYN-10365,SUPP-PREC-04,BUYER-OMEGA-01,DB Schenker,1,85471.01,85836.34,0.0043,0.9035,432.0,342.76,0,0,55,90,0,19,1,0,NORMAL,0
INV-SYN-10366,TXN-SYN-10366,SUPP-PHANTOM-07,BUYER-STEEL-03,FedEx International,1,974680.78,1120882.9,0.15,2.4909,141.45,40.48,8,1,9,16,0,2,1,1,SERIAL_COUNTERPARTY_SPIKE,1
INV-SYN-10367,TXN-SYN-10367,SUPP-PREC-04,BUYER-APEX-06,DHL Global Express,1,95299.07,94868.76,-0.0045,0.9986,647.97,505.55,0,0,56,86,0,7,0,0,NORMAL,0
INV-SYN-10368,TXN-SYN-10368,SUPP-GLOBAL-01,BUYER-OMEGA-01,FedEx International,1,122930.28,121632.64,-0.0106,1.0136,689.63,500.44,0,0,54,91,0,20,1,0,NORMAL,0
INV-SYN-10369,TXN-SYN-10369,SUPP-PREC-04,BUYER-OMEGA-01,DHL Global Express,1,76641.02,76583.08,-0.0008,0.8061,1003.43,826.64,0,0,57,92,0,15,0,0,NORMAL,0
INV-SYN-10370,TXN-SYN-10370,SUPP-PACIFIC-08,BUYER-GLOBAL-05,Maersk Ocean Freight,1,75459.57,75955.6,0.0066,1.0127,818.25,672.93,0,0,72,78,0,20,0,0,NORMAL,0
INV-SYN-10371,TXN-SYN-10371,SUPP-TITAN-03,BUYER-GLOBAL-05,FedEx International,1,314859.88,311205.43,-0.0116,1.1114,778.51,660.18,1,0,70,79,0,0,0,1,NORMAL,0
INV-SYN-10372,TXN-SYN-10372,SUPP-PREC-04,BUYER-VORTEX-02,Kuehne+Nagel Logistics,1,129464.66,129300.34,-0.0013,1.3611,790.92,658.48,0,0,58,85,0,13,0,0,NORMAL,0
INV-SYN-10373,TXN-SYN-10373,SUPP-PACIFIC-08,BUYER-APEX-06,DB Schenker,1,92986.33,93584.16,0.0064,1.2478,489.84,440.7,0,0,73,87,0,11,0,0,NORMAL,0
INV-SYN-10374,TXN-SYN-10374,SUPP-PACIFIC-08,BUYER-VORTEX-02,DB Schenker,1,115372.17,114936.49,-0.0038,1.5325,640.41,571.07,0,0,74,86,0,1,0,1,NORMAL,0
INV-SYN-10375,TXN-SYN-10375,SUPP-IND-05,BUYER-GLOBAL-05,DB Schenker,1,129306.1,127340.75,-0.0152,0.7959,635.85,595.5,1,0,57,80,0,15,0,0,NORMAL,0
INV-SYN-10376,TXN-SYN-10376,SUPP-NEXUS-02,BUYER-GLOBAL-05,DHL Global Express,1,103536.81,104531.66,0.0096,1.2298,798.18,744.95,0,0,47,81,0,21,0,0,NORMAL,0
INV-SYN-10377,TXN-SYN-10377,SUPP-TITAN-03,BUYER-GLOBAL-05,Kuehne+Nagel Logistics,1,292833.94,293623.65,0.0027,1.0487,601.63,418.78,1,0,71,82,0,6,0,0,NORMAL,0
INV-SYN-10378,TXN-SYN-10378,SUPP-PACIFIC-08,BUYER-OMEGA-01,DB Schenker,1,116058.8,117160.03,0.0095,1.5621,741.0,579.36,0,0,75,93,0,21,0,0,NORMAL,0
INV-SYN-10379,TXN-SYN-10379,SUPP-PACIFIC-08,BUYER-VORTEX-02,DB Schenker,1,59844.41,59158.36,-0.0115,0.7888,801.89,643.46,0,0,76,87,0,22,0,0,NORMAL,0
INV-SYN-10380,TXN-SYN-10380,SUPP-PACIFIC-08,BUYER-APEX-06,DB Schenker,1,59255.22,58510.32,-0.0126,0.7801,442.68,355.53,0,0,77,88,0,9,0,0,NORMAL,0
INV-SYN-10381,TXN-SYN-10381,SUPP-TITAN-03,BUYER-APEX-06,DHL Global Express,1,238042.51,238363.68,0.0013,0.8513,460.59,295.35,1,0,72,89,0,10,0,0,NORMAL,0
INV-SYN-10382,TXN-SYN-10382,SUPP-PREC-04,BUYER-VORTEX-02,DB Schenker,1,44557.48,44262.73,-0.0066,0.4659,575.26,481.65,0,0,59,88,0,11,0,0,NORMAL,0
INV-SYN-10383,TXN-SYN-10383,SUPP-IND-05,BUYER-APEX-06,Kuehne+Nagel Logistics,1,138969.8,138626.42,-0.0025,0.8664,788.7,653.41,1,0,58,90,0,2,0,1,NORMAL,0
INV-SYN-10384,TXN-SYN-10384,SUPP-PREC-04,BUYER-APEX-06,Kuehne+Nagel Logistics,1,76970.6,75764.5,-0.0157,0.7975,373.46,317.63,0,0,60,91,0,18,0,0,NORMAL,0
INV-SYN-10385,TXN-SYN-10385,SUPP-PACIFIC-08,BUYER-OMEGA-01,FedEx International,1,77819.88,77326.73,-0.0063,1.031,847.53,806.44,0,0,78,94,0,15,1,0,NORMAL,0
INV-SYN-10386,TXN-SYN-10386,SUPP-TITAN-03,BUYER-OMEGA-01,DB Schenker,1,303922.92,301570.13,-0.0077,1.077,468.61,413.75,1,0,73,95,0,17,0,0,NORMAL,0
INV-SYN-10387,TXN-SYN-10387,SUPP-IND-05,BUYER-VORTEX-02,Maersk Ocean Freight,1,235046.83,232496.04,-0.0109,1.4531,625.97,531.56,1,0,59,89,0,23,0,1,NORMAL,0
INV-SYN-10388,TXN-SYN-10388,SUPP-NEXUS-02,BUYER-VORTEX-02,Maersk Ocean Freight,1,105196.51,104423.6,-0.0073,1.2285,955.58,773.43,0,0,48,90,0,9,0,0,NORMAL,0
INV-SYN-10389,TXN-SYN-10389,SUPP-NEXUS-02,BUYER-VORTEX-02,Maersk Ocean Freight,1,72740.8,72352.64,-0.0053,0.8512,335.62,280.54,0,0,49,91,0,15,0,0,NORMAL,0
INV-SYN-10390,TXN-SYN-10390,SUPP-GLOBAL-01,BUYER-APEX-06,Maersk Ocean Freight,1,93047.56,92051.12,-0.0107,0.7671,815.38,708.81,0,0,55,92,0,3,0,1,NORMAL,0
INV-SYN-10391,TXN-SYN-10391,SUPP-PREC-04,BUYER-VORTEX-02,Kuehne+Nagel Logistics,1,106683.08,106164.91,-0.0049,1.1175,748.24,640.33,0,0,61,92,0,23,0,1,NORMAL,0
INV-SYN-10392,TXN-SYN-10392,SUPP-NEXUS-02,BUYER-GLOBAL-05,Kuehne+Nagel Logistics,1,56945.04,56873.47,-0.0013,0.6691,512.97,379.69,0,0,50,83,0,22,0,0,NORMAL,0
INV-SYN-10393,TXN-SYN-10393,SUPP-PREC-04,BUYER-GLOBAL-05,Maersk Ocean Freight,1,138497.15,139707.95,0.0087,1.4706,802.4,627.55,0,0,62,84,0,21,1,0,NORMAL,0
INV-SYN-10394,TXN-SYN-10394,SUPP-NEXUS-02,BUYER-OMEGA-01,DB Schenker,1,110063.1,110490.67,0.0039,1.2999,773.45,627.1,0,0,51,96,0,10,0,0,NORMAL,0
INV-SYN-10395,TXN-SYN-10395,SUPP-PACIFIC-08,BUYER-OMEGA-01,DHL Global Express,1,66202.96,66107.7,-0.0014,0.8814,940.37,814.38,0,0,79,97,0,10,1,0,NORMAL,0
INV-SYN-10396,TXN-SYN-10396,SUPP-IND-05,BUYER-VORTEX-02,DB Schenker,1,91474.62,91024.49,-0.0049,0.5689,386.76,347.85,1,0,60,93,0,17,0,0,NORMAL,0
INV-SYN-10397,TXN-SYN-10397,SUPP-GLOBAL-01,BUYER-GLOBAL-05,DB Schenker,1,160616.17,158585.76,-0.0126,1.3215,652.61,506.54,0,0,56,85,0,8,1,0,NORMAL,0
INV-SYN-10398,TXN-SYN-10398,SUPP-IND-05,BUYER-GLOBAL-05,DHL Global Express,1,155418.41,152519.78,-0.0187,0.9532,614.44,443.97,1,0,61,86,0,21,1,0,NORMAL,0
INV-SYN-10399,TXN-SYN-10399,SUPP-NEXUS-02,BUYER-APEX-06,DHL Global Express,1,111303.6,110840.25,-0.0042,1.304,404.38,308.79,0,0,52,93,0,4,0,1,NORMAL,0
INV-SYN-10400,TXN-SYN-10400,SUPP-GLOBAL-01,BUYER-VORTEX-02,FedEx International,1,72167.17,71119.31,-0.0145,0.5927,579.93,424.08,0,0,57,94,0,14,1,0,NORMAL,0
INV-SYN-10401,TXN-SYN-10401,SUPP-PREC-04,BUYER-VORTEX-02,DHL Global Express,1,80764.84,81478.29,0.0088,0.8577,483.12,418.81,0,0,63,95,0,6,1,0,NORMAL,0
INV-SYN-10402,TXN-SYN-10402,SUPP-GLOBAL-01,BUYER-GLOBAL-05,DHL Global Express,1,120157.31,120973.22,0.0068,1.0081,347.36,271.13,0,0,58,87,0,17,0,0,NORMAL,0
INV-SYN-10403,TXN-SYN-10403,SUPP-NEXUS-02,BUYER-VORTEX-02,DHL Global Express,1,85998.34,86219.5,0.0026,1.0143,497.64,401.57,0,0,53,96,0,6,0,0,NORMAL,0
INV-SYN-10404,TXN-SYN-10404,SUPP-TITAN-03,BUYER-APEX-06,FedEx International,1,248495.42,244013.49,-0.018,0.8715,828.75,788.24,1,0,74,94,0,13,1,0,NORMAL,0
INV-SYN-10405,TXN-SYN-10405,SUPP-GLOBAL-01,BUYER-GLOBAL-05,DB Schenker,1,138685.5,138350.6,-0.0024,1.1529,682.77,630.93,0,0,59,88,0,23,0,1,NORMAL,0
INV-SYN-10406,TXN-SYN-10406,SUPP-NEXUS-02,BUYER-GLOBAL-05,DB Schenker,1,62313.07,61900.52,-0.0066,0.7282,530.09,362.07,0,0,54,89,0,6,0,0,NORMAL,0
INV-SYN-10407,TXN-SYN-10407,SUPP-NEXUS-02,BUYER-GLOBAL-05,Kuehne+Nagel Logistics,1,81974.44,80748.57,-0.015,0.95,891.06,816.81,0,0,55,90,0,7,0,0,NORMAL,0
INV-SYN-10408,TXN-SYN-10408,SUPP-IND-05,BUYER-APEX-06,DB Schenker,1,164811.83,165533.59,0.0044,1.0346,599.48,413.55,1,0,62,95,0,21,0,0,NORMAL,0
INV-SYN-10409,TXN-SYN-10409,SUPP-GLOBAL-01,BUYER-QUICK-04,None,0,750000.0,750000.0,0.0,6.25,53.36,11.04,0,5,60,16,1,3,1,1,OFF_HOURS_ROUND_SUM,1
INV-SYN-10410,TXN-SYN-10410,SUPP-IND-05,BUYER-GLOBAL-05,Maersk Ocean Freight,1,188464.6,188874.6,0.0022,1.1805,417.67,293.83,1,0,63,91,0,7,0,0,NORMAL,0
INV-SYN-10411,TXN-SYN-10411,SUPP-PACIFIC-08,BUYER-OMEGA-01,Kuehne+Nagel Logistics,1,53912.96,54007.43,0.0018,0.7201,558.33,366.51,0,0,80,98,0,1,1,1,NORMAL,0
INV-SYN-10412,TXN-SYN-10412,SUPP-IND-05,BUYER-GLOBAL-05,Kuehne+Nagel Logistics,1,98635.43,99460.24,0.0084,0.6216,538.89,403.81,1,0,64,92,0,2,1,1,NORMAL,0
INV-SYN-10413,TXN-SYN-10413,SUPP-PACIFIC-08,BUYER-GLOBAL-05,DHL Global Express,1,98956.44,98342.31,-0.0062,1.3112,917.94,788.41,0,0,81,93,0,1,0,1,NORMAL,0
INV-SYN-10414,TXN-SYN-10414,SUPP-NEXUS-02,BUYER-OMEGA-01,FedEx International,1,92061.67,90232.26,-0.0199,1.0616,525.39,487.9,0,0,56,99,0,23,0,1,NORMAL,0
INV-SYN-10415,TXN-SYN-10415,SUPP-PACIFIC-08,BUYER-APEX-06,DHL Global Express,1,60965.88,60730.79,-0.0039,0.8097,722.01,563.19,0,0,82,96,0,3,0,1,NORMAL,0
INV-SYN-10416,TXN-SYN-10416,SUPP-PACIFIC-08,BUYER-APEX-06,DB Schenker,1,104084.1,103104.65,-0.0094,1.3747,617.57,454.78,0,0,83,97,0,1,1,1,NORMAL,0
INV-SYN-10417,TXN-SYN-10417,SUPP-TITAN-03,BUYER-QUICK-04,None,0,434034.12,499139.24,0.15,1.7826,119.23,93.33,1,5,75,17,0,21,0,0,SERIAL_COUNTERPARTY_SPIKE,1
INV-SYN-10418,TXN-SYN-10418,SUPP-PACIFIC-08,BUYER-GLOBAL-05,FedEx International,1,97111.82,97547.7,0.0045,1.3006,514.09,380.55,0,0,84,94,0,4,0,1,NORMAL,0
INV-SYN-10419,TXN-SYN-10419,SUPP-PREC-04,BUYER-GLOBAL-05,DB Schenker,1,96603.56,96099.79,-0.0052,1.0116,511.28,365.45,0,0,64,95,0,12,0,0,NORMAL,0
INV-SYN-10420,TXN-SYN-10420,SUPP-PHANTOM-07,BUYER-QUICK-04,FedEx International,1,1104117.19,1269734.77,0.15,2.8216,167.04,79.69,8,5,10,18,0,14,0,0,SERIAL_COUNTERPARTY_SPIKE,1
INV-SYN-10421,TXN-SYN-10421,SUPP-PACIFIC-08,BUYER-VORTEX-02,Maersk Ocean Freight,1,107912.64,106169.57,-0.0162,1.4156,846.29,800.14,0,0,85,97,0,21,0,0,NORMAL,0
INV-SYN-10422,TXN-SYN-10422,SUPP-NEXUS-02,BUYER-GLOBAL-05,DB Schenker,1,79709.51,79736.56,0.0003,0.9381,799.42,608.67,0,0,57,96,0,5,1,1,NORMAL,0
INV-SYN-10423,TXN-SYN-10423,SUPP-PACIFIC-08,BUYER-APEX-06,DHL Global Express,1,93216.96,92547.05,-0.0072,1.234,893.32,752.32,0,0,86,98,0,14,1,0,NORMAL,0
INV-SYN-10424,TXN-SYN-10424,SUPP-TITAN-03,BUYER-APEX-06,DB Schenker,1,325176.32,322641.99,-0.0078,1.1523,574.94,519.95,1,0,76,99,0,5,1,1,NORMAL,0
INV-SYN-10425,TXN-SYN-10425,SUPP-TITAN-03,BUYER-OMEGA-01,Kuehne+Nagel Logistics,1,375804.21,370819.71,-0.0133,1.3244,638.8,559.45,1,0,77,100,0,4,0,1,NORMAL,0
INV-SYN-10426,TXN-SYN-10426,SUPP-TITAN-03,BUYER-OMEGA-01,DHL Global Express,1,212455.36,210339.55,-0.01,0.7512,1007.45,834.16,1,0,78,101,0,21,0,0,NORMAL,0
INV-SYN-10427,TXN-SYN-10427,SUPP-NEXUS-02,BUYER-APEX-06,Maersk Ocean Freight,1,99578.59,100326.41,0.0075,1.1803,493.2,426.48,0,0,58,100,0,1,0,1,NORMAL,0
INV-SYN-10428,TXN-SYN-10428,SUPP-PACIFIC-08,BUYER-OMEGA-01,Maersk Ocean Freight,1,94845.46,94177.6,-0.007,1.2557,784.05,744.3,0,0,87,102,0,1,0,1,NORMAL,0
INV-SYN-10429,TXN-SYN-10429,SUPP-NEXUS-02,BUYER-OMEGA-01,Maersk Ocean Freight,1,47626.79,48044.19,0.0088,0.5652,717.68,551.81,0,0,59,103,0,23,0,1,NORMAL,0
INV-SYN-10430,TXN-SYN-10430,SUPP-NEXUS-02,BUYER-OMEGA-01,Kuehne+Nagel Logistics,1,59855.76,59771.18,-0.0014,0.7032,742.56,587.36,0,0,60,104,0,4,0,1,NORMAL,0
INV-SYN-10431,TXN-SYN-10431,SUPP-GLOBAL-01,BUYER-OMEGA-01,DHL Global Express,1,58823.03,58312.56,-0.0087,0.4859,884.44,709.59,0,0,61,105,0,5,0,1,NORMAL,0
INV-SYN-10432,TXN-SYN-10432,SUPP-GLOBAL-01,BUYER-APEX-06,DHL Global Express,1,111917.79,111730.01,-0.0017,0.9311,749.91,646.54,0,0,62,101,0,3,0,1,NORMAL,0
INV-SYN-10433,TXN-SYN-10433,SUPP-IND-05,BUYER-OMEGA-01,Kuehne+Nagel Logistics,1,188701.69,187087.1,-0.0086,1.1693,430.82,379.87,1,0,65,106,0,12,0,0,NORMAL,0
INV-SYN-10434,TXN-SYN-10434,SUPP-IND-05,BUYER-OMEGA-01,DB Schenker,1,220094.28,218757.49,-0.0061,1.3672,714.32,611.54,1,0,66,107,0,22,0,0,NORMAL,0
INV-SYN-10435,TXN-SYN-10435,SUPP-TITAN-03,BUYER-OMEGA-01,DHL Global Express,1,285186.63,282290.79,-0.0102,1.0082,313.4,247.37,1,0,79,108,0,14,0,0,NORMAL,0
INV-SYN-10436,TXN-SYN-10436,SUPP-PACIFIC-08,BUYER-OMEGA-01,FedEx International,1,105536.54,106087.8,0.0052,1.4145,799.5,622.42,0,0,88,109,0,19,1,0,NORMAL,0
INV-SYN-10437,TXN-SYN-10437,SUPP-TITAN-03,BUYER-GLOBAL-05,FedEx International,1,183392.9,183711.76,0.0017,0.6561,427.97,322.6,1,0,80,97,0,12,0,0,NORMAL,0
INV-SYN-10438,TXN-SYN-10438,SUPP-GLOBAL-01,BUYER-OMEGA-01,Maersk Ocean Freight,1,68898.53,68728.74,-0.0025,0.5727,542.76,426.71,0,0,63,110,0,21,0,0,NORMAL,0
INV-SYN-10439,TXN-SYN-10439,SUPP-IND-05,BUYER-VORTEX-02,Maersk Ocean Freight,1,157778.09,156083.59,-0.0107,0.9755,911.66,822.16,1,0,67,98,0,22,0,0,NORMAL,0
INV-SYN-10440,TXN-SYN-10440,SUPP-IND-05,BUYER-VORTEX-02,DHL Global Express,1,175362.62,174523.2,-0.0048,1.0908,659.52,493.24,1,0,68,99,0,18,0,0,NORMAL,0
INV-SYN-10441,TXN-SYN-10441,SUPP-IND-05,BUYER-STEEL-03,Unregistered Logistics,1,250000.0,250000.0,0.0,1.5625,66.72,29.81,1,1,69,17,1,3,0,1,OFF_HOURS_ROUND_SUM,1
INV-SYN-10442,TXN-SYN-10442,SUPP-TITAN-03,BUYER-GLOBAL-05,Kuehne+Nagel Logistics,1,135279.05,134272.69,-0.0074,0.4795,826.98,765.66,1,0,81,98,0,11,1,0,NORMAL,0
INV-SYN-10443,TXN-SYN-10443,SUPP-GLOBAL-01,BUYER-APEX-06,FedEx International,1,117326.4,114992.88,-0.0199,0.9583,590.71,519.92,0,0,64,102,0,10,1,0,NORMAL,0
INV-SYN-10444,TXN-SYN-10444,SUPP-NEXUS-02,BUYER-VORTEX-02,Kuehne+Nagel Logistics,1,57280.02,57454.75,0.0031,0.6759,526.28,363.19,0,0,61,100,0,20,0,0,NORMAL,0
INV-SYN-10445,TXN-SYN-10445,SUPP-TITAN-03,BUYER-STEEL-03,DB Schenker,1,326877.08,494814.19,0.5138,1.7672,538.85,448.58,1,1,82,18,0,1,0,1,AMOUNT_INFLATION,1
INV-SYN-10446,TXN-SYN-10446,SUPP-TITAN-03,BUYER-OMEGA-01,FedEx International,1,305661.88,301374.57,-0.014,1.0763,851.55,771.23,1,0,83,111,0,11,0,0,NORMAL,0
INV-SYN-10447,TXN-SYN-10447,SUPP-PACIFIC-08,BUYER-VORTEX-02,DHL Global Express,1,57377.25,57184.18,-0.0034,0.7625,409.5,345.65,0,0,89,101,0,21,1,0,NORMAL,0
INV-SYN-10448,TXN-SYN-10448,SUPP-TITAN-03,BUYER-OMEGA-01,DHL Global Express,1,244029.32,244108.28,0.0003,0.8718,538.14,443.03,1,0,84,112,0,2,0,1,NORMAL,0
INV-SYN-10449,TXN-SYN-10449,SUPP-PHANTOM-07,BUYER-QUICK-04,DHL Global Express,1,699680.87,804633.0,0.15,1.7881,220.3,184.92,8,5,11,19,0,9,0,0,SERIAL_COUNTERPARTY_SPIKE,1
INV-SYN-10450,TXN-SYN-10450,SUPP-NEXUS-02,BUYER-VORTEX-02,DB Schenker,1,83668.07,82944.0,-0.0087,0.9758,592.11,497.72,0,0,62,102,0,12,0,0,NORMAL,0
INV-SYN-10451,TXN-SYN-10451,SUPP-PACIFIC-08,BUYER-VORTEX-02,DB Schenker,1,92908.92,93177.66,0.0029,1.2424,544.13,416.51,0,0,90,103,0,8,0,0,NORMAL,0
INV-SYN-10452,TXN-SYN-10452,SUPP-NEXUS-02,BUYER-GLOBAL-05,FedEx International,1,64053.32,63981.82,-0.0011,0.7527,830.59,750.9,0,0,63,99,0,9,0,0,NORMAL,0
INV-SYN-10453,TXN-SYN-10453,SUPP-IND-05,BUYER-APEX-06,DB Schenker,1,180161.86,176998.62,-0.0176,1.1062,388.35,278.92,1,0,70,103,0,12,1,0,NORMAL,0
INV-SYN-10454,TXN-SYN-10454,SUPP-IND-05,BUYER-APEX-06,Kuehne+Nagel Logistics,1,138789.7,138699.78,-0.0006,0.8669,666.76,551.34,1,0,71,104,0,19,0,0,NORMAL,0
INV-SYN-10455,TXN-SYN-10455,SUPP-SUSP-06,BUYER-QUICK-04,DB Schenker,1,572741.58,658652.82,0.15,1.6889,226.76,164.27,6,5,9,20,0,5,1,1,SERIAL_COUNTERPARTY_SPIKE,1
INV-SYN-10456,TXN-SYN-10456,SUPP-IND-05,BUYER-OMEGA-01,FedEx International,1,155718.79,156784.92,0.0068,0.9799,584.06,477.54,1,0,72,113,0,13,1,0,NORMAL,0
INV-SYN-10457,TXN-SYN-10457,SUPP-TITAN-03,BUYER-APEX-06,Maersk Ocean Freight,1,207533.04,206939.73,-0.0029,0.7391,574.66,392.72,1,0,85,105,0,4,0,1,NORMAL,0
INV-SYN-10458,TXN-SYN-10458,SUPP-GLOBAL-01,BUYER-VORTEX-02,FedEx International,1,103390.52,102237.86,-0.0111,0.852,707.31,590.38,0,0,65,104,0,16,0,0,NORMAL,0
INV-SYN-10459,TXN-SYN-10459,SUPP-PREC-04,BUYER-GLOBAL-05,Kuehne+Nagel Logistics,1,66550.4,66152.86,-0.006,0.6963,530.01,430.21,0,0,65,100,0,12,0,0,NORMAL,0
INV-SYN-10460,TXN-SYN-10460,SUPP-PREC-04,BUYER-OMEGA-01,Maersk Ocean Freight,1,141662.22,139822.55,-0.013,1.4718,917.56,780.89,0,0,66,114,0,12,0,0,NORMAL,0
INV-SYN-10461,TXN-SYN-10461,SUPP-TITAN-03,BUYER-OMEGA-01,DHL Global Express,1,282468.45,284671.19,0.0078,1.0167,507.49,456.14,1,0,86,115,0,20,1,0,NORMAL,0
INV-SYN-10462,TXN-SYN-10462,SUPP-IND-05,BUYER-VORTEX-02,Maersk Ocean Freight,1,132010.98,132044.41,0.0003,0.8253,429.39,354.39,1,0,73,105,0,10,0,0,NORMAL,0
INV-SYN-10463,TXN-SYN-10463,SUPP-IND-05,BUYER-VORTEX-02,Maersk Ocean Freight,1,168559.2,168992.65,0.0026,1.0562,396.53,245.12,1,0,74,106,0,23,0,1,NORMAL,0
INV-SYN-10464,TXN-SYN-10464,SUPP-TITAN-03,BUYER-GLOBAL-05,Kuehne+Nagel Logistics,1,272137.04,273087.85,0.0035,0.9753,832.11,733.12,1,0,87,101,0,1,1,1,NORMAL,0
INV-SYN-10465,TXN-SYN-10465,SUPP-PACIFIC-08,BUYER-OMEGA-01,FedEx International,1,70856.82,70529.42,-0.0046,0.9404,914.02,759.28,0,0,91,116,0,7,0,0,NORMAL,0
INV-SYN-10466,TXN-SYN-10466,SUPP-NEXUS-02,BUYER-VORTEX-02,DB Schenker,1,98051.04,96707.37,-0.0137,1.1377,784.05,711.58,0,0,64,107,0,14,1,0,NORMAL,0
INV-SYN-10467,TXN-SYN-10467,SUPP-PREC-04,BUYER-APEX-06,Kuehne+Nagel Logistics,1,112990.81,111022.09,-0.0174,1.1687,870.02,702.08,0,0,67,106,0,12,1,0,NORMAL,0
INV-SYN-10468,TXN-SYN-10468,SUPP-PACIFIC-08,BUYER-APEX-06,Maersk Ocean Freight,1,65053.1,64630.2,-0.0065,0.8617,446.49,323.37,0,0,92,107,0,2,0,1,NORMAL,0
INV-SYN-10469,TXN-SYN-10469,SUPP-NEXUS-02,BUYER-GLOBAL-05,Maersk Ocean Freight,1,72763.86,71329.72,-0.0197,0.8392,606.32,443.89,0,0,65,102,0,0,1,1,NORMAL,0
INV-SYN-10470,TXN-SYN-10470,SUPP-PREC-04,BUYER-APEX-06,DB Schenker,1,88467.52,87768.72,-0.0079,0.9239,577.25,419.78,0,0,68,108,0,16,0,0,NORMAL,0
INV-SYN-10471,TXN-SYN-10471,SUPP-TITAN-03,BUYER-VORTEX-02,Unregistered Logistics,1,500000.0,500000.0,0.0,1.7857,75.91,42.02,1,0,88,108,1,4,0,1,OFF_HOURS_ROUND_SUM,1
INV-SYN-10472,TXN-SYN-10472,SUPP-NEXUS-02,BUYER-APEX-06,Maersk Ocean Freight,1,52802.19,52358.28,-0.0084,0.616,691.77,581.71,0,0,66,109,0,13,0,0,NORMAL,0
INV-SYN-10473,TXN-SYN-10473,SUPP-SUSP-06,BUYER-STEEL-03,None,0,587340.19,587340.19,0.0,1.506,3.6,-1.0,6,1,10,19,0,22,0,0,RAPID_GHOST_SETTLEMENT,1
INV-SYN-10474,TXN-SYN-10474,SUPP-PREC-04,BUYER-OMEGA-01,Maersk Ocean Freight,1,134067.98,131666.12,-0.0179,1.386,549.76,363.54,0,0,69,117,0,1,0,1,NORMAL,0
INV-SYN-10475,TXN-SYN-10475,SUPP-TITAN-03,BUYER-OMEGA-01,Maersk Ocean Freight,1,262567.48,260220.01,-0.0089,0.9294,793.55,755.82,1,0,89,118,0,21,0,0,NORMAL,0
INV-SYN-10476,TXN-SYN-10476,SUPP-PREC-04,BUYER-APEX-06,Kuehne+Nagel Logistics,1,108693.23,106880.48,-0.0167,1.1251,805.57,685.89,0,0,70,110,0,16,0,0,NORMAL,0
INV-SYN-10477,TXN-SYN-10477,SUPP-PREC-04,BUYER-VORTEX-02,Kuehne+Nagel Logistics,1,102392.19,100976.14,-0.0138,1.0629,438.69,335.27,0,0,71,109,0,18,1,0,NORMAL,0
INV-SYN-10478,TXN-SYN-10478,SUPP-IND-05,BUYER-GLOBAL-05,Maersk Ocean Freight,1,283155.23,281760.48,-0.0049,1.761,503.86,361.02,1,0,75,103,0,13,0,0,NORMAL,0
INV-SYN-10479,TXN-SYN-10479,SUPP-NEXUS-02,BUYER-APEX-06,DB Schenker,1,108790.97,107918.15,-0.008,1.2696,599.32,437.33,0,0,67,111,0,20,1,0,NORMAL,0
INV-SYN-10480,TXN-SYN-10480,SUPP-IND-05,BUYER-APEX-06,Maersk Ocean Freight,1,154883.3,154462.63,-0.0027,0.9654,778.8,627.78,1,0,76,112,0,7,0,0,NORMAL,0
INV-SYN-10481,TXN-SYN-10481,SUPP-PREC-04,BUYER-GLOBAL-05,DB Schenker,1,72305.91,72403.48,0.0013,0.7621,816.46,734.06,0,0,72,104,0,12,0,0,NORMAL,0
INV-SYN-10482,TXN-SYN-10482,SUPP-NEXUS-02,BUYER-APEX-06,Kuehne+Nagel Logistics,1,50863.02,51219.01,0.007,0.6026,621.19,470.8,0,0,68,113,0,17,0,0,NORMAL,0
INV-SYN-10483,TXN-SYN-10483,SUPP-PACIFIC-08,BUYER-VORTEX-02,DHL Global Express,1,78814.94,77464.53,-0.0171,1.0329,528.81,383.82,0,0,93,110,0,13,0,0,NORMAL,0
INV-SYN-10484,TXN-SYN-10484,SUPP-NEXUS-02,BUYER-GLOBAL-05,DHL Global Express,1,68927.55,68660.95,-0.0039,0.8078,798.82,658.83,0,0,69,105,0,4,0,1,NORMAL,0
INV-SYN-10485,TXN-SYN-10485,SUPP-PACIFIC-08,BUYER-VORTEX-02,DHL Global Express,1,48332.74,47962.43,-0.0077,0.6395,992.04,837.19,0,0,94,111,0,9,0,0,NORMAL,0
INV-SYN-10486,TXN-SYN-10486,SUPP-TITAN-03,BUYER-QUICK-04,None,0,299747.98,299747.98,0.0,1.0705,2.78,-1.0,1,5,90,21,0,21,1,0,RAPID_GHOST_SETTLEMENT,1
INV-SYN-10487,TXN-SYN-10487,SUPP-PREC-04,BUYER-OMEGA-01,Kuehne+Nagel Logistics,1,69313.23,69371.08,0.0008,0.7302,599.15,446.19,0,0,73,119,0,19,0,0,NORMAL,0
INV-SYN-10488,TXN-SYN-10488,SUPP-PREC-04,BUYER-VORTEX-02,FedEx International,1,135069.61,132411.73,-0.0197,1.3938,490.16,436.27,0,0,74,112,0,23,1,1,NORMAL,0
INV-SYN-10489,TXN-SYN-10489,SUPP-PACIFIC-08,BUYER-APEX-06,FedEx International,1,91530.75,89887.51,-0.018,1.1985,789.7,668.15,0,0,95,114,0,0,0,1,NORMAL,0
INV-SYN-10490,TXN-SYN-10490,SUPP-PREC-04,BUYER-VORTEX-02,DHL Global Express,1,94810.65,93708.41,-0.0116,0.9864,665.37,604.19,0,0,75,113,0,6,0,0,NORMAL,0
INV-SYN-10491,TXN-SYN-10491,SUPP-NEXUS-02,BUYER-GLOBAL-05,DHL Global Express,1,116448.81,116710.05,0.0022,1.3731,708.71,646.43,0,0,70,106,0,21,0,0,NORMAL,0
INV-SYN-10492,TXN-SYN-10492,SUPP-NEXUS-02,BUYER-APEX-06,DB Schenker,1,86644.08,85474.4,-0.0135,1.0056,411.07,369.7,0,0,71,115,0,19,0,0,NORMAL,0
INV-SYN-10493,TXN-SYN-10493,SUPP-PACIFIC-08,BUYER-OMEGA-01,DHL Global Express,1,58850.92,59106.65,0.0043,0.7881,610.37,474.37,0,0,96,120,0,11,0,0,NORMAL,0
INV-SYN-10494,TXN-SYN-10494,SUPP-TITAN-03,BUYER-APEX-06,FedEx International,1,386618.69,378940.43,-0.0199,1.3534,953.79,797.29,1,0,91,116,0,9,0,0,NORMAL,0
INV-SYN-10495,TXN-SYN-10495,SUPP-TITAN-03,BUYER-VORTEX-02,DHL Global Express,1,317723.7,311522.1,-0.0195,1.1126,482.63,442.27,1,0,92,114,0,10,0,0,NORMAL,0
INV-SYN-10496,TXN-SYN-10496,SUPP-TITAN-03,BUYER-STEEL-03,None,0,333240.37,333240.37,0.0,1.1901,0.7,-1.0,1,1,93,20,0,16,1,0,RAPID_GHOST_SETTLEMENT,1
INV-SYN-10497,TXN-SYN-10497,SUPP-IND-05,BUYER-OMEGA-01,DB Schenker,1,152386.45,150813.88,-0.0103,0.9426,498.05,364.27,1,0,77,121,0,12,0,0,NORMAL,0
INV-SYN-10498,TXN-SYN-10498,SUPP-IND-05,BUYER-APEX-06,Maersk Ocean Freight,1,124975.27,122928.69,-0.0164,0.7683,503.37,434.02,1,0,78,117,0,7,1,0,NORMAL,0
INV-SYN-10499,TXN-SYN-10499,SUPP-GLOBAL-01,BUYER-APEX-06,FedEx International,1,78516.01,76973.91,-0.0196,0.6414,348.8,279.61,0,0,66,118,0,0,1,1,NORMAL,0
INV-SYN-10500,TXN-SYN-10500,SUPP-TITAN-03,BUYER-GLOBAL-05,DB Schenker,1,344832.43,347095.84,0.0066,1.2396,639.88,539.75,1,0,94,107,0,17,0,0,NORMAL,0
INV-SYN-10501,TXN-SYN-10501,SUPP-GLOBAL-01,BUYER-VORTEX-02,Kuehne+Nagel Logistics,1,177282.5,174240.75,-0.0172,1.452,733.34,646.74,0,0,67,115,0,22,0,0,NORMAL,0
INV-SYN-10502,TXN-SYN-10502,SUPP-PACIFIC-08,BUYER-VORTEX-02,Maersk Ocean Freight,1,48776.86,48731.04,-0.0009,0.6497,1000.71,826.81,0,0,97,116,0,8,1,0,NORMAL,0
INV-SYN-10503,TXN-SYN-10503,SUPP-PACIFIC-08,BUYER-APEX-06,Kuehne+Nagel Logistics,1,85555.67,83889.86,-0.0195,1.1185,647.71,469.42,0,0,98,119,0,18,0,0,NORMAL,0
INV-SYN-10504,TXN-SYN-10504,SUPP-PACIFIC-08,BUYER-VORTEX-02,DHL Global Express,1,62800.45,62871.97,0.0011,0.8383,647.88,609.81,0,0,99,117,0,4,0,1,NORMAL,0
INV-SYN-10505,TXN-SYN-10505,SUPP-GLOBAL-01,BUYER-GLOBAL-05,DHL Global Express,1,105386.24,104633.25,-0.0071,0.8719,349.95,275.95,0,0,68,108,0,13,0,0,NORMAL,0
INV-SYN-10506,TXN-SYN-10506,SUPP-TITAN-03,BUYER-APEX-06,DHL Global Express,1,238532.43,234847.13,-0.0154,0.8387,450.72,382.84,1,0,95,120,0,6,1,0,NORMAL,0
INV-SYN-10507,TXN-SYN-10507,SUPP-PACIFIC-08,BUYER-APEX-06,DHL Global Express,1,58800.17,58203.98,-0.0101,0.7761,631.91,552.52,0,0,100,121,0,20,0,0,NORMAL,0
INV-SYN-10508,TXN-SYN-10508,SUPP-PREC-04,BUYER-GLOBAL-05,Maersk Ocean Freight,1,96152.39,94889.94,-0.0131,0.9988,535.68,385.35,0,0,76,109,0,22,0,0,NORMAL,0
INV-SYN-10509,TXN-SYN-10509,SUPP-IND-05,BUYER-OMEGA-01,FedEx International,1,126762.0,126755.68,-0.0,0.7922,679.58,604.84,1,0,79,122,0,5,0,1,NORMAL,0
INV-SYN-10510,TXN-SYN-10510,SUPP-PREC-04,BUYER-GLOBAL-05,Kuehne+Nagel Logistics,1,101423.35,101311.12,-0.0011,1.0664,328.07,281.99,0,0,77,110,0,2,0,1,NORMAL,0
INV-SYN-10511,TXN-SYN-10511,SUPP-NEXUS-02,BUYER-OMEGA-01,DHL Global Express,1,83932.44,82610.17,-0.0158,0.9719,412.06,344.21,0,0,72,123,0,1,1,1,NORMAL,0
INV-SYN-10512,TXN-SYN-10512,SUPP-IND-05,BUYER-VORTEX-02,Maersk Ocean Freight,1,150442.08,147786.02,-0.0177,0.9237,487.59,338.5,1,0,80,118,0,6,0,0,NORMAL,0
INV-SYN-10513,TXN-SYN-10513,SUPP-NEXUS-02,BUYER-VORTEX-02,DB Schenker,1,65714.27,65594.38,-0.0018,0.7717,592.25,508.96,0,0,73,119,0,23,0,1,NORMAL,0
INV-SYN-10514,TXN-SYN-10514,SUPP-PACIFIC-08,BUYER-VORTEX-02,Maersk Ocean Freight,1,64185.54,64406.25,0.0034,0.8587,527.43,478.95,0,0,101,120,0,2,0,1,NORMAL,0
INV-SYN-10515,TXN-SYN-10515,SUPP-NEXUS-02,BUYER-APEX-06,FedEx International,1,101052.06,100562.84,-0.0048,1.1831,882.41,731.76,0,0,74,122,0,10,0,0,NORMAL,0
INV-SYN-10516,TXN-SYN-10516,SUPP-PREC-04,BUYER-OMEGA-01,Maersk Ocean Freight,1,106896.78,106129.47,-0.0072,1.1172,646.09,597.11,0,0,78,124,0,16,1,0,NORMAL,0
INV-SYN-10517,TXN-SYN-10517,SUPP-NEXUS-02,BUYER-VORTEX-02,Kuehne+Nagel Logistics,1,64226.95,63835.78,-0.0061,0.751,684.05,577.29,0,0,75,121,0,18,0,0,NORMAL,0
INV-SYN-10518,TXN-SYN-10518,SUPP-PREC-04,BUYER-OMEGA-01,FedEx International,1,97359.14,97499.91,0.0014,1.0263,309.04,242.51,0,0,79,125,0,3,1,1,NORMAL,0
INV-SYN-10519,TXN-SYN-10519,SUPP-SUSP-06,BUYER-QUICK-04,None,0,450000.0,450000.0,0.0,1.1538,49.23,14.15,6,5,11,22,1,3,0,1,OFF_HOURS_ROUND_SUM,1
INV-SYN-10520,TXN-SYN-10520,SUPP-GLOBAL-01,BUYER-OMEGA-01,Kuehne+Nagel Logistics,1,69917.84,69705.87,-0.003,0.5809,880.56,814.26,0,0,69,126,0,19,0,0,NORMAL,0
INV-SYN-10521,TXN-SYN-10521,SUPP-PACIFIC-08,BUYER-GLOBAL-05,DHL Global Express,1,85188.0,84732.98,-0.0053,1.1298,773.95,630.54,0,0,102,111,0,18,0,0,NORMAL,0
INV-SYN-10522,TXN-SYN-10522,SUPP-PREC-04,BUYER-VORTEX-02,DHL Global Express,1,79262.69,77759.49,-0.019,0.8185,821.33,658.48,0,0,80,122,0,10,1,0,NORMAL,0
INV-SYN-10523,TXN-SYN-10523,SUPP-PACIFIC-08,BUYER-VORTEX-02,Maersk Ocean Freight,1,85698.73,85155.75,-0.0063,1.1354,530.7,388.45,0,0,103,123,0,13,0,0,NORMAL,0
INV-SYN-10524,TXN-SYN-10524,SUPP-IND-05,BUYER-VORTEX-02,Kuehne+Nagel Logistics,1,129469.63,129874.76,0.0031,0.8117,615.13,478.6,1,0,81,124,0,15,1,0,NORMAL,0
INV-SYN-10525,TXN-SYN-10525,SUPP-IND-05,BUYER-OMEGA-01,Kuehne+Nagel Logistics,1,87804.72,86546.01,-0.0143,0.5409,493.7,391.72,1,0,82,127,0,21,0,0,NORMAL,0
INV-SYN-10526,TXN-SYN-10526,SUPP-PHANTOM-07,BUYER-QUICK-04,Maersk Ocean Freight,1,266901.48,393857.22,0.4757,0.8752,516.09,413.12,8,5,12,23,0,4,0,1,AMOUNT_INFLATION,1
INV-SYN-10527,TXN-SYN-10527,SUPP-TITAN-03,BUYER-VORTEX-02,FedEx International,1,283365.95,281081.77,-0.0081,1.0039,813.9,729.83,1,0,96,125,0,10,1,0,NORMAL,0
INV-SYN-10528,TXN-SYN-10528,SUPP-GLOBAL-01,BUYER-OMEGA-01,Maersk Ocean Freight,1,127791.68,127905.35,0.0009,1.0659,797.72,679.83,0,0,70,128,0,6,0,0,NORMAL,0
INV-SYN-10529,TXN-SYN-10529,SUPP-NEXUS-02,BUYER-VORTEX-02,FedEx International,1,65783.27,65857.04,0.0011,0.7748,608.46,541.57,0,0,76,126,0,23,1,1,NORMAL,0
INV-SYN-10530,TXN-SYN-10530,SUPP-GLOBAL-01,BUYER-APEX-06,FedEx International,1,139157.77,137262.05,-0.0136,1.1439,792.85,725.51,0,0,71,123,0,14,1,0,NORMAL,0
INV-SYN-10531,TXN-SYN-10531,SUPP-NEXUS-02,BUYER-GLOBAL-05,DB Schenker,1,49692.7,49998.23,0.0061,0.5882,410.27,305.52,0,0,77,112,0,5,0,1,NORMAL,0
INV-SYN-10532,TXN-SYN-10532,SUPP-PACIFIC-08,BUYER-VORTEX-02,DHL Global Express,1,73761.0,72475.44,-0.0174,0.9663,500.74,445.29,0,0,104,127,0,7,0,0,NORMAL,0
INV-SYN-10533,TXN-SYN-10533,SUPP-IND-05,BUYER-VORTEX-02,DHL Global Express,1,111559.35,111579.89,0.0002,0.6974,451.37,399.65,1,0,83,128,0,4,1,1,NORMAL,0
INV-SYN-10534,TXN-SYN-10534,SUPP-GLOBAL-01,BUYER-OMEGA-01,DB Schenker,1,100444.92,100010.0,-0.0043,0.8334,589.18,552.04,0,0,72,129,0,4,0,1,NORMAL,0
INV-SYN-10535,TXN-SYN-10535,SUPP-TITAN-03,BUYER-APEX-06,Maersk Ocean Freight,1,283317.91,280516.15,-0.0099,1.0018,752.11,649.12,1,0,97,124,0,5,0,1,NORMAL,0
INV-SYN-10536,TXN-SYN-10536,SUPP-TITAN-03,BUYER-GLOBAL-05,Kuehne+Nagel Logistics,1,219771.06,221579.72,0.0082,0.7914,746.24,606.49,1,0,98,113,0,12,1,0,NORMAL,0
INV-SYN-10537,TXN-SYN-10537,SUPP-SUSP-06,BUYER-OMEGA-01,FedEx International,1,707709.79,813866.26,0.15,2.0868,92.65,66.18,6,0,12,130,0,22,0,0,SERIAL_COUNTERPARTY_SPIKE,1
INV-SYN-10538,TXN-SYN-10538,SUPP-IND-05,BUYER-GLOBAL-05,Kuehne+Nagel Logistics,1,200251.71,200760.99,0.0025,1.2548,685.78,611.01,1,0,84,114,0,11,1,0,NORMAL,0
INV-SYN-10539,TXN-SYN-10539,SUPP-PACIFIC-08,BUYER-APEX-06,Maersk Ocean Freight,1,64183.28,64170.88,-0.0002,0.8556,286.47,249.98,0,0,105,125,0,7,1,0,NORMAL,0
INV-SYN-10540,TXN-SYN-10540,SUPP-TITAN-03,BUYER-OMEGA-01,FedEx International,1,338498.45,339200.63,0.0021,1.2114,745.81,604.06,1,0,99,131,0,23,0,1,NORMAL,0
INV-SYN-10541,TXN-SYN-10541,SUPP-PREC-04,BUYER-OMEGA-01,Kuehne+Nagel Logistics,1,68169.46,68726.58,0.0082,0.7234,1014.99,832.12,0,0,81,132,0,17,0,0,NORMAL,0
INV-SYN-10542,TXN-SYN-10542,SUPP-PACIFIC-08,BUYER-OMEGA-01,FedEx International,1,84933.83,83983.92,-0.0112,1.1198,828.35,761.92,0,0,106,133,0,8,1,0,NORMAL,0
INV-SYN-10543,TXN-SYN-10543,SUPP-IND-05,BUYER-OMEGA-01,DB Schenker,1,217662.74,218512.63,0.0039,1.3657,915.34,832.33,1,0,85,134,0,12,0,0,NORMAL,0
INV-SYN-10544,TXN-SYN-10544,SUPP-PREC-04,BUYER-VORTEX-02,DB Schenker,1,36298.44,36612.48,0.0087,0.3854,495.76,384.54,0,0,82,129,0,1,0,1,NORMAL,0
INV-SYN-10545,TXN-SYN-10545,SUPP-NEXUS-02,BUYER-VORTEX-02,Kuehne+Nagel Logistics,1,68065.98,68051.85,-0.0002,0.8006,885.97,836.02,0,0,78,130,0,0,1,1,NORMAL,0
INV-SYN-10546,TXN-SYN-10546,SUPP-GLOBAL-01,BUYER-VORTEX-02,Maersk Ocean Freight,1,137312.16,135910.89,-0.0102,1.1326,468.05,372.23,0,0,73,131,0,11,1,0,NORMAL,0
INV-SYN-10547,TXN-SYN-10547,SUPP-TITAN-03,BUYER-APEX-06,DB Schenker,1,265786.82,265818.19,0.0001,0.9494,759.94,620.13,1,0,100,126,0,19,0,0,NORMAL,0
INV-SYN-10548,TXN-SYN-10548,SUPP-PREC-04,BUYER-OMEGA-01,DB Schenker,1,103814.71,102774.91,-0.01,1.0818,770.72,699.8,0,0,83,135,0,0,0,1,NORMAL,0
INV-SYN-10549,TXN-SYN-10549,SUPP-IND-05,BUYER-OMEGA-01,Kuehne+Nagel Logistics,1,135840.59,134660.18,-0.0087,0.8416,780.27,632.35,1,0,86,136,0,14,0,0,NORMAL,0
INV-SYN-10550,TXN-SYN-10550,SUPP-IND-05,BUYER-APEX-06,DHL Global Express,1,163463.59,161290.59,-0.0133,1.0081,360.88,306.83,1,0,87,127,0,22,1,0,NORMAL,0
INV-SYN-10551,TXN-SYN-10551,SUPP-TITAN-03,BUYER-VORTEX-02,Maersk Ocean Freight,1,269102.59,264657.87,-0.0165,0.9452,905.81,812.44,1,0,101,132,0,4,0,1,NORMAL,0
INV-SYN-10552,TXN-SYN-10552,SUPP-IND-05,BUYER-OMEGA-01,Kuehne+Nagel Logistics,1,206711.28,206236.21,-0.0023,1.289,893.53,827.91,1,0,88,137,0,9,0,0,NORMAL,0
INV-SYN-10553,TXN-SYN-10553,SUPP-SUSP-06,BUYER-VORTEX-02,None,0,487235.37,487235.37,0.0,1.2493,0.54,-1.0,6,0,13,133,0,0,0,1,RAPID_GHOST_SETTLEMENT,1
INV-SYN-10554,TXN-SYN-10554,SUPP-SUSP-06,BUYER-QUICK-04,FedEx International,1,835676.88,961028.41,0.15,2.4642,96.51,14.77,6,5,14,24,0,10,0,0,SERIAL_COUNTERPARTY_SPIKE,1
INV-SYN-10555,TXN-SYN-10555,SUPP-PACIFIC-08,BUYER-OMEGA-01,DHL Global Express,1,67277.31,66555.21,-0.0107,0.8874,594.56,404.07,0,0,107,138,0,12,0,0,NORMAL,0
INV-SYN-10556,TXN-SYN-10556,SUPP-PACIFIC-08,BUYER-APEX-06,Kuehne+Nagel Logistics,1,65857.38,64966.41,-0.0135,0.8662,356.76,275.29,0,0,108,128,0,23,0,1,NORMAL,0
INV-SYN-10557,TXN-SYN-10557,SUPP-TITAN-03,BUYER-VORTEX-02,FedEx International,1,249720.93,246304.35,-0.0137,0.8797,810.54,660.24,1,0,102,134,0,3,0,1,NORMAL,0
INV-SYN-10558,TXN-SYN-10558,SUPP-GLOBAL-01,BUYER-VORTEX-02,FedEx International,1,131833.56,132073.74,0.0018,1.1006,917.3,834.64,0,0,74,135,0,5,1,1,NORMAL,0
INV-SYN-10559,TXN-SYN-10559,SUPP-IND-05,BUYER-APEX-06,Kuehne+Nagel Logistics,1,143160.62,143208.86,0.0003,0.8951,665.13,474.64,1,0,89,129,0,5,0,1,NORMAL,0
INV-SYN-10560,TXN-SYN-10560,SUPP-IND-05,BUYER-GLOBAL-05,DB Schenker,1,171590.99,172910.85,0.0077,1.0807,621.64,476.26,1,0,90,115,0,17,1,0,NORMAL,0
INV-SYN-10561,TXN-SYN-10561,SUPP-NEXUS-02,BUYER-GLOBAL-05,Maersk Ocean Freight,1,129102.27,128768.09,-0.0026,1.5149,676.11,514.52,0,0,79,116,0,17,0,0,NORMAL,0
INV-SYN-10562,TXN-SYN-10562,SUPP-NEXUS-02,BUYER-VORTEX-02,FedEx International,1,103511.4,102939.32,-0.0055,1.2111,546.85,370.88,0,0,80,136,0,17,0,0,NORMAL,0
INV-SYN-10563,TXN-SYN-10563,SUPP-TITAN-03,BUYER-STEEL-03,None,0,350685.59,350685.59,0.0,1.2524,4.92,-1.0,1,1,103,21,0,19,0,0,RAPID_GHOST_SETTLEMENT,1
INV-SYN-10564,TXN-SYN-10564,SUPP-PACIFIC-08,BUYER-VORTEX-02,FedEx International,1,97522.76,95853.31,-0.0171,1.278,995.01,807.04,0,0,109,137,0,19,0,0,NORMAL,0
INV-SYN-10565,TXN-SYN-10565,SUPP-GLOBAL-01,BUYER-GLOBAL-05,Kuehne+Nagel Logistics,1,107757.74,108737.45,0.0091,0.9061,520.81,387.0,0,0,75,117,0,11,0,0,NORMAL,0
INV-SYN-10566,TXN-SYN-10566,SUPP-PHANTOM-07,BUYER-STEEL-03,None,0,450933.49,518573.51,0.15,1.1524,202.66,115.44,8,1,13,22,0,6,1,0,SERIAL_COUNTERPARTY_SPIKE,1
INV-SYN-10567,TXN-SYN-10567,SUPP-PACIFIC-08,BUYER-APEX-06,DHL Global Express,1,56098.38,56075.71,-0.0004,0.7477,403.28,309.98,0,0,110,130,0,18,1,0,NORMAL,0
INV-SYN-10568,TXN-SYN-10568,SUPP-GLOBAL-01,BUYER-APEX-06,DB Schenker,1,63876.24,64339.62,0.0073,0.5362,654.88,583.79,0,0,76,131,0,23,0,1,NORMAL,0
INV-SYN-10569,TXN-SYN-10569,SUPP-SUSP-06,BUYER-OMEGA-01,None,0,486909.72,486909.72,0.0,1.2485,5.0,-1.0,6,0,15,139,0,11,0,0,RAPID_GHOST_SETTLEMENT,1
INV-SYN-10570,TXN-SYN-10570,SUPP-PACIFIC-08,BUYER-APEX-06,DB Schenker,1,75345.34,74121.51,-0.0162,0.9883,437.67,350.93,0,0,111,132,0,16,1,0,NORMAL,0
INV-SYN-10571,TXN-SYN-10571,SUPP-PACIFIC-08,BUYER-OMEGA-01,DB Schenker,1,106433.2,106914.69,0.0045,1.4255,691.36,533.14,0,0,112,140,0,18,1,0,NORMAL,0
INV-SYN-10572,TXN-SYN-10572,SUPP-IND-05,BUYER-OMEGA-01,DHL Global Express,1,173077.09,170692.76,-0.0138,1.0668,487.14,348.4,1,0,91,141,0,12,0,0,NORMAL,0
INV-SYN-10573,TXN-SYN-10573,SUPP-IND-05,BUYER-VORTEX-02,DHL Global Express,1,151235.98,150240.39,-0.0066,0.939,402.32,317.29,1,0,92,138,0,23,0,1,NORMAL,0
INV-SYN-10574,TXN-SYN-10574,SUPP-NEXUS-02,BUYER-VORTEX-02,DHL Global Express,1,102624.87,101362.87,-0.0123,1.1925,981.44,827.96,0,0,81,139,0,15,1,0,NORMAL,0
INV-SYN-10575,TXN-SYN-10575,SUPP-IND-05,BUYER-GLOBAL-05,DHL Global Express,1,71554.59,71292.19,-0.0037,0.4456,491.0,389.0,1,0,93,118,0,2,0,1,NORMAL,0
INV-SYN-10576,TXN-SYN-10576,SUPP-GLOBAL-01,BUYER-GLOBAL-05,Maersk Ocean Freight,1,127068.44,126223.13,-0.0067,1.0519,679.62,553.6,0,0,77,119,0,14,0,0,NORMAL,0
INV-SYN-10577,TXN-SYN-10577,SUPP-TITAN-03,BUYER-VORTEX-02,DHL Global Express,1,333960.56,333919.99,-0.0001,1.1926,395.82,352.84,1,0,104,140,0,7,1,0,NORMAL,0
INV-SYN-10578,TXN-SYN-10578,SUPP-TITAN-03,BUYER-VORTEX-02,Maersk Ocean Freight,1,176498.96,176157.32,-0.0019,0.6291,476.14,406.44,1,0,105,141,0,4,0,1,NORMAL,0
INV-SYN-10579,TXN-SYN-10579,SUPP-PHANTOM-07,BUYER-QUICK-04,None,0,798591.87,798591.87,0.0,1.7746,0.87,-1.0,8,5,14,25,0,3,0,1,RAPID_GHOST_SETTLEMENT,1
INV-SYN-10580,TXN-SYN-10580,SUPP-TITAN-03,BUYER-APEX-06,Maersk Ocean Freight,1,303694.75,298925.93,-0.0157,1.0676,905.0,837.22,1,0,106,133,0,17,0,0,NORMAL,0
INV-SYN-10581,TXN-SYN-10581,SUPP-PACIFIC-08,BUYER-VORTEX-02,DB Schenker,1,67213.35,67005.61,-0.0031,0.8934,740.02,602.97,0,0,113,142,0,23,1,1,NORMAL,0
INV-SYN-10582,TXN-SYN-10582,SUPP-IND-05,BUYER-QUICK-04,None,0,213898.73,213898.73,0.0,1.3369,1.06,-1.0,1,5,94,26,0,0,0,1,RAPID_GHOST_SETTLEMENT,1
INV-SYN-10583,TXN-SYN-10583,SUPP-GLOBAL-01,BUYER-APEX-06,Maersk Ocean Freight,1,188120.79,187971.3,-0.0008,1.5664,799.44,706.84,0,0,78,134,0,6,0,0,NORMAL,0
INV-SYN-10584,TXN-SYN-10584,SUPP-NEXUS-02,BUYER-VORTEX-02,FedEx International,1,88864.66,87348.49,-0.0171,1.0276,655.98,467.18,0,0,82,143,0,10,0,0,NORMAL,0
INV-SYN-10585,TXN-SYN-10585,SUPP-GLOBAL-01,BUYER-OMEGA-01,Kuehne+Nagel Logistics,1,127446.62,127682.37,0.0018,1.064,381.15,297.32,0,0,79,142,0,2,0,1,NORMAL,0
INV-SYN-10586,TXN-SYN-10586,SUPP-TITAN-03,BUYER-GLOBAL-05,FedEx International,1,247844.74,247404.57,-0.0018,0.8836,606.66,430.8,1,0,107,120,0,10,0,0,NORMAL,0
INV-SYN-10587,TXN-SYN-10587,SUPP-TITAN-03,BUYER-QUICK-04,None,0,282550.03,282550.03,0.0,1.0091,3.59,-1.0,1,5,108,27,0,23,0,1,RAPID_GHOST_SETTLEMENT,1
INV-SYN-10588,TXN-SYN-10588,SUPP-PACIFIC-08,BUYER-VORTEX-02,Maersk Ocean Freight,1,90568.8,89145.07,-0.0157,1.1886,396.26,271.72,0,0,114,144,0,22,0,0,NORMAL,0
INV-SYN-10589,TXN-SYN-10589,SUPP-PACIFIC-08,BUYER-GLOBAL-05,Kuehne+Nagel Logistics,1,58948.43,58210.0,-0.0125,0.7761,480.82,349.86,0,0,115,121,0,10,1,0,NORMAL,0
INV-SYN-10590,TXN-SYN-10590,SUPP-TITAN-03,BUYER-APEX-06,FedEx International,1,285009.64,281667.81,-0.0117,1.006,525.84,423.11,1,0,109,135,0,10,0,0,NORMAL,0
INV-SYN-10591,TXN-SYN-10591,SUPP-GLOBAL-01,BUYER-GLOBAL-05,DHL Global Express,1,105670.28,104548.28,-0.0106,0.8712,336.08,286.02,0,0,80,122,0,20,0,0,NORMAL,0
INV-SYN-10592,TXN-SYN-10592,SUPP-NEXUS-02,BUYER-OMEGA-01,DB Schenker,1,95178.32,93438.68,-0.0183,1.0993,949.73,797.75,0,0,83,143,0,1,1,1,NORMAL,0
INV-SYN-10593,TXN-SYN-10593,SUPP-GLOBAL-01,BUYER-APEX-06,Kuehne+Nagel Logistics,1,130009.86,131046.46,0.008,1.0921,606.29,549.01,0,0,81,136,0,4,0,1,NORMAL,0
INV-SYN-10594,TXN-SYN-10594,SUPP-PACIFIC-08,BUYER-OMEGA-01,DHL Global Express,1,94453.87,94311.11,-0.0015,1.2575,846.59,668.5,0,0,116,144,0,13,0,0,NORMAL,0
INV-SYN-10595,TXN-SYN-10595,SUPP-PACIFIC-08,BUYER-GLOBAL-05,DB Schenker,1,65437.19,65579.16,0.0022,0.8744,834.78,650.45,0,0,117,123,0,23,0,1,NORMAL,0
INV-SYN-10596,TXN-SYN-10596,SUPP-GLOBAL-01,BUYER-APEX-06,DB Schenker,1,111903.75,111930.12,0.0002,0.9328,955.86,782.28,0,0,82,137,0,1,0,1,NORMAL,0
INV-SYN-10597,TXN-SYN-10597,SUPP-NEXUS-02,BUYER-OMEGA-01,DHL Global Express,1,64201.27,63174.02,-0.016,0.7432,584.75,493.63,0,0,84,145,0,21,0,0,NORMAL,0
INV-SYN-10598,TXN-SYN-10598,SUPP-PREC-04,BUYER-VORTEX-02,FedEx International,1,84448.04,83045.95,-0.0166,0.8742,917.63,739.04,0,0,84,145,0,3,0,1,NORMAL,0
INV-SYN-10599,TXN-SYN-10599,SUPP-GLOBAL-01,BUYER-GLOBAL-05,DB Schenker,1,131319.01,129849.07,-0.0112,1.0821,545.41,476.17,0,0,83,124,0,14,0,0,NORMAL,0
INV-SYN-10600,TXN-SYN-10600,SUPP-TITAN-03,BUYER-OMEGA-01,DHL Global Express,1,332989.2,335245.14,0.0068,1.1973,621.79,453.45,1,0,110,146,0,8,0,0,NORMAL,0
INV-SYN-10601,TXN-SYN-10601,SUPP-IND-05,BUYER-APEX-06,FedEx International,1,123113.39,121958.19,-0.0094,0.7622,518.04,481.24,1,0,95,138,0,8,1,0,NORMAL,0
INV-SYN-10602,TXN-SYN-10602,SUPP-GLOBAL-01,BUYER-OMEGA-01,FedEx International,1,146088.18,144032.18,-0.0141,1.2003,604.97,486.43,0,0,84,147,0,4,0,1,NORMAL,0
INV-SYN-10603,TXN-SYN-10603,SUPP-PREC-04,BUYER-OMEGA-01,Kuehne+Nagel Logistics,1,127196.4,127158.11,-0.0003,1.3385,535.86,464.59,0,0,85,148,0,16,0,0,NORMAL,0
INV-SYN-10604,TXN-SYN-10604,SUPP-IND-05,BUYER-QUICK-04,Kuehne+Nagel Logistics,1,345906.62,397792.61,0.15,2.4862,131.43,91.89,1,5,96,28,0,12,0,0,SERIAL_COUNTERPARTY_SPIKE,1
INV-SYN-10605,TXN-SYN-10605,SUPP-SUSP-06,BUYER-APEX-06,None,0,744557.17,744557.17,0.0,1.9091,1.1,-1.0,6,0,16,139,0,13,0,0,RAPID_GHOST_SETTLEMENT,1
INV-SYN-10606,TXN-SYN-10606,SUPP-PREC-04,BUYER-GLOBAL-05,Kuehne+Nagel Logistics,1,76622.51,75458.57,-0.0152,0.7943,882.86,815.82,0,0,86,125,0,15,0,0,NORMAL,0
INV-SYN-10607,TXN-SYN-10607,SUPP-TITAN-03,BUYER-OMEGA-01,FedEx International,1,192874.17,192199.83,-0.0035,0.6864,595.7,434.93,1,0,111,149,0,13,0,0,NORMAL,0
INV-SYN-10608,TXN-SYN-10608,SUPP-PREC-04,BUYER-APEX-06,FedEx International,1,52755.39,53215.96,0.0087,0.5602,492.99,333.33,0,0,87,140,0,20,0,0,NORMAL,0
INV-SYN-10609,TXN-SYN-10609,SUPP-IND-05,BUYER-OMEGA-01,Maersk Ocean Freight,1,219841.77,217004.74,-0.0129,1.3563,639.62,497.8,1,0,97,150,0,8,0,0,NORMAL,0
INV-SYN-10610,TXN-SYN-10610,SUPP-IND-05,BUYER-OMEGA-01,Kuehne+Nagel Logistics,1,186174.63,184067.88,-0.0113,1.1504,500.45,388.65,1,0,98,151,0,17,1,0,NORMAL,0
INV-SYN-10611,TXN-SYN-10611,SUPP-NEXUS-02,BUYER-VORTEX-02,FedEx International,1,83818.83,84070.44,0.003,0.9891,810.61,639.8,0,0,85,146,0,19,0,0,NORMAL,0
INV-SYN-10612,TXN-SYN-10612,SUPP-PREC-04,BUYER-VORTEX-02,DB Schenker,1,101649.25,102003.14,0.0035,1.0737,658.74,606.66,0,0,88,147,0,16,1,0,NORMAL,0
INV-SYN-10613,TXN-SYN-10613,SUPP-NEXUS-02,BUYER-VORTEX-02,FedEx International,1,61083.36,60104.12,-0.016,0.7071,839.44,797.46,0,0,86,148,0,4,0,1,NORMAL,0
INV-SYN-10614,TXN-SYN-10614,SUPP-PREC-04,BUYER-OMEGA-01,Kuehne+Nagel Logistics,1,153086.61,150442.51,-0.0173,1.5836,598.93,554.98,0,0,89,152,0,4,0,1,NORMAL,0
INV-SYN-10615,TXN-SYN-10615,SUPP-PACIFIC-08,BUYER-VORTEX-02,Kuehne+Nagel Logistics,1,77422.9,76864.08,-0.0072,1.0249,671.89,626.32,0,0,118,149,0,2,0,1,NORMAL,0
INV-SYN-10616,TXN-SYN-10616,SUPP-TITAN-03,BUYER-OMEGA-01,Kuehne+Nagel Logistics,1,287657.64,284325.61,-0.0116,1.0154,478.94,388.18,1,0,112,153,0,16,1,0,NORMAL,0
INV-SYN-10617,TXN-SYN-10617,SUPP-GLOBAL-01,BUYER-VORTEX-02,FedEx International,1,141773.0,139159.26,-0.0184,1.1597,563.37,411.19,0,0,85,150,0,21,1,0,NORMAL,0
INV-SYN-10618,TXN-SYN-10618,SUPP-TITAN-03,BUYER-OMEGA-01,Maersk Ocean Freight,1,313670.65,309771.06,-0.0124,1.1063,535.25,422.61,1,0,113,154,0,7,1,0,NORMAL,0
INV-SYN-10619,TXN-SYN-10619,SUPP-GLOBAL-01,BUYER-OMEGA-01,Maersk Ocean Freight,1,126716.52,127111.1,0.0031,1.0593,741.1,684.78,0,0,86,155,0,0,0,1,NORMAL,0
INV-SYN-10620,TXN-SYN-10620,SUPP-TITAN-03,BUYER-GLOBAL-05,DHL Global Express,1,224666.79,222033.34,-0.0117,0.793,899.47,772.32,1,0,114,126,0,11,0,0,NORMAL,0
INV-SYN-10621,TXN-SYN-10621,SUPP-NEXUS-02,BUYER-OMEGA-01,FedEx International,1,95018.7,95878.61,0.009,1.128,529.67,355.76,0,0,87,156,0,13,0,0,NORMAL,0
INV-SYN-10622,TXN-SYN-10622,SUPP-PREC-04,BUYER-OMEGA-01,Kuehne+Nagel Logistics,1,139698.08,139194.8,-0.0036,1.4652,923.28,833.79,0,0,90,157,0,5,0,1,NORMAL,0
INV-SYN-10623,TXN-SYN-10623,SUPP-NEXUS-02,BUYER-VORTEX-02,Maersk Ocean Freight,1,113590.18,111971.66,-0.0142,1.3173,896.83,774.95,0,0,88,151,0,8,0,0,NORMAL,0
INV-SYN-10624,TXN-SYN-10624,SUPP-IND-05,BUYER-GLOBAL-05,Kuehne+Nagel Logistics,1,223727.47,222263.05,-0.0065,1.3891,428.53,280.63,1,0,99,127,0,10,1,0,NORMAL,0
INV-SYN-10625,TXN-SYN-10625,SUPP-PREC-04,BUYER-OMEGA-01,Maersk Ocean Freight,1,82858.63,81882.92,-0.0118,0.8619,454.2,267.27,0,0,91,158,0,9,1,0,NORMAL,0
INV-SYN-10626,TXN-SYN-10626,SUPP-IND-05,BUYER-OMEGA-01,Kuehne+Nagel Logistics,1,120415.81,120513.84,0.0008,0.7532,688.57,537.02,1,0,100,159,0,23,0,1,NORMAL,0
INV-SYN-10627,TXN-SYN-10627,SUPP-IND-05,BUYER-OMEGA-01,Kuehne+Nagel Logistics,1,154968.52,155359.32,0.0025,0.971,576.44,480.51,1,0,101,160,0,17,0,0,NORMAL,0
INV-SYN-10628,TXN-SYN-10628,SUPP-TITAN-03,BUYER-VORTEX-02,DHL Global Express,1,283900.74,279585.47,-0.0152,0.9985,837.47,767.49,1,0,115,152,0,14,0,0,NORMAL,0
INV-SYN-10629,TXN-SYN-10629,SUPP-IND-05,BUYER-APEX-06,FedEx International,1,203767.66,204097.23,0.0016,1.2756,494.2,417.82,1,0,102,141,0,23,0,1,NORMAL,0
INV-SYN-10630,TXN-SYN-10630,SUPP-TITAN-03,BUYER-OMEGA-01,DHL Global Express,1,161527.48,158517.96,-0.0186,0.5661,696.93,623.77,1,0,116,161,0,18,0,0,NORMAL,0
INV-SYN-10631,TXN-SYN-10631,SUPP-TITAN-03,BUYER-VORTEX-02,FedEx International,1,387068.52,388507.89,0.0037,1.3875,969.94,833.72,1,0,117,153,0,18,1,0,NORMAL,0
INV-SYN-10632,TXN-SYN-10632,SUPP-NEXUS-02,BUYER-OMEGA-01,Maersk Ocean Freight,1,81642.33,80860.51,-0.0096,0.9513,565.14,434.74,0,0,89,162,0,15,1,0,NORMAL,0
INV-SYN-10633,TXN-SYN-10633,SUPP-PACIFIC-08,BUYER-GLOBAL-05,Maersk Ocean Freight,1,66995.98,66476.78,-0.0077,0.8864,962.55,831.16,0,0,119,128,0,8,1,0,NORMAL,0
INV-SYN-10634,TXN-SYN-10634,SUPP-PACIFIC-08,BUYER-OMEGA-01,FedEx International,1,56023.04,55271.12,-0.0134,0.7369,580.17,393.59,0,0,120,163,0,10,0,0,NORMAL,0
INV-SYN-10635,TXN-SYN-10635,SUPP-GLOBAL-01,BUYER-OMEGA-01,Maersk Ocean Freight,1,70354.3,70399.57,0.0006,0.5867,945.54,762.02,0,0,87,164,0,22,0,0,NORMAL,0
INV-SYN-10636,TXN-SYN-10636,SUPP-PACIFIC-08,BUYER-VORTEX-02,DB Schenker,1,90434.45,89224.36,-0.0134,1.1897,695.81,617.88,0,0,121,154,0,10,0,0,NORMAL,0
INV-SYN-10637,TXN-SYN-10637,SUPP-PREC-04,BUYER-VORTEX-02,FedEx International,1,96741.3,96924.56,0.0019,1.0203,884.99,781.3,0,0,92,155,0,1,0,1,NORMAL,0
INV-SYN-10638,TXN-SYN-10638,SUPP-GLOBAL-01,BUYER-APEX-06,FedEx International,1,81301.17,80126.44,-0.0144,0.6677,752.32,581.79,0,0,88,142,0,16,1,0,NORMAL,0
INV-SYN-10639,TXN-SYN-10639,SUPP-PACIFIC-08,BUYER-VORTEX-02,FedEx International,1,50717.27,49734.95,-0.0194,0.6631,791.91,730.5,0,0,122,156,0,0,0,1,NORMAL,0
INV-SYN-10640,TXN-SYN-10640,SUPP-PACIFIC-08,BUYER-VORTEX-02,Kuehne+Nagel Logistics,1,68704.04,67478.46,-0.0178,0.8997,374.4,300.14,0,0,123,157,0,10,1,0,NORMAL,0
INV-SYN-10641,TXN-SYN-10641,SUPP-IND-05,BUYER-VORTEX-02,Kuehne+Nagel Logistics,1,226760.86,227722.28,0.0042,1.4233,600.51,470.39,1,0,103,158,0,19,1,0,NORMAL,0
INV-SYN-10642,TXN-SYN-10642,SUPP-TITAN-03,BUYER-APEX-06,None,0,333527.77,333527.77,0.0,1.1912,0.88,-1.0,1,0,118,143,0,2,0,1,RAPID_GHOST_SETTLEMENT,1
INV-SYN-10643,TXN-SYN-10643,SUPP-NEXUS-02,BUYER-OMEGA-01,DB Schenker,1,53058.21,52012.0,-0.0197,0.6119,841.18,681.68,0,0,90,165,0,6,0,0,NORMAL,0
INV-SYN-10644,TXN-SYN-10644,SUPP-TITAN-03,BUYER-OMEGA-01,Kuehne+Nagel Logistics,1,262797.99,261329.68,-0.0056,0.9333,853.08,729.28,1,0,119,166,0,3,0,1,NORMAL,0
INV-SYN-10645,TXN-SYN-10645,SUPP-TITAN-03,BUYER-GLOBAL-05,Maersk Ocean Freight,1,260909.35,257599.52,-0.0127,0.92,737.28,616.49,1,0,120,129,0,15,0,0,NORMAL,0
INV-SYN-10646,TXN-SYN-10646,SUPP-GLOBAL-01,BUYER-OMEGA-01,DB Schenker,1,39093.4,38432.11,-0.0169,0.3203,854.17,771.87,0,0,89,167,0,9,0,0,NORMAL,0
INV-SYN-10647,TXN-SYN-10647,SUPP-PREC-04,BUYER-VORTEX-02,Kuehne+Nagel Logistics,1,93710.5,92466.9,-0.0133,0.9733,399.79,328.43,0,0,93,159,0,15,1,0,NORMAL,0
INV-SYN-10648,TXN-SYN-10648,SUPP-PACIFIC-08,BUYER-GLOBAL-05,DHL Global Express,1,70669.98,71120.13,0.0064,0.9483,631.11,535.09,0,0,124,130,0,14,0,0,NORMAL,0
INV-SYN-10649,TXN-SYN-10649,SUPP-GLOBAL-01,BUYER-VORTEX-02,DB Schenker,1,140886.19,142108.44,0.0087,1.1842,531.97,440.23,0,0,90,160,0,10,0,0,NORMAL,0
INV-SYN-10650,TXN-SYN-10650,SUPP-TITAN-03,BUYER-OMEGA-01,DB Schenker,1,409426.93,408663.43,-0.0019,1.4595,504.69,440.91,1,0,121,168,0,23,0,1,NORMAL,0
INV-SYN-10651,TXN-SYN-10651,SUPP-NEXUS-02,BUYER-APEX-06,Maersk Ocean Freight,1,108939.51,108941.49,0.0,1.2817,532.08,449.03,0,0,91,144,0,14,0,0,NORMAL,0
INV-SYN-10652,TXN-SYN-10652,SUPP-GLOBAL-01,BUYER-GLOBAL-05,DHL Global Express,1,111933.34,111916.77,-0.0001,0.9326,894.84,713.31,0,0,91,131,0,9,0,0,NORMAL,0
INV-SYN-10653,TXN-SYN-10653,SUPP-NEXUS-02,BUYER-VORTEX-02,Kuehne+Nagel Logistics,1,61486.32,60977.09,-0.0083,0.7174,877.32,728.79,0,0,92,161,0,19,0,0,NORMAL,0
INV-SYN-10654,TXN-SYN-10654,SUPP-GLOBAL-01,BUYER-APEX-06,FedEx International,1,197200.79,194904.25,-0.0116,1.6242,399.23,349.12,0,0,92,145,0,3,1,1,NORMAL,0
INV-SYN-10655,TXN-SYN-10655,SUPP-PREC-04,BUYER-GLOBAL-05,Kuehne+Nagel Logistics,1,96406.44,95704.12,-0.0073,1.0074,745.22,601.05,0,0,94,132,0,19,0,0,NORMAL,0
INV-SYN-10656,TXN-SYN-10656,SUPP-PACIFIC-08,BUYER-GLOBAL-05,Kuehne+Nagel Logistics,1,75261.17,75887.41,0.0083,1.0118,670.97,491.2,0,0,125,133,0,22,1,0,NORMAL,0
INV-SYN-10657,TXN-SYN-10657,SUPP-PREC-04,BUYER-APEX-06,DB Schenker,1,94427.03,94865.37,0.0046,0.9986,764.95,668.95,0,0,95,146,0,17,1,0,NORMAL,0
INV-SYN-10658,TXN-SYN-10658,SUPP-IND-05,BUYER-VORTEX-02,DHL Global Express,1,167923.39,165749.75,-0.0129,1.0359,493.89,457.44,1,0,104,162,0,13,0,0,NORMAL,0
INV-SYN-10659,TXN-SYN-10659,SUPP-PREC-04,BUYER-VORTEX-02,FedEx International,1,91571.44,89903.68,-0.0182,0.9464,507.32,416.82,0,0,96,163,0,18,0,0,NORMAL,0
INV-SYN-10660,TXN-SYN-10660,SUPP-NEXUS-02,BUYER-APEX-06,FedEx International,1,72809.68,73161.69,0.0048,0.8607,355.06,310.34,0,0,93,147,0,1,0,1,NORMAL,0
INV-SYN-10661,TXN-SYN-10661,SUPP-PACIFIC-08,BUYER-VORTEX-02,Maersk Ocean Freight,1,64746.39,63502.64,-0.0192,0.8467,458.98,272.45,0,0,126,164,0,6,0,0,NORMAL,0
INV-SYN-10662,TXN-SYN-10662,SUPP-GLOBAL-01,BUYER-OMEGA-01,FedEx International,1,119017.4,118757.68,-0.0022,0.9896,519.82,459.15,0,0,93,169,0,11,0,0,NORMAL,0
INV-SYN-10663,TXN-SYN-10663,SUPP-GLOBAL-01,BUYER-VORTEX-02,FedEx International,1,103697.26,103394.0,-0.0029,0.8616,862.19,699.25,0,0,94,165,0,20,0,0,NORMAL,0
INV-SYN-10664,TXN-SYN-10664,SUPP-PREC-04,BUYER-VORTEX-02,Kuehne+Nagel Logistics,1,78069.91,78144.62,0.001,0.8226,756.26,673.53,0,0,97,166,0,19,0,0,NORMAL,0
INV-SYN-10665,TXN-SYN-10665,SUPP-PREC-04,BUYER-OMEGA-01,DHL Global Express,1,97527.72,96033.27,-0.0153,1.0109,775.96,602.5,0,0,98,170,0,12,0,0,NORMAL,0
INV-SYN-10666,TXN-SYN-10666,SUPP-NEXUS-02,BUYER-VORTEX-02,Kuehne+Nagel Logistics,1,79581.73,79978.08,0.005,0.9409,714.56,572.49,0,0,94,167,0,23,0,1,NORMAL,0
INV-SYN-10667,TXN-SYN-10667,SUPP-TITAN-03,BUYER-GLOBAL-05,DHL Global Express,1,385279.51,382470.86,-0.0073,1.366,613.36,552.9,1,0,122,134,0,22,0,0,NORMAL,0
INV-SYN-10668,TXN-SYN-10668,SUPP-NEXUS-02,BUYER-VORTEX-02,DB Schenker,1,28666.89,28141.71,-0.0183,0.3311,700.25,603.05,0,0,95,168,0,17,0,0,NORMAL,0
INV-SYN-10669,TXN-SYN-10669,SUPP-GLOBAL-01,BUYER-APEX-06,Kuehne+Nagel Logistics,1,152745.21,152681.21,-0.0004,1.2723,438.09,338.89,0,0,95,148,0,9,1,0,NORMAL,0
INV-SYN-10670,TXN-SYN-10670,SUPP-TITAN-03,BUYER-APEX-06,DB Schenker,1,367225.96,361075.67,-0.0167,1.2896,755.42,707.28,1,0,123,149,0,23,1,1,NORMAL,0
INV-SYN-10671,TXN-SYN-10671,SUPP-TITAN-03,BUYER-OMEGA-01,FedEx International,1,134862.68,132823.94,-0.0151,0.4744,650.87,598.27,1,0,124,171,0,19,0,0,NORMAL,0
INV-SYN-10672,TXN-SYN-10672,SUPP-TITAN-03,BUYER-VORTEX-02,Maersk Ocean Freight,1,256011.87,255794.69,-0.0008,0.9136,332.07,291.02,1,0,125,169,0,1,1,1,NORMAL,0
INV-SYN-10673,TXN-SYN-10673,SUPP-IND-05,BUYER-OMEGA-01,Maersk Ocean Freight,1,145142.37,145680.38,0.0037,0.9105,339.05,295.93,1,0,105,172,0,21,1,0,NORMAL,0
INV-SYN-10674,TXN-SYN-10674,SUPP-TITAN-03,BUYER-OMEGA-01,DB Schenker,1,181474.18,181937.01,0.0026,0.6498,542.49,356.93,1,0,126,173,0,10,0,0,NORMAL,0
INV-SYN-10675,TXN-SYN-10675,SUPP-PREC-04,BUYER-GLOBAL-05,Kuehne+Nagel Logistics,1,76526.85,76609.48,0.0011,0.8064,829.1,777.91,0,0,99,135,0,18,0,0,NORMAL,0
INV-SYN-10676,TXN-SYN-10676,SUPP-IND-05,BUYER-OMEGA-01,Kuehne+Nagel Logistics,1,115576.97,115952.8,0.0033,0.7247,565.87,526.17,1,0,106,174,0,2,0,1,NORMAL,0
INV-SYN-10677,TXN-SYN-10677,SUPP-GLOBAL-01,BUYER-GLOBAL-05,DHL Global Express,1,172568.11,172649.43,0.0005,1.4387,859.98,811.69,0,0,96,136,0,5,1,1,NORMAL,0
INV-SYN-10678,TXN-SYN-10678,SUPP-NEXUS-02,BUYER-VORTEX-02,FedEx International,1,104883.17,104844.01,-0.0004,1.2335,991.99,836.05,0,0,96,170,0,16,0,0,NORMAL,0
INV-SYN-10679,TXN-SYN-10679,SUPP-IND-05,BUYER-GLOBAL-05,DB Schenker,1,210862.2,207474.89,-0.0161,1.2967,834.94,753.57,1,0,107,137,0,18,1,0,NORMAL,0
INV-SYN-10680,TXN-SYN-10680,SUPP-PREC-04,BUYER-OMEGA-01,FedEx International,1,112139.71,112501.39,0.0032,1.1842,934.68,838.21,0,0,100,175,0,5,0,1,NORMAL,0
INV-SYN-10681,TXN-SYN-10681,SUPP-IND-05,BUYER-OMEGA-01,DHL Global Express,1,114837.93,114494.22,-0.003,0.7156,913.96,722.84,1,0,108,176,0,17,0,0,NORMAL,0
INV-SYN-10682,TXN-SYN-10682,SUPP-NEXUS-02,BUYER-GLOBAL-05,DHL Global Express,1,73853.94,74523.68,0.0091,0.8767,697.25,539.35,0,0,97,138,0,20,0,0,NORMAL,0
INV-SYN-10683,TXN-SYN-10683,SUPP-PREC-04,BUYER-GLOBAL-05,DB Schenker,1,106622.65,105435.75,-0.0111,1.1098,504.63,458.0,0,0,101,139,0,0,0,1,NORMAL,0
INV-SYN-10684,TXN-SYN-10684,SUPP-IND-05,BUYER-QUICK-04,Kuehne+Nagel Logistics,1,242779.21,279196.09,0.15,1.745,95.6,9.17,1,5,109,29,0,14,1,0,SERIAL_COUNTERPARTY_SPIKE,1
INV-SYN-10685,TXN-SYN-10685,SUPP-GLOBAL-01,BUYER-APEX-06,DB Schenker,1,141389.95,142205.78,0.0058,1.185,888.83,790.28,0,0,97,150,0,17,0,0,NORMAL,0
INV-SYN-10686,TXN-SYN-10686,SUPP-NEXUS-02,BUYER-APEX-06,Maersk Ocean Freight,1,79893.09,80320.12,0.0053,0.9449,474.61,290.09,0,0,98,151,0,3,0,1,NORMAL,0
INV-SYN-10687,TXN-SYN-10687,SUPP-PREC-04,BUYER-APEX-06,DB Schenker,1,86098.01,86637.51,0.0063,0.912,968.94,826.46,0,0,102,152,0,15,0,0,NORMAL,0
INV-SYN-10688,TXN-SYN-10688,SUPP-GLOBAL-01,BUYER-VORTEX-02,DHL Global Express,1,141328.8,140879.94,-0.0032,1.174,474.51,414.4,0,0,98,171,0,23,0,1,NORMAL,0
INV-SYN-10689,TXN-SYN-10689,SUPP-NEXUS-02,BUYER-APEX-06,DHL Global Express,1,94440.6,93183.74,-0.0133,1.0963,621.73,449.36,0,0,99,153,0,7,1,0,NORMAL,0
INV-SYN-10690,TXN-SYN-10690,SUPP-PREC-04,BUYER-APEX-06,Kuehne+Nagel Logistics,1,86427.05,85165.92,-0.0146,0.8965,753.83,700.93,0,0,103,154,0,16,0,0,NORMAL,0
INV-SYN-10691,TXN-SYN-10691,SUPP-NEXUS-02,BUYER-APEX-06,Kuehne+Nagel Logistics,1,109635.76,108486.62,-0.0105,1.2763,559.03,367.58,0,0,100,155,0,3,0,1,NORMAL,0
INV-SYN-10692,TXN-SYN-10692,SUPP-PACIFIC-08,BUYER-APEX-06,Kuehne+Nagel Logistics,1,54730.06,54381.83,-0.0064,0.7251,448.34,327.31,0,0,127,156,0,18,1,0,NORMAL,0
INV-SYN-10693,TXN-SYN-10693,SUPP-NEXUS-02,BUYER-GLOBAL-05,DHL Global Express,1,98088.63,99033.65,0.0096,1.1651,958.65,801.88,0,0,101,140,0,2,1,1,NORMAL,0
INV-SYN-10694,TXN-SYN-10694,SUPP-TITAN-03,BUYER-APEX-06,DHL Global Express,1,321517.09,317145.3,-0.0136,1.1327,880.58,811.59,1,0,127,157,0,10,0,0,NORMAL,0
INV-SYN-10695,TXN-SYN-10695,SUPP-PACIFIC-08,BUYER-APEX-06,DHL Global Express,1,69196.0,69131.69,-0.0009,0.9218,453.38,404.34,0,0,128,158,0,22,1,0,NORMAL,0
INV-SYN-10696,TXN-SYN-10696,SUPP-GLOBAL-01,BUYER-GLOBAL-05,FedEx International,1,129783.99,128945.93,-0.0065,1.0745,743.26,641.79,0,0,99,141,0,3,0,1,NORMAL,0
INV-SYN-10697,TXN-SYN-10697,SUPP-TITAN-03,BUYER-VORTEX-02,Maersk Ocean Freight,1,192422.05,189107.24,-0.0172,0.6754,994.68,818.02,1,0,128,172,0,6,0,0,NORMAL,0
INV-SYN-10698,TXN-SYN-10698,SUPP-TITAN-03,BUYER-VORTEX-02,DB Schenker,1,344681.89,347528.36,0.0083,1.2412,764.43,653.3,1,0,129,173,0,10,0,0,NORMAL,0
INV-SYN-10699,TXN-SYN-10699,SUPP-NEXUS-02,BUYER-APEX-06,DHL Global Express,1,81070.83,81134.64,0.0008,0.9545,673.25,576.55,0,0,102,159,0,22,0,0,NORMAL,0
INV-SYN-10700,TXN-SYN-10700,SUPP-IND-05,BUYER-VORTEX-02,Maersk Ocean Freight,1,139091.08,139096.49,0.0,0.8694,770.61,638.44,1,0,110,174,0,11,1,0,NORMAL,0
INV-SYN-10701,TXN-SYN-10701,SUPP-PACIFIC-08,BUYER-GLOBAL-05,Kuehne+Nagel Logistics,1,94668.92,95321.67,0.0069,1.271,940.26,758.58,0,0,129,142,0,4,0,1,NORMAL,0
INV-SYN-10702,TXN-SYN-10702,SUPP-GLOBAL-01,BUYER-APEX-06,FedEx International,1,98869.69,99034.66,0.0017,0.8253,810.74,620.58,0,0,100,160,0,0,0,1,NORMAL,0
INV-SYN-10703,TXN-SYN-10703,SUPP-PACIFIC-08,BUYER-OMEGA-01,DB Schenker,1,48591.35,48706.57,0.0024,0.6494,769.91,704.63,0,0,130,177,0,2,1,1,NORMAL,0
INV-SYN-10704,TXN-SYN-10704,SUPP-IND-05,BUYER-STEEL-03,Maersk Ocean Freight,1,97734.83,173557.01,0.7758,1.0847,525.72,442.8,1,1,111,23,0,23,0,1,AMOUNT_INFLATION,1
INV-SYN-10705,TXN-SYN-10705,SUPP-IND-05,BUYER-OMEGA-01,Kuehne+Nagel Logistics,1,184240.4,184142.26,-0.0005,1.1509,558.17,451.04,1,0,112,178,0,5,0,1,NORMAL,0
INV-SYN-10706,TXN-SYN-10706,SUPP-IND-05,BUYER-APEX-06,FedEx International,1,108782.83,109104.0,0.003,0.6819,568.98,515.29,1,0,113,161,0,13,0,0,NORMAL,0
INV-SYN-10707,TXN-SYN-10707,SUPP-TITAN-03,BUYER-VORTEX-02,Maersk Ocean Freight,1,402835.59,396744.6,-0.0151,1.4169,851.05,747.05,1,0,130,175,0,6,0,0,NORMAL,0
INV-SYN-10708,TXN-SYN-10708,SUPP-PACIFIC-08,BUYER-APEX-06,DHL Global Express,1,35963.82,36002.04,0.0011,0.48,1019.53,837.22,0,0,131,162,0,5,0,1,NORMAL,0
INV-SYN-10709,TXN-SYN-10709,SUPP-GLOBAL-01,BUYER-OMEGA-01,Kuehne+Nagel Logistics,1,170893.69,170635.27,-0.0015,1.422,790.13,689.97,0,0,101,179,0,1,0,1,NORMAL,0
INV-SYN-10710,TXN-SYN-10710,SUPP-IND-05,BUYER-OMEGA-01,Maersk Ocean Freight,1,168440.7,167615.48,-0.0049,1.0476,912.74,751.02,1,0,114,180,0,11,0,0,NORMAL,0
INV-SYN-10711,TXN-SYN-10711,SUPP-NEXUS-02,BUYER-VORTEX-02,Kuehne+Nagel Logistics,1,82944.85,82658.49,-0.0035,0.9725,864.19,810.33,0,0,103,176,0,20,0,0,NORMAL,0
INV-SYN-10712,TXN-SYN-10712,SUPP-TITAN-03,BUYER-APEX-06,Kuehne+Nagel Logistics,1,241855.66,242971.23,0.0046,0.8678,390.36,244.56,1,0,131,163,0,13,0,0,NORMAL,0
INV-SYN-10713,TXN-SYN-10713,SUPP-TITAN-03,BUYER-VORTEX-02,Maersk Ocean Freight,1,307939.53,304252.96,-0.012,1.0866,881.84,743.09,1,0,132,177,0,3,1,1,NORMAL,0
INV-SYN-10714,TXN-SYN-10714,SUPP-PREC-04,BUYER-VORTEX-02,DHL Global Express,1,94106.18,94790.5,0.0073,0.9978,373.12,332.03,0,0,104,178,0,3,1,1,NORMAL,0
INV-SYN-10715,TXN-SYN-10715,SUPP-TITAN-03,BUYER-GLOBAL-05,FedEx International,1,357231.13,360365.77,0.0088,1.287,764.33,573.44,1,0,133,143,0,3,1,1,NORMAL,0
INV-SYN-10716,TXN-SYN-10716,SUPP-PREC-04,BUYER-VORTEX-02,DB Schenker,1,97712.91,96911.62,-0.0082,1.0201,541.51,497.46,0,0,105,179,0,16,0,0,NORMAL,0
INV-SYN-10717,TXN-SYN-10717,SUPP-PACIFIC-08,BUYER-APEX-06,DB Schenker,1,77818.16,76667.35,-0.0148,1.0222,512.12,335.07,0,0,132,164,0,10,1,0,NORMAL,0
INV-SYN-10718,TXN-SYN-10718,SUPP-NEXUS-02,BUYER-OMEGA-01,DB Schenker,1,77273.24,76020.63,-0.0162,0.8944,765.03,710.57,0,0,104,181,0,14,0,0,NORMAL,0
INV-SYN-10719,TXN-SYN-10719,SUPP-PACIFIC-08,BUYER-GLOBAL-05,DHL Global Express,1,73932.27,72806.4,-0.0152,0.9708,382.25,295.96,0,0,133,144,0,10,0,0,NORMAL,0
INV-SYN-10720,TXN-SYN-10720,SUPP-PREC-04,BUYER-OMEGA-01,DB Schenker,1,102310.29,102085.07,-0.0022,1.0746,832.7,792.36,0,0,106,182,0,15,1,0,NORMAL,0
INV-SYN-10721,TXN-SYN-10721,SUPP-GLOBAL-01,BUYER-APEX-06,Maersk Ocean Freight,1,68694.95,68834.06,0.002,0.5736,541.35,351.93,0,0,102,165,0,13,0,0,NORMAL,0
INV-SYN-10722,TXN-SYN-10722,SUPP-PACIFIC-08,BUYER-VORTEX-02,Kuehne+Nagel Logistics,1,49721.52,49525.74,-0.0039,0.6603,776.49,702.23,0,0,134,180,0,0,1,1,NORMAL,0
INV-SYN-10723,TXN-SYN-10723,SUPP-PACIFIC-08,BUYER-OMEGA-01,DB Schenker,1,88936.2,89652.07,0.008,1.1954,894.04,760.16,0,0,135,183,0,1,1,1,NORMAL,0
INV-SYN-10724,TXN-SYN-10724,SUPP-GLOBAL-01,BUYER-APEX-06,Maersk Ocean Freight,1,125125.96,123083.97,-0.0163,1.0257,834.89,776.76,0,0,103,166,0,19,1,0,NORMAL,0
INV-SYN-10725,TXN-SYN-10725,SUPP-GLOBAL-01,BUYER-OMEGA-01,Kuehne+Nagel Logistics,1,114480.5,113432.08,-0.0092,0.9453,467.18,300.4,0,0,104,184,0,16,0,0,NORMAL,0
INV-SYN-10726,TXN-SYN-10726,SUPP-GLOBAL-01,BUYER-APEX-06,Kuehne+Nagel Logistics,1,120553.02,121611.06,0.0088,1.0134,513.06,465.15,0,0,105,167,0,10,0,0,NORMAL,0
INV-SYN-10727,TXN-SYN-10727,SUPP-TITAN-03,BUYER-APEX-06,FedEx International,1,304330.72,299885.72,-0.0146,1.071,673.38,635.8,1,0,134,168,0,0,1,1,NORMAL,0
INV-SYN-10728,TXN-SYN-10728,SUPP-PACIFIC-08,BUYER-OMEGA-01,DB Schenker,1,64879.51,64249.16,-0.0097,0.8567,690.09,600.0,0,0,136,185,0,9,0,0,NORMAL,0
INV-SYN-10729,TXN-SYN-10729,SUPP-GLOBAL-01,BUYER-VORTEX-02,DB Schenker,1,96650.86,95455.78,-0.0124,0.7955,312.7,257.73,0,0,106,181,0,2,0,1,NORMAL,0
INV-SYN-10730,TXN-SYN-10730,SUPP-GLOBAL-01,BUYER-VORTEX-02,DHL Global Express,1,125875.36,124735.78,-0.0091,1.0395,612.7,436.52,0,0,107,182,0,16,0,0,NORMAL,0
INV-SYN-10731,TXN-SYN-10731,SUPP-NEXUS-02,BUYER-OMEGA-01,Kuehne+Nagel Logistics,1,64209.58,64735.81,0.0082,0.7616,437.29,359.54,0,0,105,186,0,12,0,0,NORMAL,0
INV-SYN-10732,TXN-SYN-10732,SUPP-GLOBAL-01,BUYER-GLOBAL-05,Kuehne+Nagel Logistics,1,132247.58,132189.09,-0.0004,1.1016,610.5,501.64,0,0,108,145,0,3,0,1,NORMAL,0
INV-SYN-10733,TXN-SYN-10733,SUPP-PREC-04,BUYER-VORTEX-02,Maersk Ocean Freight,1,54563.64,53796.27,-0.0141,0.5663,985.1,817.12,0,0,107,183,0,10,0,0,NORMAL,0
INV-SYN-10734,TXN-SYN-10734,SUPP-GLOBAL-01,BUYER-GLOBAL-05,Kuehne+Nagel Logistics,1,150874.67,148788.82,-0.0138,1.2399,918.36,769.71,0,0,109,146,0,1,0,1,NORMAL,0
INV-SYN-10735,TXN-SYN-10735,SUPP-PREC-04,BUYER-GLOBAL-05,Kuehne+Nagel Logistics,1,106224.19,106084.75,-0.0013,1.1167,490.57,359.83,0,0,108,147,0,8,0,0,NORMAL,0
INV-SYN-10736,TXN-SYN-10736,SUPP-TITAN-03,BUYER-GLOBAL-05,DHL Global Express,1,297922.08,299286.64,0.0046,1.0689,920.97,814.86,1,0,135,148,0,13,0,0,NORMAL,0
INV-SYN-10737,TXN-SYN-10737,SUPP-PHANTOM-07,BUYER-QUICK-04,FedEx International,1,560552.74,872718.88,0.5569,1.9394,327.77,248.79,8,5,15,30,0,1,0,1,AMOUNT_INFLATION,1
INV-SYN-10738,TXN-SYN-10738,SUPP-GLOBAL-01,BUYER-VORTEX-02,DHL Global Express,1,169964.23,168461.56,-0.0088,1.4038,403.38,245.78,0,0,110,184,0,21,0,0,NORMAL,0
INV-SYN-10739,TXN-SYN-10739,SUPP-PACIFIC-08,BUYER-OMEGA-01,Maersk Ocean Freight,1,94019.44,92742.01,-0.0136,1.2366,903.77,779.25,0,0,137,187,0,1,0,1,NORMAL,0
INV-SYN-10740,TXN-SYN-10740,SUPP-IND-05,BUYER-OMEGA-01,DHL Global Express,1,86365.03,86196.97,-0.0019,0.5387,694.83,576.58,1,0,115,188,0,12,0,0,NORMAL,0
INV-SYN-10741,TXN-SYN-10741,SUPP-PACIFIC-08,BUYER-OMEGA-01,Kuehne+Nagel Logistics,1,51007.93,50976.72,-0.0006,0.6797,573.08,430.67,0,0,138,189,0,3,0,1,NORMAL,0
INV-SYN-10742,TXN-SYN-10742,SUPP-TITAN-03,BUYER-VORTEX-02,Maersk Ocean Freight,1,236262.7,237227.07,0.0041,0.8472,606.53,492.74,1,0,136,185,0,1,0,1,NORMAL,0
INV-SYN-10743,TXN-SYN-10743,SUPP-GLOBAL-01,BUYER-APEX-06,DB Schenker,1,120782.73,119551.5,-0.0102,0.9963,348.49,252.76,0,0,111,169,0,6,0,0,NORMAL,0
INV-SYN-10744,TXN-SYN-10744,SUPP-GLOBAL-01,BUYER-OMEGA-01,Kuehne+Nagel Logistics,1,135529.77,133975.38,-0.0115,1.1165,429.5,262.2,0,0,112,190,0,12,0,0,NORMAL,0
INV-SYN-10745,TXN-SYN-10745,SUPP-IND-05,BUYER-OMEGA-01,Kuehne+Nagel Logistics,1,130970.25,128414.78,-0.0195,0.8026,783.26,673.95,1,0,116,191,0,3,0,1,NORMAL,0
INV-SYN-10746,TXN-SYN-10746,SUPP-TITAN-03,BUYER-GLOBAL-05,Maersk Ocean Freight,1,293073.67,290732.11,-0.008,1.0383,659.1,536.29,1,0,137,149,0,18,0,0,NORMAL,0
INV-SYN-10747,TXN-SYN-10747,SUPP-GLOBAL-01,BUYER-APEX-06,DHL Global Express,1,97338.51,98265.08,0.0095,0.8189,858.81,745.85,0,0,113,170,0,6,0,0,NORMAL,0
INV-SYN-10748,TXN-SYN-10748,SUPP-IND-05,BUYER-OMEGA-01,DHL Global Express,1,135539.29,133023.01,-0.0186,0.8314,873.75,836.12,1,0,117,192,0,13,1,0,NORMAL,0
INV-SYN-10749,TXN-SYN-10749,SUPP-PHANTOM-07,BUYER-STEEL-03,None,0,500000.0,500000.0,0.0,1.1111,35.56,-1.21,8,1,16,24,1,0,0,1,OFF_HOURS_ROUND_SUM,1
INV-SYN-10750,TXN-SYN-10750,SUPP-GLOBAL-01,BUYER-OMEGA-01,DB Schenker,1,92303.0,91299.55,-0.0109,0.7608,792.12,714.98,0,0,114,193,0,6,1,0,NORMAL,0
INV-SYN-10751,TXN-SYN-10751,SUPP-PREC-04,BUYER-GLOBAL-05,DHL Global Express,1,62897.49,63384.68,0.0077,0.6672,442.79,315.77,0,0,109,150,0,1,1,1,NORMAL,0
INV-SYN-10752,TXN-SYN-10752,SUPP-NEXUS-02,BUYER-APEX-06,FedEx International,1,64262.69,64265.71,0.0,0.7561,704.13,586.73,0,0,106,171,0,14,0,0,NORMAL,0
INV-SYN-10753,TXN-SYN-10753,SUPP-PACIFIC-08,BUYER-APEX-06,FedEx International,1,94755.78,93775.75,-0.0103,1.2503,445.09,295.08,0,0,139,172,0,2,0,1,NORMAL,0
INV-SYN-10754,TXN-SYN-10754,SUPP-TITAN-03,BUYER-OMEGA-01,FedEx International,1,213542.08,214623.94,0.0051,0.7665,730.79,656.98,1,0,138,194,0,9,1,0,NORMAL,0
INV-SYN-10755,TXN-SYN-10755,SUPP-GLOBAL-01,BUYER-APEX-06,Kuehne+Nagel Logistics,1,198971.46,195070.39,-0.0196,1.6256,422.47,352.75,0,0,115,173,0,11,0,0,NORMAL,0
INV-SYN-10756,TXN-SYN-10756,SUPP-GLOBAL-01,BUYER-GLOBAL-05,Maersk Ocean Freight,1,134799.54,134491.62,-0.0023,1.1208,814.61,696.29,0,0,116,151,0,22,0,0,NORMAL,0
INV-SYN-10757,TXN-SYN-10757,SUPP-TITAN-03,BUYER-APEX-06,FedEx International,1,292938.53,294530.42,0.0054,1.0519,423.75,371.27,1,0,139,174,0,20,0,0,NORMAL,0
INV-SYN-10758,TXN-SYN-10758,SUPP-PHANTOM-07,BUYER-GLOBAL-05,Maersk Ocean Freight,1,576652.63,663150.52,0.15,1.4737,187.29,122.68,8,0,17,152,0,18,0,0,SERIAL_COUNTERPARTY_SPIKE,1
INV-SYN-10759,TXN-SYN-10759,SUPP-NEXUS-02,BUYER-STEEL-03,None,0,111029.52,111029.52,0.0,1.3062,2.57,-1.0,0,1,107,25,0,18,1,0,RAPID_GHOST_SETTLEMENT,1
INV-SYN-10760,TXN-SYN-10760,SUPP-TITAN-03,BUYER-OMEGA-01,DHL Global Express,1,239705.35,238728.93,-0.0041,0.8526,887.06,796.16,1,0,140,195,0,11,0,0,NORMAL,0
INV-SYN-10761,TXN-SYN-10761,SUPP-GLOBAL-01,BUYER-GLOBAL-05,DB Schenker,1,123660.29,121745.86,-0.0155,1.0145,554.59,440.24,0,0,117,153,0,10,1,0,NORMAL,0
INV-SYN-10762,TXN-SYN-10762,SUPP-PREC-04,BUYER-GLOBAL-05,Kuehne+Nagel Logistics,1,155802.01,152915.63,-0.0185,1.6096,452.03,356.36,0,0,110,154,0,20,0,0,NORMAL,0
INV-SYN-10763,TXN-SYN-10763,SUPP-NEXUS-02,BUYER-APEX-06,DB Schenker,1,82958.73,81986.27,-0.0117,0.9645,630.9,500.14,0,0,108,175,0,0,1,1,NORMAL,0
INV-SYN-10764,TXN-SYN-10764,SUPP-PACIFIC-08,BUYER-OMEGA-01,DHL Global Express,1,96548.87,97395.52,0.0088,1.2986,847.29,777.04,0,0,140,196,0,15,0,0,NORMAL,0
INV-SYN-10765,TXN-SYN-10765,SUPP-IND-05,BUYER-GLOBAL-05,DB Schenker,1,131872.94,131340.69,-0.004,0.8209,738.68,659.71,1,0,118,155,0,1,0,1,NORMAL,0
INV-SYN-10766,TXN-SYN-10766,SUPP-PREC-04,BUYER-APEX-06,Maersk Ocean Freight,1,94169.02,92906.84,-0.0134,0.978,701.66,537.1,0,0,111,176,0,17,1,0,NORMAL,0
INV-SYN-10767,TXN-SYN-10767,SUPP-NEXUS-02,BUYER-VORTEX-02,DHL Global Express,1,122629.51,121236.41,-0.0114,1.4263,425.57,296.55,0,0,109,186,0,18,0,0,NORMAL,0
INV-SYN-10768,TXN-SYN-10768,SUPP-IND-05,BUYER-APEX-06,FedEx International,1,134921.32,135673.77,0.0056,0.848,572.39,429.07,1,0,119,177,0,7,1,0,NORMAL,0
INV-SYN-10769,TXN-SYN-10769,SUPP-IND-05,BUYER-QUICK-04,DHL Global Express,1,232497.94,491950.78,1.1159,3.0747,272.99,183.91,1,5,120,31,0,7,1,0,AMOUNT_INFLATION,1
INV-SYN-10770,TXN-SYN-10770,SUPP-TITAN-03,BUYER-OMEGA-01,Maersk Ocean Freight,1,329542.64,330467.94,0.0028,1.1802,859.24,821.72,1,0,141,197,0,7,0,0,NORMAL,0
INV-SYN-10771,TXN-SYN-10771,SUPP-IND-05,BUYER-OMEGA-01,DHL Global Express,1,137501.33,135772.29,-0.0126,0.8486,633.42,580.36,1,0,121,198,0,9,1,0,NORMAL,0
INV-SYN-10772,TXN-SYN-10772,SUPP-PREC-04,BUYER-STEEL-03,Maersk Ocean Freight,1,110019.68,161177.88,0.465,1.6966,408.12,282.94,0,1,112,26,0,0,0,1,AMOUNT_INFLATION,1
INV-SYN-10773,TXN-SYN-10773,SUPP-PACIFIC-08,BUYER-GLOBAL-05,Maersk Ocean Freight,1,93235.4,92090.49,-0.0123,1.2279,627.14,515.25,0,0,141,156,0,22,0,0,NORMAL,0
INV-SYN-10774,TXN-SYN-10774,SUPP-TITAN-03,BUYER-GLOBAL-05,DB Schenker,1,323526.7,325707.65,0.0067,1.1632,687.44,530.61,1,0,142,157,0,11,0,0,NORMAL,0
INV-SYN-10775,TXN-SYN-10775,SUPP-TITAN-03,BUYER-QUICK-04,None,0,229619.9,229619.9,0.0,0.8201,0.64,-1.0,1,5,143,32,0,17,0,0,RAPID_GHOST_SETTLEMENT,1
INV-SYN-10776,TXN-SYN-10776,SUPP-IND-05,BUYER-APEX-06,Kuehne+Nagel Logistics,1,130914.51,131219.67,0.0023,0.8201,689.48,623.24,1,0,122,178,0,3,0,1,NORMAL,0
INV-SYN-10777,TXN-SYN-10777,SUPP-TITAN-03,BUYER-APEX-06,Maersk Ocean Freight,1,262673.7,264324.02,0.0063,0.944,836.09,772.8,1,0,144,179,0,7,0,0,NORMAL,0
INV-SYN-10778,TXN-SYN-10778,SUPP-PREC-04,BUYER-APEX-06,DB Schenker,1,93232.21,92140.22,-0.0117,0.9699,617.78,552.05,0,0,113,180,0,12,1,0,NORMAL,0
INV-SYN-10779,TXN-SYN-10779,SUPP-TITAN-03,BUYER-OMEGA-01,Maersk Ocean Freight,1,323447.05,321393.43,-0.0063,1.1478,600.08,413.05,1,0,145,199,0,9,0,0,NORMAL,0
INV-SYN-10780,TXN-SYN-10780,SUPP-GLOBAL-01,BUYER-APEX-06,DB Schenker,1,125331.03,123377.61,-0.0156,1.0281,962.23,820.0,0,0,118,181,0,3,0,1,NORMAL,0
INV-SYN-10781,TXN-SYN-10781,SUPP-IND-05,BUYER-VORTEX-02,DHL Global Express,1,106586.23,105376.24,-0.0114,0.6586,673.08,512.31,1,0,123,187,0,8,1,0,NORMAL,0
INV-SYN-10782,TXN-SYN-10782,SUPP-NEXUS-02,BUYER-GLOBAL-05,DHL Global Express,1,93079.2,91562.3,-0.0163,1.0772,610.38,498.19,0,0,110,158,0,12,0,0,NORMAL,0
INV-SYN-10783,TXN-SYN-10783,SUPP-PACIFIC-08,BUYER-OMEGA-01,DB Schenker,1,86448.48,85076.68,-0.0159,1.1344,812.28,639.2,0,0,142,200,0,3,0,1,NORMAL,0
INV-SYN-10784,TXN-SYN-10784,SUPP-TITAN-03,BUYER-APEX-06,None,0,447636.86,447636.86,0.0,1.5987,4.63,-1.0,1,0,146,182,0,16,0,0,RAPID_GHOST_SETTLEMENT,1
INV-SYN-10785,TXN-SYN-10785,SUPP-TITAN-03,BUYER-VORTEX-02,Kuehne+Nagel Logistics,1,355654.65,358495.63,0.008,1.2803,568.34,493.54,1,0,147,188,0,8,0,0,NORMAL,0
INV-SYN-10786,TXN-SYN-10786,SUPP-GLOBAL-01,BUYER-GLOBAL-05,Kuehne+Nagel Logistics,1,145017.66,144714.74,-0.0021,1.206,710.39,647.35,0,0,119,159,0,20,0,0,NORMAL,0
INV-SYN-10787,TXN-SYN-10787,SUPP-TITAN-03,BUYER-VORTEX-02,DB Schenker,1,312142.61,307767.99,-0.014,1.0992,416.88,359.71,1,0,148,189,0,16,0,0,NORMAL,0
INV-SYN-10788,TXN-SYN-10788,SUPP-TITAN-03,BUYER-OMEGA-01,FedEx International,1,275088.4,277237.82,0.0078,0.9901,573.52,465.58,1,0,149,201,0,18,0,0,NORMAL,0
INV-SYN-10789,TXN-SYN-10789,SUPP-PREC-04,BUYER-OMEGA-01,Maersk Ocean Freight,1,55552.18,55177.59,-0.0067,0.5808,605.9,521.03,0,0,114,202,0,10,0,0,NORMAL,0
INV-SYN-10790,TXN-SYN-10790,SUPP-PREC-04,BUYER-APEX-06,DB Schenker,1,105203.43,104394.18,-0.0077,1.0989,296.17,255.85,0,0,115,183,0,17,0,0,NORMAL,0
INV-SYN-10791,TXN-SYN-10791,SUPP-PREC-04,BUYER-OMEGA-01,FedEx International,1,99932.58,99778.31,-0.0015,1.0503,671.37,588.19,0,0,116,203,0,11,0,0,NORMAL,0
INV-SYN-10792,TXN-SYN-10792,SUPP-TITAN-03,BUYER-VORTEX-02,DHL Global Express,1,299010.52,301102.81,0.007,1.0754,866.14,693.2,1,0,150,190,0,16,0,0,NORMAL,0
INV-SYN-10793,TXN-SYN-10793,SUPP-PREC-04,BUYER-VORTEX-02,DB Schenker,1,64677.22,63395.23,-0.0198,0.6673,678.1,516.13,0,0,117,191,0,4,0,1,NORMAL,0
INV-SYN-10794,TXN-SYN-10794,SUPP-GLOBAL-01,BUYER-OMEGA-01,Maersk Ocean Freight,1,87568.3,87997.11,0.0049,0.7333,733.99,596.6,0,0,120,204,0,10,1,0,NORMAL,0
INV-SYN-10795,TXN-SYN-10795,SUPP-TITAN-03,BUYER-APEX-06,DB Schenker,1,353720.7,355818.06,0.0059,1.2708,699.59,644.65,1,0,151,184,0,9,1,0,NORMAL,0
INV-SYN-10796,TXN-SYN-10796,SUPP-PACIFIC-08,BUYER-OMEGA-01,Kuehne+Nagel Logistics,1,74258.34,73923.28,-0.0045,0.9856,445.52,321.84,0,0,143,205,0,17,0,0,NORMAL,0
INV-SYN-10797,TXN-SYN-10797,SUPP-PACIFIC-08,BUYER-VORTEX-02,DHL Global Express,1,87778.14,86841.26,-0.0107,1.1579,913.68,723.37,0,0,144,192,0,21,1,0,NORMAL,0
INV-SYN-10798,TXN-SYN-10798,SUPP-IND-05,BUYER-VORTEX-02,DHL Global Express,1,161132.74,157910.26,-0.02,0.9869,682.08,551.89,1,0,124,193,0,16,0,0,NORMAL,0
INV-SYN-10799,TXN-SYN-10799,SUPP-NEXUS-02,BUYER-VORTEX-02,Kuehne+Nagel Logistics,1,85632.32,83983.02,-0.0193,0.988,388.3,273.39,0,0,111,194,0,11,0,0,NORMAL,0
INV-SYN-10800,TXN-SYN-10800,SUPP-GLOBAL-01,BUYER-GLOBAL-05,DB Schenker,1,148148.51,149553.09,0.0095,1.2463,560.13,396.16,0,0,121,160,0,3,1,1,NORMAL,0
INV-SYN-10801,TXN-SYN-10801,SUPP-IND-05,BUYER-APEX-06,DHL Global Express,1,139358.21,139151.23,-0.0015,0.8697,454.33,350.88,1,0,125,185,0,7,0,0,NORMAL,0
INV-SYN-10802,TXN-SYN-10802,SUPP-PACIFIC-08,BUYER-VORTEX-02,Kuehne+Nagel Logistics,1,76802.26,76975.06,0.0022,1.0263,649.56,528.28,0,0,145,195,0,14,0,0,NORMAL,0
INV-SYN-10803,TXN-SYN-10803,SUPP-TITAN-03,BUYER-OMEGA-01,Kuehne+Nagel Logistics,1,247640.73,246350.26,-0.0052,0.8798,611.65,471.49,1,0,152,206,0,17,1,0,NORMAL,0
INV-SYN-10804,TXN-SYN-10804,SUPP-GLOBAL-01,BUYER-APEX-06,Kuehne+Nagel Logistics,1,106965.11,106189.08,-0.0073,0.8849,352.44,312.08,0,0,122,186,0,3,0,1,NORMAL,0
INV-SYN-10805,TXN-SYN-10805,SUPP-PREC-04,BUYER-OMEGA-01,DB Schenker,1,87657.16,85993.65,-0.019,0.9052,644.15,506.69,0,0,118,207,0,15,1,0,NORMAL,0
INV-SYN-10806,TXN-SYN-10806,SUPP-TITAN-03,BUYER-VORTEX-02,FedEx International,1,295549.36,296049.42,0.0017,1.0573,533.85,454.65,1,0,153,196,0,5,0,1,NORMAL,0
INV-SYN-10807,TXN-SYN-10807,SUPP-IND-05,BUYER-VORTEX-02,DHL Global Express,1,140850.06,141017.21,0.0012,0.8814,441.64,344.7,1,0,126,197,0,2,1,1,NORMAL,0
INV-SYN-10808,TXN-SYN-10808,SUPP-NEXUS-02,BUYER-GLOBAL-05,FedEx International,1,111684.82,111337.98,-0.0031,1.3099,514.68,407.0,0,0,112,161,0,23,1,1,NORMAL,0
INV-SYN-10809,TXN-SYN-10809,SUPP-PACIFIC-08,BUYER-GLOBAL-05,Kuehne+Nagel Logistics,1,58226.11,57180.74,-0.018,0.7624,632.85,465.91,0,0,146,162,0,9,0,0,NORMAL,0
INV-SYN-10810,TXN-SYN-10810,SUPP-PREC-04,BUYER-VORTEX-02,DB Schenker,1,90561.8,91270.21,0.0078,0.9607,552.5,395.54,0,0,119,198,0,9,0,0,NORMAL,0
INV-SYN-10811,TXN-SYN-10811,SUPP-PACIFIC-08,BUYER-GLOBAL-05,Kuehne+Nagel Logistics,1,66755.04,66582.93,-0.0026,0.8878,407.72,280.54,0,0,147,163,0,7,0,0,NORMAL,0
INV-SYN-10812,TXN-SYN-10812,SUPP-GLOBAL-01,BUYER-VORTEX-02,Kuehne+Nagel Logistics,1,163409.34,163402.45,-0.0,1.3617,548.11,434.2,0,0,123,199,0,6,0,0,NORMAL,0
INV-SYN-10813,TXN-SYN-10813,SUPP-IND-05,BUYER-STEEL-03,Kuehne+Nagel Logistics,1,340604.09,391694.7,0.15,2.4481,82.4,-30.14,1,1,127,27,0,23,1,1,SERIAL_COUNTERPARTY_SPIKE,1
INV-SYN-10814,TXN-SYN-10814,SUPP-TITAN-03,BUYER-OMEGA-01,Maersk Ocean Freight,1,352229.12,353109.01,0.0025,1.2611,708.8,603.92,1,0,154,208,0,1,0,1,NORMAL,0
INV-SYN-10815,TXN-SYN-10815,SUPP-GLOBAL-01,BUYER-VORTEX-02,DB Schenker,1,75433.19,75505.74,0.001,0.6292,668.79,573.88,0,0,124,200,0,15,0,0,NORMAL,0
INV-SYN-10816,TXN-SYN-10816,SUPP-NEXUS-02,BUYER-GLOBAL-05,FedEx International,1,90674.82,90707.96,0.0004,1.0672,571.62,500.44,0,0,113,164,0,8,0,0,NORMAL,0
INV-SYN-10817,TXN-SYN-10817,SUPP-IND-05,BUYER-STEEL-03,DHL Global Express,1,195585.23,309820.8,0.5841,1.9364,375.2,249.44,1,1,128,28,0,16,0,0,AMOUNT_INFLATION,1
INV-SYN-10818,TXN-SYN-10818,SUPP-PREC-04,BUYER-OMEGA-01,DB Schenker,1,96954.24,96999.89,0.0005,1.0211,723.11,537.71,0,0,120,209,0,10,1,0,NORMAL,0
INV-SYN-10819,TXN-SYN-10819,SUPP-PACIFIC-08,BUYER-QUICK-04,None,0,157769.18,157769.18,0.0,2.1036,2.47,-1.0,0,5,148,33,0,9,0,0,RAPID_GHOST_SETTLEMENT,1
INV-SYN-10820,TXN-SYN-10820,SUPP-PACIFIC-08,BUYER-APEX-06,DB Schenker,1,65300.84,65109.81,-0.0029,0.8681,474.78,418.94,0,0,149,187,0,1,0,1,NORMAL,0
INV-SYN-10821,TXN-SYN-10821,SUPP-GLOBAL-01,BUYER-APEX-06,FedEx International,1,162280.42,161963.11,-0.002,1.3497,820.42,732.8,0,0,125,188,0,0,0,1,NORMAL,0
INV-SYN-10822,TXN-SYN-10822,SUPP-SUSP-06,BUYER-QUICK-04,None,0,1091749.19,1091749.19,0.0,2.7994,0.84,-1.0,6,5,17,34,0,1,0,1,RAPID_GHOST_SETTLEMENT,1
INV-SYN-10823,TXN-SYN-10823,SUPP-IND-05,BUYER-VORTEX-02,Kuehne+Nagel Logistics,1,145486.46,146643.7,0.008,0.9165,725.19,611.19,1,0,129,201,0,6,0,0,NORMAL,0
INV-SYN-10824,TXN-SYN-10824,SUPP-IND-05,BUYER-OMEGA-01,DHL Global Express,1,142179.9,143332.67,0.0081,0.8958,449.01,259.36,1,0,130,210,0,17,1,0,NORMAL,0
INV-SYN-10825,TXN-SYN-10825,SUPP-PREC-04,BUYER-GLOBAL-05,FedEx International,1,129517.88,130377.99,0.0066,1.3724,613.52,568.25,0,0,121,165,0,4,0,1,NORMAL,0
INV-SYN-10826,TXN-SYN-10826,SUPP-PACIFIC-08,BUYER-GLOBAL-05,FedEx International,1,104616.98,104606.53,-0.0001,1.3948,709.14,536.13,0,0,150,166,0,22,1,0,NORMAL,0
INV-SYN-10827,TXN-SYN-10827,SUPP-IND-05,BUYER-OMEGA-01,DB Schenker,1,139085.6,136599.15,-0.0179,0.8537,898.55,797.62,1,0,131,211,0,12,0,0,NORMAL,0
INV-SYN-10828,TXN-SYN-10828,SUPP-IND-05,BUYER-APEX-06,DHL Global Express,1,143192.53,141490.72,-0.0119,0.8843,580.47,537.96,1,0,132,189,0,16,1,0,NORMAL,0
INV-SYN-10829,TXN-SYN-10829,SUPP-NEXUS-02,BUYER-GLOBAL-05,FedEx International,1,79012.08,78151.05,-0.0109,0.9194,421.44,252.87,0,0,114,167,0,21,0,0,NORMAL,0
INV-SYN-10830,TXN-SYN-10830,SUPP-GLOBAL-01,BUYER-OMEGA-01,Kuehne+Nagel Logistics,1,79666.48,80012.3,0.0043,0.6668,768.5,649.16,0,0,126,212,0,2,0,1,NORMAL,0
INV-SYN-10831,TXN-SYN-10831,SUPP-PACIFIC-08,BUYER-OMEGA-01,FedEx International,1,57775.28,56710.15,-0.0184,0.7561,653.28,497.83,0,0,151,213,0,21,1,0,NORMAL,0
INV-SYN-10832,TXN-SYN-10832,SUPP-PREC-04,BUYER-VORTEX-02,Maersk Ocean Freight,1,71151.66,69980.49,-0.0165,0.7366,583.12,451.07,0,0,122,202,0,1,1,1,NORMAL,0
INV-SYN-10833,TXN-SYN-10833,SUPP-TITAN-03,BUYER-APEX-06,DHL Global Express,1,226254.17,223345.7,-0.0129,0.7977,426.63,376.28,1,0,155,190,0,20,0,0,NORMAL,0
INV-SYN-10834,TXN-SYN-10834,SUPP-PACIFIC-08,BUYER-OMEGA-01,DHL Global Express,1,74349.66,72895.9,-0.0196,0.9719,434.26,285.97,0,0,152,214,0,12,0,0,NORMAL,0
INV-SYN-10835,TXN-SYN-10835,SUPP-NEXUS-02,BUYER-APEX-06,FedEx International,1,89977.06,88295.53,-0.0187,1.0388,929.4,838.85,0,0,115,191,0,13,1,0,NORMAL,0
INV-SYN-10836,TXN-SYN-10836,SUPP-NEXUS-02,BUYER-APEX-06,Maersk Ocean Freight,1,117948.14,116022.2,-0.0163,1.365,851.0,803.02,0,0,116,192,0,6,0,0,NORMAL,0
INV-SYN-10837,TXN-SYN-10837,SUPP-NEXUS-02,BUYER-APEX-06,FedEx International,1,63784.98,64065.81,0.0044,0.7537,682.16,506.13,0,0,117,193,0,14,1,0,NORMAL,0
INV-SYN-10838,TXN-SYN-10838,SUPP-TITAN-03,BUYER-GLOBAL-05,DB Schenker,1,348902.57,344988.06,-0.0112,1.2321,913.76,775.79,1,0,156,168,0,17,1,0,NORMAL,0
INV-SYN-10839,TXN-SYN-10839,SUPP-TITAN-03,BUYER-OMEGA-01,DB Schenker,1,265020.78,266879.31,0.007,0.9531,677.78,531.72,1,0,157,215,0,17,0,0,NORMAL,0
INV-SYN-10840,TXN-SYN-10840,SUPP-IND-05,BUYER-GLOBAL-05,None,0,187401.37,187401.37,0.0,1.1713,3.76,-1.0,1,0,133,169,0,23,0,1,RAPID_GHOST_SETTLEMENT,1
INV-SYN-10841,TXN-SYN-10841,SUPP-NEXUS-02,BUYER-OMEGA-01,Kuehne+Nagel Logistics,1,99339.91,99434.31,0.001,1.1698,949.21,811.83,0,0,118,216,0,22,0,0,NORMAL,0
INV-SYN-10842,TXN-SYN-10842,SUPP-GLOBAL-01,BUYER-APEX-06,Maersk Ocean Freight,1,86318.34,85291.92,-0.0119,0.7108,864.07,736.31,0,0,127,194,0,22,1,0,NORMAL,0
INV-SYN-10843,TXN-SYN-10843,SUPP-GLOBAL-01,BUYER-OMEGA-01,Kuehne+Nagel Logistics,1,131472.29,131247.79,-0.0017,1.0937,584.07,470.8,0,0,128,217,0,9,0,0,NORMAL,0
INV-SYN-10844,TXN-SYN-10844,SUPP-GLOBAL-01,BUYER-VORTEX-02,DHL Global Express,1,124993.57,123185.26,-0.0145,1.0265,739.49,636.24,0,0,129,203,0,5,0,1,NORMAL,0
INV-SYN-10845,TXN-SYN-10845,SUPP-GLOBAL-01,BUYER-GLOBAL-05,Maersk Ocean Freight,1,134773.54,135757.61,0.0073,1.1313,947.32,793.62,0,0,130,170,0,21,0,0,NORMAL,0
INV-SYN-10846,TXN-SYN-10846,SUPP-TITAN-03,BUYER-VORTEX-02,Kuehne+Nagel Logistics,1,300241.81,297307.95,-0.0098,1.0618,924.81,759.45,1,0,158,204,0,18,0,0,NORMAL,0
INV-SYN-10847,TXN-SYN-10847,SUPP-PACIFIC-08,BUYER-OMEGA-01,Maersk Ocean Freight,1,121036.88,120625.21,-0.0034,1.6083,939.69,755.11,0,0,153,218,0,11,0,0,NORMAL,0
INV-SYN-10848,TXN-SYN-10848,SUPP-IND-05,BUYER-APEX-06,Maersk Ocean Freight,1,134490.4,134702.44,0.0016,0.8419,493.5,337.53,1,0,134,195,0,18,1,0,NORMAL,0
INV-SYN-10849,TXN-SYN-10849,SUPP-PREC-04,BUYER-APEX-06,DHL Global Express,1,82388.82,83026.5,0.0077,0.874,464.99,408.42,0,0,123,196,0,8,0,0,NORMAL,0
INV-SYN-10850,TXN-SYN-10850,SUPP-PACIFIC-08,BUYER-GLOBAL-05,Maersk Ocean Freight,1,63316.12,62524.54,-0.0125,0.8337,703.33,582.65,0,0,154,171,0,19,0,0,NORMAL,0
INV-SYN-10851,TXN-SYN-10851,SUPP-GLOBAL-01,BUYER-GLOBAL-05,DB Schenker,1,103335.69,103312.64,-0.0002,0.8609,405.46,247.4,0,0,131,172,0,13,0,0,NORMAL,0
INV-SYN-10852,TXN-SYN-10852,SUPP-TITAN-03,BUYER-GLOBAL-05,DHL Global Express,1,235382.9,236660.51,0.0054,0.8452,609.18,503.95,1,0,159,173,0,3,0,1,NORMAL,0
INV-SYN-10853,TXN-SYN-10853,SUPP-PREC-04,BUYER-OMEGA-01,FedEx International,1,123239.14,122549.77,-0.0056,1.29,652.88,485.17,0,0,124,219,0,2,1,1,NORMAL,0
INV-SYN-10854,TXN-SYN-10854,SUPP-IND-05,BUYER-OMEGA-01,DHL Global Express,1,216820.17,216453.71,-0.0017,1.3528,589.25,504.26,1,0,135,220,0,3,0,1,NORMAL,0
INV-SYN-10855,TXN-SYN-10855,SUPP-TITAN-03,BUYER-GLOBAL-05,FedEx International,1,240047.76,238811.0,-0.0052,0.8529,399.62,328.14,1,0,160,174,0,3,1,1,NORMAL,0
INV-SYN-10856,TXN-SYN-10856,SUPP-IND-05,BUYER-OMEGA-01,DB Schenker,1,126705.78,126659.92,-0.0004,0.7916,821.09,756.34,1,0,136,221,0,4,0,1,NORMAL,0
INV-SYN-10857,TXN-SYN-10857,SUPP-IND-05,BUYER-GLOBAL-05,Maersk Ocean Freight,1,178856.62,179128.61,0.0015,1.1196,870.66,825.17,1,0,137,175,0,6,1,0,NORMAL,0
INV-SYN-10858,TXN-SYN-10858,SUPP-GLOBAL-01,BUYER-GLOBAL-05,DHL Global Express,1,103433.31,101503.45,-0.0187,0.8459,359.1,286.49,0,0,132,176,0,3,0,1,NORMAL,0
INV-SYN-10859,TXN-SYN-10859,SUPP-PREC-04,BUYER-OMEGA-01,Maersk Ocean Freight,1,110032.13,108613.75,-0.0129,1.1433,824.31,737.48,0,0,125,222,0,15,0,0,NORMAL,0
INV-SYN-10860,TXN-SYN-10860,SUPP-PACIFIC-08,BUYER-APEX-06,DHL Global Express,1,78804.81,78236.96,-0.0072,1.0432,516.09,435.92,0,0,155,197,0,9,1,0,NORMAL,0
INV-SYN-10861,TXN-SYN-10861,SUPP-TITAN-03,BUYER-GLOBAL-05,Maersk Ocean Freight,1,173897.91,175101.59,0.0069,0.6254,707.61,613.15,1,0,161,177,0,8,1,0,NORMAL,0
INV-SYN-10862,TXN-SYN-10862,SUPP-NEXUS-02,BUYER-GLOBAL-05,DHL Global Express,1,117884.49,118816.87,0.0079,1.3978,481.99,303.74,0,0,119,178,0,12,0,0,NORMAL,0
INV-SYN-10863,TXN-SYN-10863,SUPP-SUSP-06,BUYER-QUICK-04,DHL Global Express,1,1176256.58,1352695.07,0.15,3.4684,97.21,10.13,6,5,18,35,0,22,0,0,SERIAL_COUNTERPARTY_SPIKE,1
INV-SYN-10864,TXN-SYN-10864,SUPP-PACIFIC-08,BUYER-OMEGA-01,DB Schenker,1,63510.21,64066.48,0.0088,0.8542,732.9,542.1,0,0,156,223,0,16,0,0,NORMAL,0
INV-SYN-10865,TXN-SYN-10865,SUPP-PHANTOM-07,BUYER-STEEL-03,DB Schenker,1,406383.57,832341.54,1.0482,1.8496,390.05,278.77,8,1,18,29,0,6,0,0,AMOUNT_INFLATION,1
INV-SYN-10866,TXN-SYN-10866,SUPP-TITAN-03,BUYER-VORTEX-02,FedEx International,1,300010.58,296648.05,-0.0112,1.0595,793.47,719.4,1,0,162,205,0,20,0,0,NORMAL,0
INV-SYN-10867,TXN-SYN-10867,SUPP-TITAN-03,BUYER-VORTEX-02,FedEx International,1,303411.98,304154.02,0.0024,1.0863,561.01,507.0,1,0,163,206,0,20,1,0,NORMAL,0
INV-SYN-10868,TXN-SYN-10868,SUPP-PHANTOM-07,BUYER-QUICK-04,DB Schenker,1,524086.23,1258766.47,1.4018,2.7973,313.65,202.93,8,5,19,36,0,1,0,1,AMOUNT_INFLATION,1
INV-SYN-10869,TXN-SYN-10869,SUPP-PREC-04,BUYER-VORTEX-02,DB Schenker,1,142742.36,143428.03,0.0048,1.5098,442.51,386.97,0,0,126,207,0,5,1,1,NORMAL,0
INV-SYN-10870,TXN-SYN-10870,SUPP-PREC-04,BUYER-VORTEX-02,DHL Global Express,1,90797.5,91149.4,0.0039,0.9595,378.19,288.9,0,0,127,208,0,2,0,1,NORMAL,0
INV-SYN-10871,TXN-SYN-10871,SUPP-PREC-04,BUYER-VORTEX-02,FedEx International,1,76040.44,75962.79,-0.001,0.7996,922.38,765.84,0,0,128,209,0,19,0,0,NORMAL,0
INV-SYN-10872,TXN-SYN-10872,SUPP-GLOBAL-01,BUYER-VORTEX-02,Kuehne+Nagel Logistics,1,78620.42,77669.21,-0.0121,0.6472,808.23,685.71,0,0,133,210,0,5,0,1,NORMAL,0
INV-SYN-10873,TXN-SYN-10873,SUPP-NEXUS-02,BUYER-OMEGA-01,DHL Global Express,1,69467.74,68128.26,-0.0193,0.8015,381.47,319.43,0,0,120,224,0,12,1,0,NORMAL,0
INV-SYN-10874,TXN-SYN-10874,SUPP-IND-05,BUYER-APEX-06,DB Schenker,1,158674.92,157188.3,-0.0094,0.9824,483.62,384.86,1,0,138,198,0,18,1,0,NORMAL,0
INV-SYN-10875,TXN-SYN-10875,SUPP-TITAN-03,BUYER-OMEGA-01,DB Schenker,1,405619.05,407542.28,0.0047,1.4555,698.49,609.98,1,0,164,225,0,7,0,0,NORMAL,0
INV-SYN-10876,TXN-SYN-10876,SUPP-PACIFIC-08,BUYER-OMEGA-01,Kuehne+Nagel Logistics,1,65294.79,65792.45,0.0076,0.8772,802.69,618.5,0,0,157,226,0,14,1,0,NORMAL,0
INV-SYN-10877,TXN-SYN-10877,SUPP-PACIFIC-08,BUYER-APEX-06,FedEx International,1,79196.02,78745.65,-0.0057,1.0499,731.22,674.22,0,0,158,199,0,0,0,1,NORMAL,0
INV-SYN-10878,TXN-SYN-10878,SUPP-IND-05,BUYER-OMEGA-01,Kuehne+Nagel Logistics,1,159343.08,156193.43,-0.0198,0.9762,596.14,467.62,1,0,139,227,0,9,0,0,NORMAL,0
INV-SYN-10879,TXN-SYN-10879,SUPP-PREC-04,BUYER-VORTEX-02,DHL Global Express,1,123224.34,122933.83,-0.0024,1.294,562.74,379.36,0,0,129,211,0,11,1,0,NORMAL,0
INV-SYN-10880,TXN-SYN-10880,SUPP-TITAN-03,BUYER-QUICK-04,FedEx International,1,787215.52,905297.85,0.15,3.2332,79.04,-36.49,1,5,165,37,0,15,1,0,SERIAL_COUNTERPARTY_SPIKE,1
INV-SYN-10881,TXN-SYN-10881,SUPP-PACIFIC-08,BUYER-VORTEX-02,Maersk Ocean Freight,1,65046.21,64288.27,-0.0117,0.8572,472.89,299.68,0,0,159,212,0,12,0,0,NORMAL,0
INV-SYN-10882,TXN-SYN-10882,SUPP-TITAN-03,BUYER-VORTEX-02,FedEx International,1,245739.24,242843.31,-0.0118,0.8673,517.56,413.09,1,0,166,213,0,21,0,0,NORMAL,0
INV-SYN-10883,TXN-SYN-10883,SUPP-TITAN-03,BUYER-OMEGA-01,FedEx International,1,353091.26,353088.79,-0.0,1.261,629.29,571.3,1,0,167,228,0,19,0,0,NORMAL,0
INV-SYN-10884,TXN-SYN-10884,SUPP-IND-05,BUYER-STEEL-03,None,0,206876.97,206876.97,0.0,1.293,4.25,-1.0,1,1,140,30,0,19,0,0,RAPID_GHOST_SETTLEMENT,1
INV-SYN-10885,TXN-SYN-10885,SUPP-GLOBAL-01,BUYER-GLOBAL-05,Kuehne+Nagel Logistics,1,175401.22,176849.01,0.0083,1.4737,677.64,552.54,0,0,134,179,0,6,0,0,NORMAL,0
INV-SYN-10886,TXN-SYN-10886,SUPP-PREC-04,BUYER-GLOBAL-05,DHL Global Express,1,108868.29,109030.23,0.0015,1.1477,686.04,506.64,0,0,130,180,0,15,0,0,NORMAL,0
INV-SYN-10887,TXN-SYN-10887,SUPP-PREC-04,BUYER-APEX-06,DHL Global Express,1,86466.81,86980.0,0.0059,0.9156,1011.98,821.06,0,0,131,200,0,13,0,0,NORMAL,0
INV-SYN-10888,TXN-SYN-10888,SUPP-GLOBAL-01,BUYER-VORTEX-02,Maersk Ocean Freight,1,137719.64,136316.75,-0.0102,1.136,627.18,512.08,0,0,135,214,0,5,0,1,NORMAL,0
INV-SYN-10889,TXN-SYN-10889,SUPP-PACIFIC-08,BUYER-OMEGA-01,Kuehne+Nagel Logistics,1,95788.19,94777.08,-0.0106,1.2637,480.52,300.26,0,0,160,229,0,0,1,1,NORMAL,0
INV-SYN-10890,TXN-SYN-10890,SUPP-PACIFIC-08,BUYER-GLOBAL-05,DHL Global Express,1,90384.04,90089.85,-0.0033,1.2012,976.18,809.51,0,0,161,181,0,19,1,0,NORMAL,0
INV-SYN-10891,TXN-SYN-10891,SUPP-PACIFIC-08,BUYER-OMEGA-01,FedEx International,1,84511.39,84307.74,-0.0024,1.1241,816.06,644.01,0,0,162,230,0,3,0,1,NORMAL,0
INV-SYN-10892,TXN-SYN-10892,SUPP-TITAN-03,BUYER-APEX-06,Maersk Ocean Freight,1,354667.23,356233.46,0.0044,1.2723,469.51,319.08,1,0,168,201,0,16,1,0,NORMAL,0
INV-SYN-10893,TXN-SYN-10893,SUPP-PACIFIC-08,BUYER-OMEGA-01,DHL Global Express,1,96924.29,97478.18,0.0057,1.2997,653.5,500.59,0,0,163,231,0,0,0,1,NORMAL,0
INV-SYN-10894,TXN-SYN-10894,SUPP-PREC-04,BUYER-VORTEX-02,DB Schenker,1,127826.28,125418.59,-0.0188,1.3202,611.5,468.17,0,0,132,215,0,4,1,1,NORMAL,0
INV-SYN-10895,TXN-SYN-10895,SUPP-IND-05,BUYER-VORTEX-02,FedEx International,1,185948.4,184930.7,-0.0055,1.1558,905.22,766.73,1,0,141,216,0,9,1,0,NORMAL,0
INV-SYN-10896,TXN-SYN-10896,SUPP-IND-05,BUYER-QUICK-04,DB Schenker,1,294133.74,338253.8,0.15,2.1141,88.22,18.05,1,5,142,38,0,6,0,0,SERIAL_COUNTERPARTY_SPIKE,1
INV-SYN-10897,TXN-SYN-10897,SUPP-GLOBAL-01,BUYER-GLOBAL-05,Kuehne+Nagel Logistics,1,124401.41,123582.25,-0.0066,1.0299,384.09,309.49,0,0,136,182,0,22,1,0,NORMAL,0
INV-SYN-10898,TXN-SYN-10898,SUPP-PREC-04,BUYER-GLOBAL-05,FedEx International,1,123654.59,122470.89,-0.0096,1.2892,802.31,704.21,0,0,133,183,0,11,0,0,NORMAL,0
INV-SYN-10899,TXN-SYN-10899,SUPP-PREC-04,BUYER-APEX-06,Maersk Ocean Freight,1,75597.78,75644.4,0.0006,0.7963,585.01,544.49,0,0,134,202,0,6,0,0,NORMAL,0
INV-SYN-10900,TXN-SYN-10900,SUPP-PREC-04,BUYER-OMEGA-01,Kuehne+Nagel Logistics,1,103755.99,102686.86,-0.0103,1.0809,616.13,474.83,0,0,135,232,0,14,0,0,NORMAL,0
INV-SYN-10901,TXN-SYN-10901,SUPP-PREC-04,BUYER-APEX-06,FedEx International,1,85658.2,86289.59,0.0074,0.9083,521.76,443.9,0,0,136,203,0,8,0,0,NORMAL,0
INV-SYN-10902,TXN-SYN-10902,SUPP-GLOBAL-01,BUYER-GLOBAL-05,DB Schenker,1,120862.34,119247.53,-0.0134,0.9937,536.32,363.72,0,0,137,184,0,9,0,0,NORMAL,0
INV-SYN-10903,TXN-SYN-10903,SUPP-PACIFIC-08,BUYER-OMEGA-01,DB Schenker,1,98970.97,98812.53,-0.0016,1.3175,651.29,563.86,0,0,164,233,0,7,0,0,NORMAL,0
INV-SYN-10904,TXN-SYN-10904,SUPP-PACIFIC-08,BUYER-OMEGA-01,Maersk Ocean Freight,1,78583.11,77224.22,-0.0173,1.0297,846.04,700.11,0,0,165,234,0,21,0,0,NORMAL,0
INV-SYN-10905,TXN-SYN-10905,SUPP-IND-05,BUYER-OMEGA-01,FedEx International,1,161857.46,161138.73,-0.0044,1.0071,923.62,831.13,1,0,143,235,0,11,0,0,NORMAL,0
INV-SYN-10906,TXN-SYN-10906,SUPP-IND-05,BUYER-APEX-06,Maersk Ocean Freight,1,105605.75,104220.21,-0.0131,0.6514,599.9,438.9,1,0,144,204,0,13,0,0,NORMAL,0
INV-SYN-10907,TXN-SYN-10907,SUPP-NEXUS-02,BUYER-VORTEX-02,DB Schenker,1,100857.89,98949.89,-0.0189,1.1641,340.64,301.51,0,0,121,217,0,3,1,1,NORMAL,0
INV-SYN-10908,TXN-SYN-10908,SUPP-PREC-04,BUYER-APEX-06,FedEx International,1,110330.25,109060.65,-0.0115,1.148,300.05,260.27,0,0,137,205,0,16,0,0,NORMAL,0
INV-SYN-10909,TXN-SYN-10909,SUPP-PHANTOM-07,BUYER-VORTEX-02,Unregistered Logistics,1,100000.0,100000.0,0.0,0.2222,18.97,-11.19,8,0,20,218,1,0,0,1,OFF_HOURS_ROUND_SUM,1
INV-SYN-10910,TXN-SYN-10910,SUPP-PACIFIC-08,BUYER-VORTEX-02,DB Schenker,1,69229.16,69066.19,-0.0024,0.9209,852.6,755.58,0,0,166,219,0,11,1,0,NORMAL,0
INV-SYN-10911,TXN-SYN-10911,SUPP-TITAN-03,BUYER-APEX-06,FedEx International,1,295340.52,289641.32,-0.0193,1.0344,378.56,299.81,1,0,169,206,0,18,0,0,NORMAL,0
INV-SYN-10912,TXN-SYN-10912,SUPP-PACIFIC-08,BUYER-APEX-06,Kuehne+Nagel Logistics,1,79675.94,79109.13,-0.0071,1.0548,647.27,576.6,0,0,167,207,0,15,0,0,NORMAL,0
INV-SYN-10913,TXN-SYN-10913,SUPP-PREC-04,BUYER-GLOBAL-05,DHL Global Express,1,132464.52,131934.15,-0.004,1.3888,910.05,835.89,0,0,138,185,0,9,1,0,NORMAL,0
INV-SYN-10914,TXN-SYN-10914,SUPP-PACIFIC-08,BUYER-APEX-06,Kuehne+Nagel Logistics,1,73213.21,73424.14,0.0029,0.979,521.91,374.44,0,0,168,208,0,20,1,0,NORMAL,0
INV-SYN-10915,TXN-SYN-10915,SUPP-GLOBAL-01,BUYER-APEX-06,DHL Global Express,1,128370.65,127525.02,-0.0066,1.0627,736.07,625.69,0,0,138,209,0,10,0,0,NORMAL,0
INV-SYN-10916,TXN-SYN-10916,SUPP-TITAN-03,BUYER-VORTEX-02,FedEx International,1,322552.76,325544.28,0.0093,1.1627,415.49,364.61,1,0,170,220,0,20,0,0,NORMAL,0
INV-SYN-10917,TXN-SYN-10917,SUPP-PREC-04,BUYER-QUICK-04,DB Schenker,1,185578.23,213414.96,0.15,2.2465,81.9,-15.12,0,5,139,39,0,15,0,0,SERIAL_COUNTERPARTY_SPIKE,1
INV-SYN-10918,TXN-SYN-10918,SUPP-PREC-04,BUYER-GLOBAL-05,DHL Global Express,1,84397.2,84584.17,0.0022,0.8904,599.02,432.87,0,0,140,186,0,16,0,0,NORMAL,0
INV-SYN-10919,TXN-SYN-10919,SUPP-IND-05,BUYER-APEX-06,DB Schenker,1,167763.6,165757.88,-0.012,1.036,785.46,716.82,1,0,145,210,0,15,0,0,NORMAL,0
INV-SYN-10920,TXN-SYN-10920,SUPP-IND-05,BUYER-APEX-06,Kuehne+Nagel Logistics,1,202945.27,202856.03,-0.0004,1.2679,634.87,548.66,1,0,146,211,0,19,0,0,NORMAL,0
INV-SYN-10921,TXN-SYN-10921,SUPP-PACIFIC-08,BUYER-OMEGA-01,FedEx International,1,55752.84,55349.81,-0.0072,0.738,742.22,694.13,0,0,169,236,0,17,1,0,NORMAL,0
INV-SYN-10922,TXN-SYN-10922,SUPP-NEXUS-02,BUYER-OMEGA-01,DHL Global Express,1,87825.61,87222.08,-0.0069,1.0261,958.92,771.3,0,0,122,237,0,0,1,1,NORMAL,0
INV-SYN-10923,TXN-SYN-10923,SUPP-PREC-04,BUYER-VORTEX-02,DB Schenker,1,78372.13,78038.08,-0.0043,0.8215,548.71,490.89,0,0,141,221,0,7,1,0,NORMAL,0
INV-SYN-10924,TXN-SYN-10924,SUPP-GLOBAL-01,BUYER-GLOBAL-05,Maersk Ocean Freight,1,155851.4,157390.02,0.0099,1.3116,701.8,553.49,0,0,139,187,0,1,0,1,NORMAL,0
INV-SYN-10925,TXN-SYN-10925,SUPP-IND-05,BUYER-GLOBAL-05,FedEx International,1,99072.52,97584.29,-0.015,0.6099,802.96,721.69,1,0,147,188,0,5,0,1,NORMAL,0
INV-SYN-10926,TXN-SYN-10926,SUPP-PACIFIC-08,BUYER-GLOBAL-05,Maersk Ocean Freight,1,64520.22,63716.12,-0.0125,0.8495,904.46,796.25,0,0,170,189,0,11,1,0,NORMAL,0
INV-SYN-10927,TXN-SYN-10927,SUPP-PACIFIC-08,BUYER-VORTEX-02,Maersk Ocean Freight,1,82072.72,82191.93,0.0015,1.0959,599.71,489.78,0,0,171,222,0,0,0,1,NORMAL,0
INV-SYN-10928,TXN-SYN-10928,SUPP-NEXUS-02,BUYER-APEX-06,FedEx International,1,118267.39,119368.37,0.0093,1.4043,444.21,359.56,0,0,123,212,0,1,0,1,NORMAL,0
INV-SYN-10929,TXN-SYN-10929,SUPP-GLOBAL-01,BUYER-APEX-06,FedEx International,1,118027.49,115883.31,-0.0182,0.9657,389.18,280.06,0,0,140,213,0,7,0,0,NORMAL,0
INV-SYN-10930,TXN-SYN-10930,SUPP-PACIFIC-08,BUYER-VORTEX-02,Maersk Ocean Freight,1,64590.01,63325.59,-0.0196,0.8443,798.5,732.45,0,0,172,223,0,21,0,0,NORMAL,0
INV-SYN-10931,TXN-SYN-10931,SUPP-PREC-04,BUYER-GLOBAL-05,DB Schenker,1,139677.48,140097.86,0.003,1.4747,746.36,564.61,0,0,142,190,0,18,0,0,NORMAL,0
INV-SYN-10932,TXN-SYN-10932,SUPP-PACIFIC-08,BUYER-VORTEX-02,Maersk Ocean Freight,1,47849.74,47111.55,-0.0154,0.6282,496.98,347.0,0,0,173,224,0,21,0,0,NORMAL,0
INV-SYN-10933,TXN-SYN-10933,SUPP-IND-05,BUYER-OMEGA-01,Kuehne+Nagel Logistics,1,72047.76,71735.76,-0.0043,0.4483,574.69,438.1,1,0,148,238,0,16,0,0,NORMAL,0
INV-SYN-10934,TXN-SYN-10934,SUPP-IND-05,BUYER-GLOBAL-05,Kuehne+Nagel Logistics,1,177600.58,177976.73,0.0021,1.1124,497.66,365.58,1,0,149,191,0,1,1,1,NORMAL,0
INV-SYN-10935,TXN-SYN-10935,SUPP-GLOBAL-01,BUYER-VORTEX-02,FedEx International,1,104938.37,103127.15,-0.0173,0.8594,487.32,326.0,0,0,141,225,0,17,0,0,NORMAL,0
INV-SYN-10936,TXN-SYN-10936,SUPP-PREC-04,BUYER-OMEGA-01,DB Schenker,1,70745.72,71232.35,0.0069,0.7498,768.48,724.34,0,0,143,239,0,22,1,0,NORMAL,0
INV-SYN-10937,TXN-SYN-10937,SUPP-PREC-04,BUYER-APEX-06,DB Schenker,1,111823.47,111265.61,-0.005,1.1712,530.25,475.95,0,0,144,214,0,1,1,1,NORMAL,0
INV-SYN-10938,TXN-SYN-10938,SUPP-PREC-04,BUYER-APEX-06,DHL Global Express,1,100790.27,101310.3,0.0052,1.0664,855.42,769.97,0,0,145,215,0,16,1,0,NORMAL,0
INV-SYN-10939,TXN-SYN-10939,SUPP-NEXUS-02,BUYER-VORTEX-02,Kuehne+Nagel Logistics,1,73013.33,73378.99,0.005,0.8633,723.26,576.29,0,0,124,226,0,0,0,1,NORMAL,0
INV-SYN-10940,TXN-SYN-10940,SUPP-PREC-04,BUYER-GLOBAL-05,Maersk Ocean Freight,1,64592.77,64382.01,-0.0033,0.6777,450.73,346.81,0,0,146,192,0,5,1,1,NORMAL,0
INV-SYN-10941,TXN-SYN-10941,SUPP-TITAN-03,BUYER-APEX-06,DB Schenker,1,341072.01,337790.81,-0.0096,1.2064,678.03,575.88,1,0,171,216,0,18,1,0,NORMAL,0
INV-SYN-10942,TXN-SYN-10942,SUPP-NEXUS-02,BUYER-APEX-06,FedEx International,1,98816.78,99606.9,0.008,1.1718,696.54,505.25,0,0,125,217,0,10,0,0,NORMAL,0
INV-SYN-10943,TXN-SYN-10943,SUPP-IND-05,BUYER-VORTEX-02,Maersk Ocean Freight,1,156032.97,154365.25,-0.0107,0.9648,840.17,789.48,1,0,150,227,0,8,1,0,NORMAL,0
INV-SYN-10944,TXN-SYN-10944,SUPP-IND-05,BUYER-OMEGA-01,Kuehne+Nagel Logistics,1,233865.48,229423.4,-0.019,1.4339,557.87,478.98,1,0,151,240,0,5,0,1,NORMAL,0
INV-SYN-10945,TXN-SYN-10945,SUPP-PACIFIC-08,BUYER-GLOBAL-05,DHL Global Express,1,54935.91,53931.51,-0.0183,0.7191,883.17,757.91,0,0,174,193,0,4,1,1,NORMAL,0
INV-SYN-10946,TXN-SYN-10946,SUPP-PREC-04,BUYER-APEX-06,DB Schenker,1,58768.78,58428.12,-0.0058,0.615,896.95,724.46,0,0,147,218,0,11,0,0,NORMAL,0
INV-SYN-10947,TXN-SYN-10947,SUPP-TITAN-03,BUYER-STEEL-03,None,0,395895.07,395895.07,0.0,1.4139,1.09,-1.0,1,1,172,31,0,10,1,0,RAPID_GHOST_SETTLEMENT,1
INV-SYN-10948,TXN-SYN-10948,SUPP-PREC-04,BUYER-OMEGA-01,DHL Global Express,1,93917.33,93835.09,-0.0009,0.9877,800.46,754.73,0,0,148,241,0,22,0,0,NORMAL,0
INV-SYN-10949,TXN-SYN-10949,SUPP-TITAN-03,BUYER-VORTEX-02,Maersk Ocean Freight,1,297033.76,297664.54,0.0021,1.0631,866.54,778.64,1,0,173,228,0,4,0,1,NORMAL,0
INV-SYN-10950,TXN-SYN-10950,SUPP-NEXUS-02,BUYER-GLOBAL-05,DHL Global Express,1,79873.73,80530.0,0.0082,0.9474,377.87,278.97,0,0,126,194,0,21,0,0,NORMAL,0
INV-SYN-10951,TXN-SYN-10951,SUPP-IND-05,BUYER-VORTEX-02,Maersk Ocean Freight,1,174082.22,171039.1,-0.0175,1.069,710.29,605.12,1,0,152,229,0,13,1,0,NORMAL,0
INV-SYN-10952,TXN-SYN-10952,SUPP-PACIFIC-08,BUYER-APEX-06,DHL Global Express,1,51533.64,51657.57,0.0024,0.6888,593.4,426.7,0,0,175,219,0,11,0,0,NORMAL,0
INV-SYN-10953,TXN-SYN-10953,SUPP-IND-05,BUYER-GLOBAL-05,DHL Global Express,1,217750.58,216441.37,-0.006,1.3528,746.15,579.71,1,0,153,195,0,23,1,1,NORMAL,0
INV-SYN-10954,TXN-SYN-10954,SUPP-PREC-04,BUYER-OMEGA-01,FedEx International,1,93048.91,91440.73,-0.0173,0.9625,580.31,430.5,0,0,149,242,0,7,1,0,NORMAL,0
INV-SYN-10955,TXN-SYN-10955,SUPP-PACIFIC-08,BUYER-OMEGA-01,Maersk Ocean Freight,1,95949.3,96300.68,0.0037,1.284,586.14,516.21,0,0,176,243,0,18,1,0,NORMAL,0
INV-SYN-10956,TXN-SYN-10956,SUPP-PACIFIC-08,BUYER-VORTEX-02,FedEx International,1,81426.1,81460.85,0.0004,1.0861,871.5,688.45,0,0,177,230,0,20,0,0,NORMAL,0
INV-SYN-10957,TXN-SYN-10957,SUPP-PACIFIC-08,BUYER-VORTEX-02,Maersk Ocean Freight,1,83564.12,82843.74,-0.0086,1.1046,405.04,324.26,0,0,178,231,0,20,0,0,NORMAL,0
INV-SYN-10958,TXN-SYN-10958,SUPP-TITAN-03,BUYER-APEX-06,FedEx International,1,319883.71,315292.53,-0.0144,1.126,1001.4,827.57,1,0,174,220,0,1,1,1,NORMAL,0
INV-SYN-10959,TXN-SYN-10959,SUPP-PHANTOM-07,BUYER-QUICK-04,None,0,300000.0,300000.0,0.0,0.6667,25.69,-16.17,8,5,21,40,1,4,1,1,OFF_HOURS_ROUND_SUM,1
INV-SYN-10960,TXN-SYN-10960,SUPP-IND-05,BUYER-APEX-06,Kuehne+Nagel Logistics,1,185708.91,185163.17,-0.0029,1.1573,639.18,448.15,1,0,154,221,0,1,0,1,NORMAL,0
INV-SYN-10961,TXN-SYN-10961,SUPP-PACIFIC-08,BUYER-GLOBAL-05,Maersk Ocean Freight,1,99921.61,100020.49,0.001,1.3336,409.04,294.45,0,0,179,196,0,9,1,0,NORMAL,0
INV-SYN-10962,TXN-SYN-10962,SUPP-NEXUS-02,BUYER-GLOBAL-05,DB Schenker,1,89176.07,88090.39,-0.0122,1.0364,814.82,635.0,0,0,127,197,0,3,0,1,NORMAL,0
INV-SYN-10963,TXN-SYN-10963,SUPP-NEXUS-02,BUYER-APEX-06,Kuehne+Nagel Logistics,1,100066.33,99826.63,-0.0024,1.1744,729.06,634.98,0,0,128,222,0,5,0,1,NORMAL,0
INV-SYN-10964,TXN-SYN-10964,SUPP-GLOBAL-01,BUYER-GLOBAL-05,DHL Global Express,1,117307.93,117177.03,-0.0011,0.9765,506.87,335.25,0,0,142,198,0,3,0,1,NORMAL,0
INV-SYN-10965,TXN-SYN-10965,SUPP-PREC-04,BUYER-GLOBAL-05,Maersk Ocean Freight,1,129202.78,130118.75,0.0071,1.3697,488.95,423.77,0,0,150,199,0,12,0,0,NORMAL,0
INV-SYN-10966,TXN-SYN-10966,SUPP-PREC-04,BUYER-VORTEX-02,DB Schenker,1,78935.68,78396.57,-0.0068,0.8252,717.77,585.58,0,0,151,232,0,8,0,0,NORMAL,0
INV-SYN-10967,TXN-SYN-10967,SUPP-PREC-04,BUYER-APEX-06,DB Schenker,1,137772.34,136023.69,-0.0127,1.4318,591.57,442.73,0,0,152,223,0,17,0,0,NORMAL,0
INV-SYN-10968,TXN-SYN-10968,SUPP-PACIFIC-08,BUYER-APEX-06,DB Schenker,1,74247.04,74924.39,0.0091,0.999,477.59,304.71,0,0,180,224,0,7,0,0,NORMAL,0
INV-SYN-10969,TXN-SYN-10969,SUPP-PREC-04,BUYER-GLOBAL-05,DB Schenker,1,61019.09,60532.31,-0.008,0.6372,380.29,339.83,0,0,153,200,0,7,0,0,NORMAL,0
INV-SYN-10970,TXN-SYN-10970,SUPP-TITAN-03,BUYER-VORTEX-02,Maersk Ocean Freight,1,288967.31,288111.87,-0.003,1.029,770.91,713.14,1,0,175,233,0,6,0,0,NORMAL,0
INV-SYN-10971,TXN-SYN-10971,SUPP-GLOBAL-01,BUYER-OMEGA-01,Kuehne+Nagel Logistics,1,99568.45,99864.64,0.003,0.8322,638.63,477.6,0,0,143,244,0,22,1,0,NORMAL,0
INV-SYN-10972,TXN-SYN-10972,SUPP-PREC-04,BUYER-OMEGA-01,Maersk Ocean Freight,1,114965.28,113357.17,-0.014,1.1932,351.07,288.23,0,0,154,245,0,14,0,0,NORMAL,0
INV-SYN-10973,TXN-SYN-10973,SUPP-NEXUS-02,BUYER-VORTEX-02,DB Schenker,1,71131.74,71254.37,0.0017,0.8383,807.45,747.4,0,0,129,234,0,17,1,0,NORMAL,0
INV-SYN-10974,TXN-SYN-10974,SUPP-TITAN-03,BUYER-OMEGA-01,Kuehne+Nagel Logistics,1,248767.16,246364.41,-0.0097,0.8799,768.71,659.27,1,0,176,246,0,3,1,1,NORMAL,0
INV-SYN-10975,TXN-SYN-10975,SUPP-PREC-04,BUYER-APEX-06,DHL Global Express,1,50123.41,50182.89,0.0012,0.5282,627.58,472.54,0,0,155,225,0,9,0,0,NORMAL,0
INV-SYN-10976,TXN-SYN-10976,SUPP-TITAN-03,BUYER-VORTEX-02,Kuehne+Nagel Logistics,1,248338.56,245808.82,-0.0102,0.8779,678.34,598.16,1,0,177,235,0,12,0,0,NORMAL,0
INV-SYN-10977,TXN-SYN-10977,SUPP-IND-05,BUYER-OMEGA-01,DHL Global Express,1,63044.83,63050.9,0.0001,0.3941,560.37,373.02,1,0,155,247,0,23,0,1,NORMAL,0
INV-SYN-10978,TXN-SYN-10978,SUPP-IND-05,BUYER-QUICK-04,DHL Global Express,1,96643.89,198327.9,1.0522,1.2395,472.57,352.41,1,5,156,41,0,19,1,0,AMOUNT_INFLATION,1
INV-SYN-10979,TXN-SYN-10979,SUPP-NEXUS-02,BUYER-APEX-06,Maersk Ocean Freight,1,101158.81,99776.67,-0.0137,1.1738,574.36,470.44,0,0,130,226,0,18,0,0,NORMAL,0
INV-SYN-10980,TXN-SYN-10980,SUPP-NEXUS-02,BUYER-APEX-06,Kuehne+Nagel Logistics,1,101698.25,100613.41,-0.0107,1.1837,402.24,260.9,0,0,131,227,0,11,0,0,NORMAL,0
INV-SYN-10981,TXN-SYN-10981,SUPP-PREC-04,BUYER-VORTEX-02,Kuehne+Nagel Logistics,1,105104.62,105154.04,0.0005,1.1069,889.88,723.74,0,0,156,236,0,17,0,0,NORMAL,0
INV-SYN-10982,TXN-SYN-10982,SUPP-TITAN-03,BUYER-OMEGA-01,FedEx International,1,212311.67,210641.67,-0.0079,0.7523,593.29,431.42,1,0,178,248,0,5,0,1,NORMAL,0
INV-SYN-10983,TXN-SYN-10983,SUPP-IND-05,BUYER-APEX-06,Kuehne+Nagel Logistics,1,158091.55,154984.68,-0.0197,0.9687,631.47,493.47,1,0,157,228,0,5,0,1,NORMAL,0
INV-SYN-10984,TXN-SYN-10984,SUPP-GLOBAL-01,BUYER-GLOBAL-05,Kuehne+Nagel Logistics,1,119891.92,120163.11,0.0023,1.0014,595.33,541.24,0,0,144,201,0,15,0,0,NORMAL,0
INV-SYN-10985,TXN-SYN-10985,SUPP-PREC-04,BUYER-GLOBAL-05,FedEx International,1,67488.84,68106.57,0.0092,0.7169,881.86,828.44,0,0,157,202,0,22,0,0,NORMAL,0
INV-SYN-10986,TXN-SYN-10986,SUPP-IND-05,BUYER-APEX-06,DB Schenker,1,220135.93,216261.6,-0.0176,1.3516,431.79,394.7,1,0,158,229,0,7,0,0,NORMAL,0
INV-SYN-10987,TXN-SYN-10987,SUPP-IND-05,BUYER-APEX-06,Kuehne+Nagel Logistics,1,195094.49,193912.78,-0.0061,1.212,558.37,516.15,1,0,159,230,0,10,0,0,NORMAL,0
INV-SYN-10988,TXN-SYN-10988,SUPP-GLOBAL-01,BUYER-GLOBAL-05,DHL Global Express,1,113371.07,112251.4,-0.0099,0.9354,647.85,565.65,0,0,145,203,0,14,0,0,NORMAL,0
INV-SYN-10989,TXN-SYN-10989,SUPP-NEXUS-02,BUYER-GLOBAL-05,DHL Global Express,1,85571.32,83904.87,-0.0195,0.9871,684.11,597.47,0,0,132,204,0,13,1,0,NORMAL,0
INV-SYN-10990,TXN-SYN-10990,SUPP-TITAN-03,BUYER-OMEGA-01,DB Schenker,1,294586.8,292196.65,-0.0081,1.0436,360.08,296.74,1,0,179,249,0,5,0,1,NORMAL,0
INV-SYN-10991,TXN-SYN-10991,SUPP-PHANTOM-07,BUYER-QUICK-04,FedEx International,1,436709.02,502215.37,0.15,1.116,223.8,111.6,8,5,22,42,0,4,0,1,SERIAL_COUNTERPARTY_SPIKE,1
INV-SYN-10992,TXN-SYN-10992,SUPP-PACIFIC-08,BUYER-APEX-06,DB Schenker,1,70365.42,69647.53,-0.0102,0.9286,868.08,826.11,0,0,181,231,0,10,0,0,NORMAL,0
INV-SYN-10993,TXN-SYN-10993,SUPP-PACIFIC-08,BUYER-OMEGA-01,Maersk Ocean Freight,1,62212.8,62798.1,0.0094,0.8373,541.81,493.52,0,0,182,250,0,3,0,1,NORMAL,0
INV-SYN-10994,TXN-SYN-10994,SUPP-GLOBAL-01,BUYER-VORTEX-02,DHL Global Express,1,89951.4,88845.51,-0.0123,0.7404,879.96,742.11,0,0,146,237,0,4,1,1,NORMAL,0
INV-SYN-10995,TXN-SYN-10995,SUPP-PREC-04,BUYER-OMEGA-01,DB Schenker,1,88323.87,88070.1,-0.0029,0.9271,739.63,548.42,0,0,158,251,0,17,1,0,NORMAL,0
INV-SYN-10996,TXN-SYN-10996,SUPP-NEXUS-02,BUYER-OMEGA-01,Kuehne+Nagel Logistics,1,123200.84,122484.74,-0.0058,1.441,559.54,404.87,0,0,133,252,0,17,0,0,NORMAL,0
INV-SYN-10997,TXN-SYN-10997,SUPP-PACIFIC-08,BUYER-VORTEX-02,FedEx International,1,87015.8,87028.26,0.0001,1.1604,777.25,646.92,0,0,183,238,0,5,0,1,NORMAL,0
INV-SYN-10998,TXN-SYN-10998,SUPP-TITAN-03,BUYER-OMEGA-01,FedEx International,1,240017.47,235351.91,-0.0194,0.8405,505.5,404.86,1,0,180,253,0,6,1,0,NORMAL,0
INV-SYN-10999,TXN-SYN-10999,SUPP-PREC-04,BUYER-GLOBAL-05,FedEx International,1,108598.84,107159.33,-0.0133,1.128,424.84,278.23,0,0,159,205,0,11,0,0,NORMAL,0
INV-SYN-11000,TXN-SYN-11000,SUPP-TITAN-03,BUYER-APEX-06,Kuehne+Nagel Logistics,1,377954.88,377593.25,-0.001,1.3485,612.65,525.36,1,0,181,232,0,8,0,0,NORMAL,0
INV-SYN-11001,TXN-SYN-11001,SUPP-IND-05,BUYER-OMEGA-01,FedEx International,1,196985.35,194934.59,-0.0104,1.2183,681.5,517.17,1,0,160,254,0,22,1,0,NORMAL,0
INV-SYN-11002,TXN-SYN-11002,SUPP-PACIFIC-08,BUYER-APEX-06,Maersk Ocean Freight,1,76118.07,76188.99,0.0009,1.0159,622.75,481.76,0,0,184,233,0,0,0,1,NORMAL,0
INV-SYN-11003,TXN-SYN-11003,SUPP-PACIFIC-08,BUYER-OMEGA-01,FedEx International,1,62869.94,62671.26,-0.0032,0.8356,778.67,688.81,0,0,185,255,0,17,0,0,NORMAL,0
INV-SYN-11004,TXN-SYN-11004,SUPP-IND-05,BUYER-GLOBAL-05,Kuehne+Nagel Logistics,1,187928.93,188403.59,0.0025,1.1775,364.17,257.74,1,0,161,206,0,16,1,0,NORMAL,0
INV-SYN-11005,TXN-SYN-11005,SUPP-IND-05,BUYER-VORTEX-02,DHL Global Express,1,175739.42,175202.85,-0.0031,1.095,791.63,690.83,1,0,162,239,0,10,0,0,NORMAL,0
INV-SYN-11006,TXN-SYN-11006,SUPP-TITAN-03,BUYER-APEX-06,Kuehne+Nagel Logistics,1,342663.53,339668.15,-0.0087,1.2131,724.14,604.27,1,0,182,234,0,22,1,0,NORMAL,0
INV-SYN-11007,TXN-SYN-11007,SUPP-GLOBAL-01,BUYER-OMEGA-01,Maersk Ocean Freight,1,139055.15,137155.54,-0.0137,1.143,400.43,347.17,0,0,147,256,0,17,0,0,NORMAL,0
INV-SYN-11008,TXN-SYN-11008,SUPP-NEXUS-02,BUYER-APEX-06,DB Schenker,1,107303.0,106290.14,-0.0094,1.2505,477.3,407.33,0,0,134,235,0,6,0,0,NORMAL,0
INV-SYN-11009,TXN-SYN-11009,SUPP-TITAN-03,BUYER-OMEGA-01,Maersk Ocean Freight,1,242533.54,242680.35,0.0006,0.8667,676.15,541.38,1,0,183,257,0,4,0,1,NORMAL,0
INV-SYN-11010,TXN-SYN-11010,SUPP-IND-05,BUYER-APEX-06,Maersk Ocean Freight,1,212695.76,211019.5,-0.0079,1.3189,889.75,735.68,1,0,163,236,0,23,1,1,NORMAL,0
INV-SYN-11011,TXN-SYN-11011,SUPP-IND-05,BUYER-STEEL-03,Unregistered Logistics,1,450000.0,450000.0,0.0,2.8125,50.37,5.71,1,1,164,32,1,1,1,1,OFF_HOURS_ROUND_SUM,1
INV-SYN-11012,TXN-SYN-11012,SUPP-PREC-04,BUYER-APEX-06,FedEx International,1,144287.45,144156.51,-0.0009,1.5174,738.37,605.82,0,0,160,237,0,15,0,0,NORMAL,0
INV-SYN-11013,TXN-SYN-11013,SUPP-IND-05,BUYER-OMEGA-01,Maersk Ocean Freight,1,132432.49,132692.65,0.002,0.8293,789.38,605.89,1,0,165,258,0,23,0,1,NORMAL,0
INV-SYN-11014,TXN-SYN-11014,SUPP-NEXUS-02,BUYER-APEX-06,DB Schenker,1,121889.23,122932.04,0.0086,1.4463,809.65,770.11,0,0,135,238,0,14,1,0,NORMAL,0
INV-SYN-11015,TXN-SYN-11015,SUPP-PACIFIC-08,BUYER-APEX-06,FedEx International,1,78710.83,79175.47,0.0059,1.0557,683.31,514.66,0,0,186,239,0,21,1,0,NORMAL,0
INV-SYN-11016,TXN-SYN-11016,SUPP-PACIFIC-08,BUYER-VORTEX-02,Maersk Ocean Freight,1,62785.91,63295.37,0.0081,0.8439,499.33,319.59,0,0,187,240,0,18,1,0,NORMAL,0
INV-SYN-11017,TXN-SYN-11017,SUPP-GLOBAL-01,BUYER-OMEGA-01,DB Schenker,1,105483.42,104833.16,-0.0062,0.8736,580.42,506.19,0,0,148,259,0,7,1,0,NORMAL,0
INV-SYN-11018,TXN-SYN-11018,SUPP-NEXUS-02,BUYER-VORTEX-02,DB Schenker,1,78192.62,77802.16,-0.005,0.9153,796.07,742.73,0,0,136,241,0,19,0,0,NORMAL,0
INV-SYN-11019,TXN-SYN-11019,SUPP-TITAN-03,BUYER-STEEL-03,DB Schenker,1,309691.62,660983.23,1.1343,2.3607,565.4,478.39,1,1,184,33,0,14,0,0,AMOUNT_INFLATION,1
INV-SYN-11020,TXN-SYN-11020,SUPP-PREC-04,BUYER-OMEGA-01,DB Schenker,1,107417.34,108354.8,0.0087,1.1406,486.39,312.59,0,0,161,260,0,10,0,0,NORMAL,0
INV-SYN-11021,TXN-SYN-11021,SUPP-IND-05,BUYER-OMEGA-01,Kuehne+Nagel Logistics,1,137052.0,137714.32,0.0048,0.8607,782.31,736.98,1,0,166,261,0,17,1,0,NORMAL,0
INV-SYN-11022,TXN-SYN-11022,SUPP-PACIFIC-08,BUYER-OMEGA-01,Kuehne+Nagel Logistics,1,74543.35,74655.07,0.0015,0.9954,612.96,497.15,0,0,188,262,0,2,0,1,NORMAL,0
INV-SYN-11023,TXN-SYN-11023,SUPP-GLOBAL-01,BUYER-OMEGA-01,DHL Global Express,1,184268.11,182033.85,-0.0121,1.5169,837.93,673.2,0,0,149,263,0,1,0,1,NORMAL,0
INV-SYN-11024,TXN-SYN-11024,SUPP-TITAN-03,BUYER-APEX-06,Kuehne+Nagel Logistics,1,400928.02,394616.81,-0.0157,1.4093,439.97,366.05,1,0,185,240,0,4,0,1,NORMAL,0
INV-SYN-11025,TXN-SYN-11025,SUPP-GLOBAL-01,BUYER-GLOBAL-05,Kuehne+Nagel Logistics,1,133089.71,130723.65,-0.0178,1.0894,867.78,691.5,0,0,150,207,0,4,0,1,NORMAL,0
INV-SYN-11026,TXN-SYN-11026,SUPP-TITAN-03,BUYER-GLOBAL-05,Maersk Ocean Freight,1,282660.24,280777.77,-0.0067,1.0028,739.77,580.94,1,0,186,208,0,14,0,0,NORMAL,0
INV-SYN-11027,TXN-SYN-11027,SUPP-IND-05,BUYER-OMEGA-01,FedEx International,1,164801.25,162237.06,-0.0156,1.014,849.1,768.1,1,0,167,264,0,19,0,0,NORMAL,0
INV-SYN-11028,TXN-SYN-11028,SUPP-IND-05,BUYER-GLOBAL-05,DB Schenker,1,184540.72,182547.66,-0.0108,1.1409,768.01,620.34,1,0,168,209,0,18,1,0,NORMAL,0
INV-SYN-11029,TXN-SYN-11029,SUPP-PREC-04,BUYER-APEX-06,FedEx International,1,70708.68,69622.12,-0.0154,0.7329,489.53,327.92,0,0,162,241,0,7,0,0,NORMAL,0
INV-SYN-11030,TXN-SYN-11030,SUPP-TITAN-03,BUYER-APEX-06,DB Schenker,1,261983.64,258535.29,-0.0132,0.9233,590.52,421.77,1,0,187,242,0,21,0,0,NORMAL,0
INV-SYN-11031,TXN-SYN-11031,SUPP-SUSP-06,BUYER-QUICK-04,None,0,404772.33,404772.33,0.0,1.0379,3.4,-1.0,6,5,19,43,0,0,0,1,RAPID_GHOST_SETTLEMENT,1
INV-SYN-11032,TXN-SYN-11032,SUPP-IND-05,BUYER-GLOBAL-05,FedEx International,1,175968.92,174444.92,-0.0087,1.0903,942.94,762.47,1,0,169,210,0,5,0,1,NORMAL,0
INV-SYN-11033,TXN-SYN-11033,SUPP-PREC-04,BUYER-VORTEX-02,DHL Global Express,1,110370.9,109421.29,-0.0086,1.1518,585.74,445.42,0,0,163,242,0,2,0,1,NORMAL,0
INV-SYN-11034,TXN-SYN-11034,SUPP-TITAN-03,BUYER-VORTEX-02,DHL Global Express,1,246176.95,243308.86,-0.0117,0.869,787.37,630.0,1,0,188,243,0,6,0,0,NORMAL,0
INV-SYN-11035,TXN-SYN-11035,SUPP-TITAN-03,BUYER-APEX-06,DB Schenker,1,390179.07,393059.01,0.0074,1.4038,956.26,778.88,1,0,189,243,0,5,0,1,NORMAL,0
INV-SYN-11036,TXN-SYN-11036,SUPP-PACIFIC-08,BUYER-VORTEX-02,Maersk Ocean Freight,1,52016.89,51027.8,-0.019,0.6804,678.17,544.45,0,0,189,244,0,21,0,0,NORMAL,0
INV-SYN-11037,TXN-SYN-11037,SUPP-TITAN-03,BUYER-OMEGA-01,FedEx International,1,177493.76,174241.94,-0.0183,0.6223,511.22,386.82,1,0,190,265,0,16,0,0,NORMAL,0
INV-SYN-11038,TXN-SYN-11038,SUPP-PACIFIC-08,BUYER-VORTEX-02,Kuehne+Nagel Logistics,1,79208.47,79170.78,-0.0005,1.0556,420.69,346.46,0,0,190,245,0,7,0,0,NORMAL,0
INV-SYN-11039,TXN-SYN-11039,SUPP-IND-05,BUYER-GLOBAL-05,DHL Global Express,1,201883.93,198399.57,-0.0173,1.24,849.33,783.68,1,0,170,211,0,18,1,0,NORMAL,0
INV-SYN-11040,TXN-SYN-11040,SUPP-NEXUS-02,BUYER-GLOBAL-05,DB Schenker,1,120783.46,119192.45,-0.0132,1.4023,653.74,526.37,0,0,137,212,0,10,1,0,NORMAL,0
INV-SYN-11041,TXN-SYN-11041,SUPP-GLOBAL-01,BUYER-OMEGA-01,DHL Global Express,1,106233.47,106129.06,-0.001,0.8844,571.78,505.14,0,0,151,266,0,8,0,0,NORMAL,0
INV-SYN-11042,TXN-SYN-11042,SUPP-PREC-04,BUYER-VORTEX-02,Maersk Ocean Freight,1,120618.67,120338.99,-0.0023,1.2667,710.93,581.6,0,0,164,246,0,21,0,0,NORMAL,0
INV-SYN-11043,TXN-SYN-11043,SUPP-IND-05,BUYER-APEX-06,FedEx International,1,158459.66,155820.63,-0.0167,0.9739,767.66,593.36,1,0,171,244,0,8,0,0,NORMAL,0
INV-SYN-11044,TXN-SYN-11044,SUPP-PACIFIC-08,BUYER-APEX-06,Maersk Ocean Freight,1,71763.24,70869.96,-0.0124,0.9449,635.08,535.56,0,0,191,245,0,14,0,0,NORMAL,0
INV-SYN-11045,TXN-SYN-11045,SUPP-NEXUS-02,BUYER-GLOBAL-05,Maersk Ocean Freight,1,103777.77,103303.09,-0.0046,1.2153,582.94,398.52,0,0,138,213,0,13,1,0,NORMAL,0
INV-SYN-11046,TXN-SYN-11046,SUPP-IND-05,BUYER-VORTEX-02,Kuehne+Nagel Logistics,1,186092.92,186155.31,0.0003,1.1635,421.36,306.88,1,0,172,247,0,2,0,1,NORMAL,0
INV-SYN-11047,TXN-SYN-11047,SUPP-TITAN-03,BUYER-QUICK-04,FedEx International,1,313357.0,360360.55,0.15,1.287,144.58,114.28,1,5,191,44,0,18,0,0,SERIAL_COUNTERPARTY_SPIKE,1
INV-SYN-11048,TXN-SYN-11048,SUPP-TITAN-03,BUYER-OMEGA-01,DB Schenker,1,383357.82,380787.77,-0.0067,1.36,869.04,733.53,1,0,192,267,0,4,1,1,NORMAL,0
INV-SYN-11049,TXN-SYN-11049,SUPP-NEXUS-02,BUYER-OMEGA-01,Maersk Ocean Freight,1,114326.94,112771.69,-0.0136,1.3267,814.13,699.85,0,0,139,268,0,4,0,1,NORMAL,0
INV-SYN-11050,TXN-SYN-11050,SUPP-PREC-04,BUYER-OMEGA-01,FedEx International,1,80142.89,80770.13,0.0078,0.8502,503.06,434.26,0,0,165,269,0,1,0,1,NORMAL,0
INV-SYN-11051,TXN-SYN-11051,SUPP-NEXUS-02,BUYER-APEX-06,FedEx International,1,93410.83,93931.2,0.0056,1.1051,566.59,435.41,0,0,140,246,0,6,0,0,NORMAL,0
INV-SYN-11052,TXN-SYN-11052,SUPP-IND-05,BUYER-APEX-06,Maersk Ocean Freight,1,179761.21,180419.58,0.0037,1.1276,534.88,377.23,1,0,173,247,0,12,1,0,NORMAL,0
INV-SYN-11053,TXN-SYN-11053,SUPP-SUSP-06,BUYER-QUICK-04,Unregistered Logistics,1,750000.0,750000.0,0.0,1.9231,61.43,38.34,6,5,20,45,1,2,0,1,OFF_HOURS_ROUND_SUM,1
INV-SYN-11054,TXN-SYN-11054,SUPP-PHANTOM-07,BUYER-QUICK-04,None,0,691767.75,691767.75,0.0,1.5373,3.95,-1.0,8,5,23,46,0,10,0,0,RAPID_GHOST_SETTLEMENT,1
INV-SYN-11055,TXN-SYN-11055,SUPP-GLOBAL-01,BUYER-VORTEX-02,Maersk Ocean Freight,1,99851.3,100001.1,0.0015,0.8333,336.2,254.21,0,0,152,248,0,23,0,1,NORMAL,0
INV-SYN-11056,TXN-SYN-11056,SUPP-PREC-04,BUYER-APEX-06,FedEx International,1,94393.09,94090.95,-0.0032,0.9904,677.65,610.53,0,0,166,248,0,10,0,0,NORMAL,0
INV-SYN-11057,TXN-SYN-11057,SUPP-PREC-04,BUYER-GLOBAL-05,Kuehne+Nagel Logistics,1,122852.31,121291.37,-0.0127,1.2768,891.67,804.9,0,0,167,214,0,4,1,1,NORMAL,0
INV-SYN-11058,TXN-SYN-11058,SUPP-IND-05,BUYER-APEX-06,Kuehne+Nagel Logistics,1,181744.01,183270.89,0.0084,1.1454,810.55,652.68,1,0,174,249,0,5,0,1,NORMAL,0
INV-SYN-11059,TXN-SYN-11059,SUPP-PACIFIC-08,BUYER-APEX-06,DHL Global Express,1,68050.98,68704.81,0.0096,0.9161,428.3,300.86,0,0,192,250,0,2,0,1,NORMAL,0
INV-SYN-11060,TXN-SYN-11060,SUPP-PACIFIC-08,BUYER-GLOBAL-05,DHL Global Express,1,89469.35,88671.59,-0.0089,1.1823,703.19,523.1,0,0,193,215,0,16,1,0,NORMAL,0
INV-SYN-11061,TXN-SYN-11061,SUPP-PACIFIC-08,BUYER-OMEGA-01,FedEx International,1,21589.83,21660.15,0.0033,0.2888,864.92,764.37,0,0,194,270,0,15,0,0,NORMAL,0
INV-SYN-11062,TXN-SYN-11062,SUPP-IND-05,BUYER-GLOBAL-05,Maersk Ocean Freight,1,205950.63,205302.93,-0.0031,1.2831,688.01,583.64,1,0,175,216,0,0,1,1,NORMAL,0
INV-SYN-11063,TXN-SYN-11063,SUPP-PACIFIC-08,BUYER-GLOBAL-05,FedEx International,1,42380.37,42571.9,0.0045,0.5676,846.83,703.26,0,0,195,217,0,5,0,1,NORMAL,0
INV-SYN-11064,TXN-SYN-11064,SUPP-GLOBAL-01,BUYER-GLOBAL-05,FedEx International,1,109126.77,108126.83,-0.0092,0.9011,507.03,350.48,0,0,153,218,0,8,0,0,NORMAL,0
INV-SYN-11065,TXN-SYN-11065,SUPP-PREC-04,BUYER-VORTEX-02,Maersk Ocean Freight,1,68407.84,67723.1,-0.01,0.7129,534.93,393.21,0,0,168,249,0,10,0,0,NORMAL,0
INV-SYN-11066,TXN-SYN-11066,SUPP-PACIFIC-08,BUYER-OMEGA-01,Kuehne+Nagel Logistics,1,50724.72,50687.55,-0.0007,0.6758,821.52,718.86,0,0,196,271,0,7,0,0,NORMAL,0
INV-SYN-11067,TXN-SYN-11067,SUPP-IND-05,BUYER-OMEGA-01,Kuehne+Nagel Logistics,1,206433.07,205476.84,-0.0046,1.2842,875.92,837.39,1,0,176,272,0,20,1,0,NORMAL,0
INV-SYN-11068,TXN-SYN-11068,SUPP-IND-05,BUYER-GLOBAL-05,DHL Global Express,1,141291.95,140551.62,-0.0052,0.8784,806.33,680.66,1,0,177,219,0,14,0,0,NORMAL,0
INV-SYN-11069,TXN-SYN-11069,SUPP-IND-05,BUYER-OMEGA-01,DB Schenker,1,173860.16,174454.35,0.0034,1.0903,866.73,747.78,1,0,178,273,0,12,0,0,NORMAL,0
INV-SYN-11070,TXN-SYN-11070,SUPP-PHANTOM-07,BUYER-STEEL-03,Kuehne+Nagel Logistics,1,921653.62,1059901.66,0.15,2.3553,219.93,152.61,8,1,24,34,0,12,0,0,SERIAL_COUNTERPARTY_SPIKE,1
INV-SYN-11071,TXN-SYN-11071,SUPP-PACIFIC-08,BUYER-VORTEX-02,Maersk Ocean Freight,1,83944.52,82449.53,-0.0178,1.0993,649.49,512.43,0,0,197,250,0,15,0,0,NORMAL,0
INV-SYN-11072,TXN-SYN-11072,SUPP-PACIFIC-08,BUYER-APEX-06,DB Schenker,1,76440.41,75832.25,-0.008,1.0111,818.77,736.93,0,0,198,251,0,17,1,0,NORMAL,0
INV-SYN-11073,TXN-SYN-11073,SUPP-GLOBAL-01,BUYER-OMEGA-01,FedEx International,1,81510.23,80924.54,-0.0072,0.6744,667.01,590.63,0,0,154,274,0,17,0,0,NORMAL,0
INV-SYN-11074,TXN-SYN-11074,SUPP-TITAN-03,BUYER-APEX-06,Maersk Ocean Freight,1,349738.68,344845.82,-0.014,1.2316,940.1,775.95,1,0,193,252,0,10,0,0,NORMAL,0
INV-SYN-11075,TXN-SYN-11075,SUPP-PACIFIC-08,BUYER-VORTEX-02,DHL Global Express,1,65742.06,64719.67,-0.0156,0.8629,339.86,255.73,0,0,199,251,0,11,1,0,NORMAL,0
INV-SYN-11076,TXN-SYN-11076,SUPP-IND-05,BUYER-OMEGA-01,Maersk Ocean Freight,1,97736.72,97365.54,-0.0038,0.6085,947.26,762.33,1,0,179,275,0,17,0,0,NORMAL,0
INV-SYN-11077,TXN-SYN-11077,SUPP-PREC-04,BUYER-STEEL-03,None,0,250000.0,250000.0,0.0,2.6316,87.11,62.31,0,1,169,35,1,1,0,1,OFF_HOURS_ROUND_SUM,1
INV-SYN-11078,TXN-SYN-11078,SUPP-PREC-04,BUYER-OMEGA-01,FedEx International,1,130643.05,129500.37,-0.0087,1.3632,573.51,468.25,0,0,170,276,0,16,0,0,NORMAL,0
INV-SYN-11079,TXN-SYN-11079,SUPP-PREC-04,BUYER-APEX-06,DHL Global Express,1,115192.77,113599.54,-0.0138,1.1958,391.07,295.71,0,0,171,253,0,4,0,1,NORMAL,0
INV-SYN-11080,TXN-SYN-11080,SUPP-NEXUS-02,BUYER-OMEGA-01,DB Schenker,1,77591.14,76527.3,-0.0137,0.9003,637.78,455.03,0,0,141,277,0,20,0,0,NORMAL,0
INV-SYN-11081,TXN-SYN-11081,SUPP-TITAN-03,BUYER-APEX-06,Maersk Ocean Freight,1,255551.96,257993.65,0.0096,0.9214,687.55,526.79,1,0,194,254,0,2,0,1,NORMAL,0
INV-SYN-11082,TXN-SYN-11082,SUPP-IND-05,BUYER-OMEGA-01,Kuehne+Nagel Logistics,1,147134.6,144263.17,-0.0195,0.9016,575.47,480.19,1,0,180,278,0,13,0,0,NORMAL,0
INV-SYN-11083,TXN-SYN-11083,SUPP-GLOBAL-01,BUYER-GLOBAL-05,Maersk Ocean Freight,1,182302.44,180351.7,-0.0107,1.5029,423.8,377.62,0,0,155,220,0,14,0,0,NORMAL,0
INV-SYN-11084,TXN-SYN-11084,SUPP-PHANTOM-07,BUYER-OMEGA-01,None,0,750000.0,750000.0,0.0,1.6667,25.07,8.0,8,0,25,279,1,2,1,1,OFF_HOURS_ROUND_SUM,1
INV-SYN-11085,TXN-SYN-11085,SUPP-GLOBAL-01,BUYER-VORTEX-02,DHL Global Express,1,132901.25,130802.29,-0.0158,1.09,386.0,276.71,0,0,156,252,0,11,0,0,NORMAL,0
INV-SYN-11086,TXN-SYN-11086,SUPP-NEXUS-02,BUYER-GLOBAL-05,FedEx International,1,106893.52,106086.08,-0.0076,1.2481,405.35,344.78,0,0,142,221,0,22,0,0,NORMAL,0
INV-SYN-11087,TXN-SYN-11087,SUPP-IND-05,BUYER-APEX-06,FedEx International,1,169551.57,382260.85,1.2545,2.3891,281.06,230.18,1,0,181,255,0,2,0,1,AMOUNT_INFLATION,1
INV-SYN-11088,TXN-SYN-11088,SUPP-PACIFIC-08,BUYER-GLOBAL-05,DHL Global Express,1,70142.96,69298.12,-0.012,0.924,525.04,438.95,0,0,200,222,0,1,0,1,NORMAL,0
INV-SYN-11089,TXN-SYN-11089,SUPP-GLOBAL-01,BUYER-VORTEX-02,DB Schenker,1,114109.5,224840.92,0.9704,1.8737,302.31,181.11,0,0,157,253,0,6,0,0,AMOUNT_INFLATION,1
INV-SYN-11090,TXN-SYN-11090,SUPP-GLOBAL-01,BUYER-OMEGA-01,DHL Global Express,1,117851.96,116282.29,-0.0133,0.969,408.95,307.45,0,0,158,280,0,15,0,0,NORMAL,0
INV-SYN-11091,TXN-SYN-11091,SUPP-PREC-04,BUYER-APEX-06,FedEx International,1,94115.97,94650.95,0.0057,0.9963,873.88,754.15,0,0,172,256,0,18,0,0,NORMAL,0
INV-SYN-11092,TXN-SYN-11092,SUPP-PACIFIC-08,BUYER-OMEGA-01,FedEx International,1,88643.05,88118.69,-0.0059,1.1749,610.58,433.73,0,0,201,281,0,22,1,0,NORMAL,0
INV-SYN-11093,TXN-SYN-11093,SUPP-IND-05,BUYER-GLOBAL-05,Kuehne+Nagel Logistics,1,162077.84,162086.42,0.0001,1.013,740.27,689.23,1,0,182,223,0,21,0,0,NORMAL,0
INV-SYN-11094,TXN-SYN-11094,SUPP-IND-05,BUYER-VORTEX-02,FedEx International,1,189305.6,188442.75,-0.0046,1.1778,536.98,375.33,1,0,183,254,0,15,0,0,NORMAL,0
INV-SYN-11095,TXN-SYN-11095,SUPP-GLOBAL-01,BUYER-OMEGA-01,FedEx International,1,117578.5,116222.7,-0.0115,0.9685,507.68,375.73,0,0,159,282,0,19,0,0,NORMAL,0
INV-SYN-11096,TXN-SYN-11096,SUPP-NEXUS-02,BUYER-GLOBAL-05,DB Schenker,1,86671.0,87469.99,0.0092,1.0291,690.41,550.14,0,0,143,224,0,13,1,0,NORMAL,0
INV-SYN-11097,TXN-SYN-11097,SUPP-TITAN-03,BUYER-VORTEX-02,DHL Global Express,1,140125.95,138898.88,-0.0088,0.4961,747.42,688.76,1,0,195,255,0,13,0,0,NORMAL,0
INV-SYN-11098,TXN-SYN-11098,SUPP-PREC-04,BUYER-OMEGA-01,DHL Global Express,1,116762.78,117858.71,0.0094,1.2406,779.46,741.23,0,0,173,283,0,16,0,0,NORMAL,0
INV-SYN-11099,TXN-SYN-11099,SUPP-NEXUS-02,BUYER-VORTEX-02,Maersk Ocean Freight,1,92362.88,90548.08,-0.0196,1.0653,463.65,352.65,0,0,144,256,0,21,0,0,NORMAL,0
INV-SYN-11100,TXN-SYN-11100,SUPP-IND-05,BUYER-APEX-06,DB Schenker,1,199920.4,197210.5,-0.0136,1.2326,636.84,503.92,1,0,184,257,0,0,0,1,NORMAL,0
INV-SYN-11101,TXN-SYN-11101,SUPP-PACIFIC-08,BUYER-GLOBAL-05,FedEx International,1,20695.21,20600.73,-0.0046,0.2747,481.8,393.17,0,0,202,225,0,8,1,0,NORMAL,0
INV-SYN-11102,TXN-SYN-11102,SUPP-PREC-04,BUYER-APEX-06,DB Schenker,1,144598.9,144604.74,0.0,1.5222,487.13,397.72,0,0,174,258,0,18,0,0,NORMAL,0
INV-SYN-11103,TXN-SYN-11103,SUPP-TITAN-03,BUYER-APEX-06,FedEx International,1,270228.73,272645.28,0.0089,0.9737,880.74,825.05,1,0,196,259,0,20,0,0,NORMAL,0
INV-SYN-11104,TXN-SYN-11104,SUPP-GLOBAL-01,BUYER-OMEGA-01,Maersk Ocean Freight,1,153245.48,151540.07,-0.0111,1.2628,683.77,511.54,0,0,160,284,0,1,1,1,NORMAL,0
INV-SYN-11105,TXN-SYN-11105,SUPP-IND-05,BUYER-OMEGA-01,DB Schenker,1,118403.76,119487.2,0.0092,0.7468,421.41,356.93,1,0,185,285,0,16,0,0,NORMAL,0
INV-SYN-11106,TXN-SYN-11106,SUPP-PACIFIC-08,BUYER-VORTEX-02,DB Schenker,1,86489.51,85275.22,-0.014,1.137,752.72,600.56,0,0,203,257,0,16,0,0,NORMAL,0
INV-SYN-11107,TXN-SYN-11107,SUPP-NEXUS-02,BUYER-OMEGA-01,DB Schenker,1,62614.92,62043.85,-0.0091,0.7299,412.0,340.05,0,0,145,286,0,15,0,0,NORMAL,0
INV-SYN-11108,TXN-SYN-11108,SUPP-NEXUS-02,BUYER-OMEGA-01,FedEx International,1,71744.91,71676.55,-0.001,0.8433,915.94,745.94,0,0,146,287,0,21,0,0,NORMAL,0
INV-SYN-11109,TXN-SYN-11109,SUPP-PACIFIC-08,BUYER-VORTEX-02,FedEx International,1,110888.09,111847.71,0.0087,1.4913,509.2,407.05,0,0,204,258,0,14,0,0,NORMAL,0
INV-SYN-11110,TXN-SYN-11110,SUPP-PREC-04,BUYER-GLOBAL-05,Kuehne+Nagel Logistics,1,90471.29,90077.96,-0.0043,0.9482,622.52,520.8,0,0,175,226,0,17,0,0,NORMAL,0
INV-SYN-11111,TXN-SYN-11111,SUPP-NEXUS-02,BUYER-GLOBAL-05,Maersk Ocean Freight,1,89620.45,88503.77,-0.0125,1.0412,487.95,365.25,0,0,147,227,0,20,0,0,NORMAL,0
INV-SYN-11112,TXN-SYN-11112,SUPP-PACIFIC-08,BUYER-OMEGA-01,FedEx International,1,91313.77,90611.68,-0.0077,1.2082,757.19,698.76,0,0,205,288,0,20,0,0,NORMAL,0
INV-SYN-11113,TXN-SYN-11113,SUPP-NEXUS-02,BUYER-APEX-06,FedEx International,1,95533.24,95474.25,-0.0006,1.1232,486.14,389.14,0,0,148,260,0,4,1,1,NORMAL,0
INV-SYN-11114,TXN-SYN-11114,SUPP-TITAN-03,BUYER-OMEGA-01,Kuehne+Nagel Logistics,1,290529.32,292990.54,0.0085,1.0464,371.99,314.08,1,0,197,289,0,0,0,1,NORMAL,0
INV-SYN-11115,TXN-SYN-11115,SUPP-PACIFIC-08,BUYER-VORTEX-02,Maersk Ocean Freight,1,81843.02,80555.81,-0.0157,1.0741,325.43,246.46,0,0,206,259,0,1,0,1,NORMAL,0
INV-SYN-11116,TXN-SYN-11116,SUPP-GLOBAL-01,BUYER-GLOBAL-05,FedEx International,1,192102.47,192707.54,0.0031,1.6059,765.61,636.25,0,0,161,228,0,7,0,0,NORMAL,0
INV-SYN-11117,TXN-SYN-11117,SUPP-TITAN-03,BUYER-OMEGA-01,Maersk Ocean Freight,1,275966.68,275497.83,-0.0017,0.9839,825.11,765.14,1,0,198,290,0,23,1,1,NORMAL,0
INV-SYN-11118,TXN-SYN-11118,SUPP-GLOBAL-01,BUYER-APEX-06,Kuehne+Nagel Logistics,1,126032.97,124478.17,-0.0123,1.0373,724.78,590.99,0,0,162,261,0,0,0,1,NORMAL,0
INV-SYN-11119,TXN-SYN-11119,SUPP-PACIFIC-08,BUYER-VORTEX-02,DB Schenker,1,94699.77,236488.63,1.4972,3.1532,537.35,431.43,0,0,207,260,0,1,1,1,AMOUNT_INFLATION,1
INV-SYN-11120,TXN-SYN-11120,SUPP-NEXUS-02,BUYER-APEX-06,DHL Global Express,1,108492.43,109457.72,0.0089,1.2877,860.88,759.1,0,0,149,262,0,0,0,1,NORMAL,0
INV-SYN-11121,TXN-SYN-11121,SUPP-TITAN-03,BUYER-GLOBAL-05,Maersk Ocean Freight,1,363092.12,362804.54,-0.0008,1.2957,917.15,829.85,1,0,199,229,0,2,0,1,NORMAL,0
INV-SYN-11122,TXN-SYN-11122,SUPP-GLOBAL-01,BUYER-OMEGA-01,Kuehne+Nagel Logistics,1,139161.91,139743.57,0.0042,1.1645,446.7,372.83,0,0,163,291,0,13,1,0,NORMAL,0
INV-SYN-11123,TXN-SYN-11123,SUPP-PREC-04,BUYER-GLOBAL-05,DB Schenker,1,67853.63,68086.21,0.0034,0.7167,750.51,603.98,0,0,176,230,0,17,1,0,NORMAL,0
INV-SYN-11124,TXN-SYN-11124,SUPP-IND-05,BUYER-APEX-06,DHL Global Express,1,225337.26,226714.48,0.0061,1.417,741.14,601.0,1,0,186,263,0,19,0,0,NORMAL,0
INV-SYN-11125,TXN-SYN-11125,SUPP-IND-05,BUYER-OMEGA-01,Maersk Ocean Freight,1,114146.18,112265.53,-0.0165,0.7017,743.26,588.07,1,0,187,292,0,3,0,1,NORMAL,0
INV-SYN-11126,TXN-SYN-11126,SUPP-PACIFIC-08,BUYER-APEX-06,Kuehne+Nagel Logistics,1,80674.41,80799.35,0.0015,1.0773,793.56,751.34,0,0,208,264,0,15,1,0,NORMAL,0
INV-SYN-11127,TXN-SYN-11127,SUPP-IND-05,BUYER-OMEGA-01,Kuehne+Nagel Logistics,1,129828.97,130399.54,0.0044,0.815,775.43,641.44,1,0,188,293,0,8,0,0,NORMAL,0
INV-SYN-11128,TXN-SYN-11128,SUPP-GLOBAL-01,BUYER-VORTEX-02,DHL Global Express,1,118075.85,115799.86,-0.0193,0.965,598.93,415.37,0,0,164,261,0,10,0,0,NORMAL,0
INV-SYN-11129,TXN-SYN-11129,SUPP-PREC-04,BUYER-OMEGA-01,Maersk Ocean Freight,1,102808.11,103371.8,0.0055,1.0881,526.98,451.43,0,0,177,294,0,23,0,1,NORMAL,0
INV-SYN-11130,TXN-SYN-11130,SUPP-NEXUS-02,BUYER-GLOBAL-05,Maersk Ocean Freight,1,91828.84,90123.94,-0.0186,1.0603,808.65,701.17,0,0,150,231,0,20,0,0,NORMAL,0
INV-SYN-11131,TXN-SYN-11131,SUPP-NEXUS-02,BUYER-VORTEX-02,Kuehne+Nagel Logistics,1,93965.82,94520.64,0.0059,1.112,829.12,691.99,0,0,151,262,0,10,0,0,NORMAL,0
INV-SYN-11132,TXN-SYN-11132,SUPP-NEXUS-02,BUYER-APEX-06,FedEx International,1,119291.36,118099.99,-0.01,1.3894,562.08,429.92,0,0,152,265,0,8,1,0,NORMAL,0
INV-SYN-11133,TXN-SYN-11133,SUPP-TITAN-03,BUYER-OMEGA-01,DB Schenker,1,311747.4,306358.21,-0.0173,1.0941,637.66,538.32,1,0,200,295,0,13,0,0,NORMAL,0
INV-SYN-11134,TXN-SYN-11134,SUPP-NEXUS-02,BUYER-APEX-06,Maersk Ocean Freight,1,79811.67,80264.94,0.0057,0.9443,835.27,723.54,0,0,153,266,0,7,1,0,NORMAL,0
INV-SYN-11135,TXN-SYN-11135,SUPP-TITAN-03,BUYER-VORTEX-02,DB Schenker,1,347486.1,343901.01,-0.0103,1.2282,479.71,426.32,1,0,201,263,0,8,0,0,NORMAL,0
INV-SYN-11136,TXN-SYN-11136,SUPP-IND-05,BUYER-GLOBAL-05,DHL Global Express,1,207578.82,206779.15,-0.0039,1.2924,457.26,359.17,1,0,189,232,0,1,0,1,NORMAL,0
INV-SYN-11137,TXN-SYN-11137,SUPP-GLOBAL-01,BUYER-APEX-06,Maersk Ocean Freight,1,83171.77,81872.04,-0.0156,0.6823,567.12,478.05,0,0,165,267,0,3,0,1,NORMAL,0
INV-SYN-11138,TXN-SYN-11138,SUPP-PREC-04,BUYER-OMEGA-01,Maersk Ocean Freight,1,109188.25,109416.29,0.0021,1.1518,780.78,608.05,0,0,178,296,0,4,0,1,NORMAL,0
INV-SYN-11139,TXN-SYN-11139,SUPP-GLOBAL-01,BUYER-GLOBAL-05,DB Schenker,1,141035.18,140086.87,-0.0067,1.1674,375.37,333.01,0,0,166,233,0,16,0,0,NORMAL,0
INV-SYN-11140,TXN-SYN-11140,SUPP-TITAN-03,BUYER-OMEGA-01,FedEx International,1,259170.55,260465.74,0.005,0.9302,954.47,765.08,1,0,202,297,0,3,0,1,NORMAL,0
INV-SYN-11141,TXN-SYN-11141,SUPP-PREC-04,BUYER-VORTEX-02,DB Schenker,1,127673.04,126256.35,-0.0111,1.329,716.44,529.96,0,0,179,264,0,16,1,0,NORMAL,0
INV-SYN-11142,TXN-SYN-11142,SUPP-PREC-04,BUYER-APEX-06,FedEx International,1,91436.18,92346.08,0.01,0.9721,814.73,748.74,0,0,180,268,0,16,0,0,NORMAL,0
INV-SYN-11143,TXN-SYN-11143,SUPP-IND-05,BUYER-APEX-06,Maersk Ocean Freight,1,165023.06,166121.8,0.0067,1.0383,852.79,664.05,1,0,190,269,0,14,1,0,NORMAL,0
INV-SYN-11144,TXN-SYN-11144,SUPP-TITAN-03,BUYER-GLOBAL-05,FedEx International,1,267884.97,265456.71,-0.0091,0.9481,612.47,432.09,1,0,203,234,0,18,0,0,NORMAL,0
INV-SYN-11145,TXN-SYN-11145,SUPP-TITAN-03,BUYER-OMEGA-01,FedEx International,1,281090.53,276602.86,-0.016,0.9879,887.49,717.33,1,0,204,298,0,16,0,0,NORMAL,0
INV-SYN-11146,TXN-SYN-11146,SUPP-IND-05,BUYER-VORTEX-02,Kuehne+Nagel Logistics,1,116149.0,117022.95,0.0075,0.7314,750.95,561.22,1,0,191,265,0,19,0,0,NORMAL,0
INV-SYN-11147,TXN-SYN-11147,SUPP-GLOBAL-01,BUYER-VORTEX-02,DB Schenker,1,76798.47,76915.74,0.0015,0.641,869.26,732.65,0,0,167,266,0,9,0,0,NORMAL,0
INV-SYN-11148,TXN-SYN-11148,SUPP-NEXUS-02,BUYER-APEX-06,Kuehne+Nagel Logistics,1,118883.23,119489.34,0.0051,1.4058,646.08,538.28,0,0,154,270,0,14,1,0,NORMAL,0
INV-SYN-11149,TXN-SYN-11149,SUPP-IND-05,BUYER-QUICK-04,FedEx International,1,126121.55,300196.77,1.3802,1.8762,236.72,142.96,1,5,192,47,0,1,1,1,AMOUNT_INFLATION,1
INV-SYN-11150,TXN-SYN-11150,SUPP-TITAN-03,BUYER-OMEGA-01,DHL Global Express,1,210602.54,208134.85,-0.0117,0.7433,743.48,668.17,1,0,205,299,0,20,0,0,NORMAL,0
INV-SYN-11151,TXN-SYN-11151,SUPP-PREC-04,BUYER-APEX-06,FedEx International,1,43856.98,44220.22,0.0083,0.4655,826.93,637.08,0,0,181,271,0,1,0,1,NORMAL,0
INV-SYN-11152,TXN-SYN-11152,SUPP-TITAN-03,BUYER-GLOBAL-05,Kuehne+Nagel Logistics,1,235272.68,234589.38,-0.0029,0.8378,499.19,326.54,1,0,206,235,0,14,1,0,NORMAL,0
INV-SYN-11153,TXN-SYN-11153,SUPP-IND-05,BUYER-GLOBAL-05,Maersk Ocean Freight,1,107076.41,108053.66,0.0091,0.6753,636.73,592.47,1,0,193,236,0,17,0,0,NORMAL,0
INV-SYN-11154,TXN-SYN-11154,SUPP-GLOBAL-01,BUYER-OMEGA-01,FedEx International,1,169260.45,169583.98,0.0019,1.4132,978.15,827.87,0,0,168,300,0,3,0,1,NORMAL,0
INV-SYN-11155,TXN-SYN-11155,SUPP-NEXUS-02,BUYER-VORTEX-02,Maersk Ocean Freight,1,106458.61,107295.88,0.0079,1.2623,443.14,293.46,0,0,155,267,0,17,0,0,NORMAL,0
INV-SYN-11156,TXN-SYN-11156,SUPP-PREC-04,BUYER-APEX-06,Maersk Ocean Freight,1,78656.43,77983.03,-0.0086,0.8209,459.8,349.79,0,0,182,272,0,3,0,1,NORMAL,0
INV-SYN-11157,TXN-SYN-11157,SUPP-TITAN-03,BUYER-GLOBAL-05,DHL Global Express,1,437670.51,434567.79,-0.0071,1.552,426.05,350.74,1,0,207,237,0,21,0,0,NORMAL,0
INV-SYN-11158,TXN-SYN-11158,SUPP-PREC-04,BUYER-VORTEX-02,Maersk Ocean Freight,1,118316.93,119449.11,0.0096,1.2574,645.79,511.04,0,0,183,268,0,15,0,0,NORMAL,0
INV-SYN-11159,TXN-SYN-11159,SUPP-GLOBAL-01,BUYER-GLOBAL-05,DHL Global Express,1,110255.06,110054.92,-0.0018,0.9171,838.82,649.63,0,0,169,238,0,7,1,0,NORMAL,0
INV-SYN-11160,TXN-SYN-11160,SUPP-GLOBAL-01,BUYER-VORTEX-02,Maersk Ocean Freight,1,45017.83,45447.92,0.0096,0.3787,508.81,470.85,0,0,170,269,0,11,0,0,NORMAL,0
INV-SYN-11161,TXN-SYN-11161,SUPP-SUSP-06,BUYER-VORTEX-02,FedEx International,1,998101.71,1147816.97,0.15,2.9431,88.29,-29.38,6,0,21,270,0,19,0,0,SERIAL_COUNTERPARTY_SPIKE,1
INV-SYN-11162,TXN-SYN-11162,SUPP-PACIFIC-08,BUYER-VORTEX-02,FedEx International,1,48945.52,48809.43,-0.0028,0.6508,719.46,544.4,0,0,209,271,0,3,1,1,NORMAL,0
INV-SYN-11163,TXN-SYN-11163,SUPP-PREC-04,BUYER-OMEGA-01,DHL Global Express,1,55921.78,56372.44,0.0081,0.5934,898.89,724.32,0,0,184,301,0,17,0,0,NORMAL,0
INV-SYN-11164,TXN-SYN-11164,SUPP-TITAN-03,BUYER-GLOBAL-05,FedEx International,1,351579.93,351752.54,0.0005,1.2563,908.19,780.14,1,0,208,239,0,8,0,0,NORMAL,0
INV-SYN-11165,TXN-SYN-11165,SUPP-PREC-04,BUYER-VORTEX-02,Kuehne+Nagel Logistics,1,152944.12,154461.37,0.0099,1.6259,976.68,797.16,0,0,185,272,0,22,0,0,NORMAL,0
INV-SYN-11166,TXN-SYN-11166,SUPP-IND-05,BUYER-APEX-06,DHL Global Express,1,215370.91,217162.87,0.0083,1.3573,583.32,443.01,1,0,194,273,0,0,0,1,NORMAL,0
INV-SYN-11167,TXN-SYN-11167,SUPP-TITAN-03,BUYER-VORTEX-02,Kuehne+Nagel Logistics,1,319473.64,320920.08,0.0045,1.1461,330.34,264.95,1,0,209,273,0,9,1,0,NORMAL,0
INV-SYN-11168,TXN-SYN-11168,SUPP-GLOBAL-01,BUYER-APEX-06,DB Schenker,1,137842.63,138847.51,0.0073,1.1571,445.66,299.27,0,0,171,274,0,19,0,0,NORMAL,0
INV-SYN-11169,TXN-SYN-11169,SUPP-IND-05,BUYER-OMEGA-01,DB Schenker,1,194136.62,192120.82,-0.0104,1.2008,779.59,661.32,1,0,195,302,0,2,0,1,NORMAL,0
INV-SYN-11170,TXN-SYN-11170,SUPP-IND-05,BUYER-APEX-06,FedEx International,1,190357.14,190223.12,-0.0007,1.1889,588.82,508.74,1,0,196,275,0,14,0,0,NORMAL,0
INV-SYN-11171,TXN-SYN-11171,SUPP-NEXUS-02,BUYER-GLOBAL-05,DHL Global Express,1,90975.32,90319.35,-0.0072,1.0626,638.16,534.28,0,0,156,240,0,19,1,0,NORMAL,0
INV-SYN-11172,TXN-SYN-11172,SUPP-PREC-04,BUYER-OMEGA-01,Kuehne+Nagel Logistics,1,97474.78,96940.92,-0.0055,1.0204,932.03,835.37,0,0,186,303,0,18,0,0,NORMAL,0
INV-SYN-11173,TXN-SYN-11173,SUPP-TITAN-03,BUYER-OMEGA-01,Maersk Ocean Freight,1,275618.48,270450.35,-0.0188,0.9659,958.95,775.26,1,0,210,304,0,4,1,1,NORMAL,0
INV-SYN-11174,TXN-SYN-11174,SUPP-PACIFIC-08,BUYER-VORTEX-02,DHL Global Express,1,60863.16,60995.7,0.0022,0.8133,939.41,820.06,0,0,210,274,0,13,0,0,NORMAL,0
INV-SYN-11175,TXN-SYN-11175,SUPP-PREC-04,BUYER-VORTEX-02,Kuehne+Nagel Logistics,1,88333.97,87992.37,-0.0039,0.9262,847.63,683.12,0,0,187,275,0,14,0,0,NORMAL,0
INV-SYN-11176,TXN-SYN-11176,SUPP-IND-05,BUYER-VORTEX-02,FedEx International,1,92281.73,92321.78,0.0004,0.577,342.17,299.19,1,0,197,276,0,7,0,0,NORMAL,0
INV-SYN-11177,TXN-SYN-11177,SUPP-NEXUS-02,BUYER-VORTEX-02,FedEx International,1,82910.28,81433.56,-0.0178,0.958,650.45,582.69,0,0,157,277,0,3,0,1,NORMAL,0
INV-SYN-11178,TXN-SYN-11178,SUPP-TITAN-03,BUYER-VORTEX-02,FedEx International,1,210798.62,508648.44,1.413,1.8166,405.91,357.45,1,0,211,278,0,10,0,0,AMOUNT_INFLATION,1
INV-SYN-11179,TXN-SYN-11179,SUPP-TITAN-03,BUYER-VORTEX-02,Kuehne+Nagel Logistics,1,202748.75,203721.37,0.0048,0.7276,360.85,266.85,1,0,212,279,0,9,0,0,NORMAL,0
INV-SYN-11180,TXN-SYN-11180,SUPP-IND-05,BUYER-QUICK-04,None,0,330425.15,379988.92,0.15,2.3749,177.2,70.28,1,5,198,48,0,23,0,1,SERIAL_COUNTERPARTY_SPIKE,1
INV-SYN-11181,TXN-SYN-11181,SUPP-NEXUS-02,BUYER-GLOBAL-05,Kuehne+Nagel Logistics,1,114580.05,112323.6,-0.0197,1.3215,571.33,406.85,0,0,158,241,0,2,0,1,NORMAL,0
INV-SYN-11182,TXN-SYN-11182,SUPP-NEXUS-02,BUYER-APEX-06,DHL Global Express,1,104514.23,102456.65,-0.0197,1.2054,801.63,657.6,0,0,159,276,0,14,0,0,NORMAL,0
INV-SYN-11183,TXN-SYN-11183,SUPP-PREC-04,BUYER-VORTEX-02,DHL Global Express,1,57700.61,56932.57,-0.0133,0.5993,470.82,335.35,0,0,188,280,0,22,0,0,NORMAL,0
INV-SYN-11184,TXN-SYN-11184,SUPP-PREC-04,BUYER-OMEGA-01,Maersk Ocean Freight,1,71496.33,70768.59,-0.0102,0.7449,996.38,813.19,0,0,189,305,0,20,0,0,NORMAL,0
INV-SYN-11185,TXN-SYN-11185,SUPP-PACIFIC-08,BUYER-APEX-06,Maersk Ocean Freight,1,92639.46,91582.74,-0.0114,1.2211,474.55,305.1,0,0,211,277,0,21,0,0,NORMAL,0
INV-SYN-11186,TXN-SYN-11186,SUPP-GLOBAL-01,BUYER-APEX-06,DB Schenker,1,90525.38,91115.68,0.0065,0.7593,932.11,747.87,0,0,172,278,0,12,0,0,NORMAL,0
INV-SYN-11187,TXN-SYN-11187,SUPP-NEXUS-02,BUYER-VORTEX-02,DHL Global Express,1,80226.55,78707.93,-0.0189,0.926,487.88,377.19,0,0,160,281,0,12,0,0,NORMAL,0
INV-SYN-11188,TXN-SYN-11188,SUPP-PREC-04,BUYER-VORTEX-02,Kuehne+Nagel Logistics,1,108063.74,108151.11,0.0008,1.1384,655.71,609.19,0,0,190,282,0,19,0,0,NORMAL,0
INV-SYN-11189,TXN-SYN-11189,SUPP-PREC-04,BUYER-VORTEX-02,DB Schenker,1,72001.82,72223.14,0.0031,0.7602,839.48,700.07,0,0,191,283,0,0,0,1,NORMAL,0
INV-SYN-11190,TXN-SYN-11190,SUPP-NEXUS-02,BUYER-VORTEX-02,FedEx International,1,87239.23,85608.97,-0.0187,1.0072,483.03,444.81,0,0,161,284,0,21,0,0,NORMAL,0
INV-SYN-11191,TXN-SYN-11191,SUPP-TITAN-03,BUYER-VORTEX-02,Kuehne+Nagel Logistics,1,186618.22,184009.2,-0.014,0.6572,604.51,468.02,1,0,213,285,0,14,1,0,NORMAL,0
INV-SYN-11192,TXN-SYN-11192,SUPP-TITAN-03,BUYER-OMEGA-01,Kuehne+Nagel Logistics,1,237904.26,237622.68,-0.0012,0.8487,343.58,255.19,1,0,214,306,0,6,1,0,NORMAL,0
INV-SYN-11193,TXN-SYN-11193,SUPP-PREC-04,BUYER-OMEGA-01,FedEx International,1,102594.82,102394.74,-0.002,1.0778,406.92,326.02,0,0,192,307,0,17,1,0,NORMAL,0
INV-SYN-11194,TXN-SYN-11194,SUPP-TITAN-03,BUYER-OMEGA-01,DHL Global Express,1,168490.44,165449.85,-0.018,0.5909,727.97,611.15,1,0,215,308,0,19,0,0,NORMAL,0
INV-SYN-11195,TXN-SYN-11195,SUPP-NEXUS-02,BUYER-GLOBAL-05,FedEx International,1,94360.09,92879.07,-0.0157,1.0927,295.73,243.54,0,0,162,242,0,15,0,0,NORMAL,0
INV-SYN-11196,TXN-SYN-11196,SUPP-GLOBAL-01,BUYER-OMEGA-01,FedEx International,1,119410.87,119776.37,0.0031,0.9981,751.97,697.31,0,0,173,309,0,1,0,1,NORMAL,0
INV-SYN-11197,TXN-SYN-11197,SUPP-GLOBAL-01,BUYER-OMEGA-01,DB Schenker,1,136574.7,137219.33,0.0047,1.1435,737.2,626.87,0,0,174,310,0,17,0,0,NORMAL,0
INV-SYN-11198,TXN-SYN-11198,SUPP-TITAN-03,BUYER-APEX-06,DB Schenker,1,295673.99,296396.05,0.0024,1.0586,532.55,390.03,1,0,216,279,0,8,0,0,NORMAL,0
INV-SYN-11199,TXN-SYN-11199,SUPP-PACIFIC-08,BUYER-APEX-06,Maersk Ocean Freight,1,100577.63,101277.38,0.007,1.3504,481.16,374.3,0,0,212,280,0,2,0,1,NORMAL,0
INV-SYN-11200,TXN-SYN-11200,SUPP-IND-05,BUYER-QUICK-04,None,0,224025.21,224025.21,0.0,1.4002,0.59,-1.0,1,5,199,49,0,21,0,0,RAPID_GHOST_SETTLEMENT,1
INV-SYN-11201,TXN-SYN-11201,SUPP-TITAN-03,BUYER-VORTEX-02,FedEx International,1,249941.61,248019.84,-0.0077,0.8858,1005.74,832.49,1,0,217,286,0,5,0,1,NORMAL,0
INV-SYN-11202,TXN-SYN-11202,SUPP-NEXUS-02,BUYER-GLOBAL-05,Kuehne+Nagel Logistics,1,87598.82,86913.25,-0.0078,1.0225,853.91,680.07,0,0,163,243,0,6,0,0,NORMAL,0
INV-SYN-11203,TXN-SYN-11203,SUPP-PREC-04,BUYER-APEX-06,FedEx International,1,107903.33,106838.76,-0.0099,1.1246,813.78,673.98,0,0,193,281,0,12,1,0,NORMAL,0
INV-SYN-11204,TXN-SYN-11204,SUPP-NEXUS-02,BUYER-VORTEX-02,DB Schenker,1,86038.28,84810.42,-0.0143,0.9978,524.41,458.05,0,0,164,287,0,8,0,0,NORMAL,0
INV-SYN-11205,TXN-SYN-11205,SUPP-PREC-04,BUYER-APEX-06,Kuehne+Nagel Logistics,1,95964.05,94928.31,-0.0108,0.9992,402.47,305.19,0,0,194,282,0,12,0,0,NORMAL,0
INV-SYN-11206,TXN-SYN-11206,SUPP-PACIFIC-08,BUYER-APEX-06,DB Schenker,1,61837.66,62146.02,0.005,0.8286,644.1,487.27,0,0,213,283,0,8,0,0,NORMAL,0
INV-SYN-11207,TXN-SYN-11207,SUPP-NEXUS-02,BUYER-VORTEX-02,DB Schenker,1,70913.36,71388.32,0.0067,0.8399,637.98,499.07,0,0,165,288,0,6,0,0,NORMAL,0
INV-SYN-11208,TXN-SYN-11208,SUPP-PREC-04,BUYER-OMEGA-01,Maersk Ocean Freight,1,61688.12,61168.65,-0.0084,0.6439,970.23,830.18,0,0,195,311,0,12,0,0,NORMAL,0
INV-SYN-11209,TXN-SYN-11209,SUPP-PACIFIC-08,BUYER-VORTEX-02,FedEx International,1,107804.56,107508.32,-0.0027,1.4334,647.7,486.77,0,0,214,289,0,14,0,0,NORMAL,0
INV-SYN-11210,TXN-SYN-11210,SUPP-PREC-04,BUYER-VORTEX-02,Maersk Ocean Freight,1,65458.25,64405.46,-0.0161,0.678,787.49,606.21,0,0,196,290,0,21,1,0,NORMAL,0
INV-SYN-11211,TXN-SYN-11211,SUPP-IND-05,BUYER-OMEGA-01,DHL Global Express,1,132283.79,132761.18,0.0036,0.8298,841.48,792.1,1,0,200,312,0,12,0,0,NORMAL,0
INV-SYN-11212,TXN-SYN-11212,SUPP-GLOBAL-01,BUYER-GLOBAL-05,FedEx International,1,98447.78,97404.12,-0.0106,0.8117,862.83,686.15,0,0,175,244,0,16,0,0,NORMAL,0
INV-SYN-11213,TXN-SYN-11213,SUPP-NEXUS-02,BUYER-GLOBAL-05,DB Schenker,1,104017.14,103069.36,-0.0091,1.2126,960.55,782.71,0,0,166,245,0,7,1,0,NORMAL,0
INV-SYN-11214,TXN-SYN-11214,SUPP-PREC-04,BUYER-APEX-06,DB Schenker,1,87994.95,86697.6,-0.0147,0.9126,419.19,335.89,0,0,197,284,0,15,1,0,NORMAL,0
INV-SYN-11215,TXN-SYN-11215,SUPP-NEXUS-02,BUYER-VORTEX-02,FedEx International,1,111514.52,111065.02,-0.004,1.3066,709.45,577.0,0,0,167,291,0,2,0,1,NORMAL,0
INV-SYN-11216,TXN-SYN-11216,SUPP-PACIFIC-08,BUYER-APEX-06,FedEx International,1,62372.05,61650.84,-0.0116,0.822,993.96,825.67,0,0,215,285,0,16,0,0,NORMAL,0
INV-SYN-11217,TXN-SYN-11217,SUPP-PACIFIC-08,BUYER-VORTEX-02,Kuehne+Nagel Logistics,1,80231.14,78860.16,-0.0171,1.0515,565.83,523.69,0,0,216,292,0,20,1,0,NORMAL,0
INV-SYN-11218,TXN-SYN-11218,SUPP-PREC-04,BUYER-VORTEX-02,Maersk Ocean Freight,1,75160.51,74979.02,-0.0024,0.7893,988.66,798.57,0,0,198,293,0,18,0,0,NORMAL,0
INV-SYN-11219,TXN-SYN-11219,SUPP-IND-05,BUYER-VORTEX-02,DB Schenker,1,245805.97,241036.28,-0.0194,1.5065,559.01,446.3,1,0,201,294,0,4,0,1,NORMAL,0
INV-SYN-11220,TXN-SYN-11220,SUPP-TITAN-03,BUYER-OMEGA-01,Maersk Ocean Freight,1,196868.11,193337.62,-0.0179,0.6905,703.48,646.42,1,0,218,313,0,8,1,0,NORMAL,0
INV-SYN-11221,TXN-SYN-11221,SUPP-NEXUS-02,BUYER-OMEGA-01,Maersk Ocean Freight,1,91583.69,91925.21,0.0037,1.0815,555.76,415.41,0,0,168,314,0,15,0,0,NORMAL,0
INV-SYN-11222,TXN-SYN-11222,SUPP-NEXUS-02,BUYER-QUICK-04,Maersk Ocean Freight,1,216057.1,248465.66,0.15,2.9231,104.26,-1.46,0,5,169,50,0,7,0,0,SERIAL_COUNTERPARTY_SPIKE,1
INV-SYN-11223,TXN-SYN-11223,SUPP-TITAN-03,BUYER-OMEGA-01,FedEx International,1,308965.94,311182.62,0.0072,1.1114,704.42,660.31,1,0,219,315,0,1,0,1,NORMAL,0
INV-SYN-11224,TXN-SYN-11224,SUPP-TITAN-03,BUYER-APEX-06,Kuehne+Nagel Logistics,1,267029.86,264393.08,-0.0099,0.9443,714.21,635.65,1,0,220,286,0,0,0,1,NORMAL,0
INV-SYN-11225,TXN-SYN-11225,SUPP-TITAN-03,BUYER-OMEGA-01,DB Schenker,1,270912.55,273444.89,0.0093,0.9766,384.9,251.53,1,0,221,316,0,22,0,0,NORMAL,0
INV-SYN-11226,TXN-SYN-11226,SUPP-PREC-04,BUYER-VORTEX-02,Maersk Ocean Freight,1,96040.52,95214.62,-0.0086,1.0023,699.73,658.11,0,0,199,295,0,22,0,0,NORMAL,0
INV-SYN-11227,TXN-SYN-11227,SUPP-TITAN-03,BUYER-GLOBAL-05,Kuehne+Nagel Logistics,1,269709.86,271222.61,0.0056,0.9687,822.69,664.37,1,0,222,246,0,7,0,0,NORMAL,0
INV-SYN-11228,TXN-SYN-11228,SUPP-SUSP-06,BUYER-GLOBAL-05,None,0,300000.0,300000.0,0.0,0.7692,60.94,32.75,6,0,22,247,1,0,0,1,OFF_HOURS_ROUND_SUM,1
INV-SYN-11229,TXN-SYN-11229,SUPP-TITAN-03,BUYER-OMEGA-01,FedEx International,1,434736.61,427718.12,-0.0161,1.5276,439.53,284.65,1,0,223,317,0,1,1,1,NORMAL,0
INV-SYN-11230,TXN-SYN-11230,SUPP-TITAN-03,BUYER-OMEGA-01,DHL Global Express,1,240975.58,241950.02,0.004,0.8641,403.29,245.79,1,0,224,318,0,7,0,0,NORMAL,0
INV-SYN-11231,TXN-SYN-11231,SUPP-GLOBAL-01,BUYER-GLOBAL-05,Kuehne+Nagel Logistics,1,78905.91,78789.43,-0.0015,0.6566,678.98,618.6,0,0,176,248,0,12,0,0,NORMAL,0
INV-SYN-11232,TXN-SYN-11232,SUPP-TITAN-03,BUYER-OMEGA-01,DHL Global Express,1,273820.26,268805.24,-0.0183,0.96,408.98,351.34,1,0,225,319,0,3,0,1,NORMAL,0
INV-SYN-11233,TXN-SYN-11233,SUPP-PACIFIC-08,BUYER-OMEGA-01,DHL Global Express,1,123369.55,123831.91,0.0037,1.6511,742.55,670.19,0,0,217,320,0,8,0,0,NORMAL,0
INV-SYN-11234,TXN-SYN-11234,SUPP-PREC-04,BUYER-GLOBAL-05,Kuehne+Nagel Logistics,1,75912.73,74833.19,-0.0142,0.7877,766.81,603.27,0,0,200,249,0,0,0,1,NORMAL,0
INV-SYN-11235,TXN-SYN-11235,SUPP-SUSP-06,BUYER-GLOBAL-05,DHL Global Express,1,549813.89,1022045.62,0.8589,2.6206,280.03,183.31,6,0,23,250,0,2,1,1,AMOUNT_INFLATION,1
INV-SYN-11236,TXN-SYN-11236,SUPP-NEXUS-02,BUYER-GLOBAL-05,DHL Global Express,1,120651.14,120199.9,-0.0037,1.4141,849.47,661.72,0,0,170,251,0,10,0,0,NORMAL,0
INV-SYN-11237,TXN-SYN-11237,SUPP-GLOBAL-01,BUYER-VORTEX-02,FedEx International,1,103392.35,102321.43,-0.0104,0.8527,667.55,476.8,0,0,177,296,0,3,1,1,NORMAL,0
INV-SYN-11238,TXN-SYN-11238,SUPP-IND-05,BUYER-GLOBAL-05,Kuehne+Nagel Logistics,1,182759.32,181882.01,-0.0048,1.1368,471.09,390.57,1,0,202,252,0,19,0,0,NORMAL,0
INV-SYN-11239,TXN-SYN-11239,SUPP-TITAN-03,BUYER-VORTEX-02,Maersk Ocean Freight,1,393987.76,393848.0,-0.0004,1.4066,595.9,408.87,1,0,226,297,0,15,1,0,NORMAL,0
INV-SYN-11240,TXN-SYN-11240,SUPP-NEXUS-02,BUYER-OMEGA-01,DHL Global Express,1,76943.54,76544.79,-0.0052,0.9005,788.73,611.91,0,0,171,321,0,11,1,0,NORMAL,0
INV-SYN-11241,TXN-SYN-11241,SUPP-PREC-04,BUYER-OMEGA-01,DHL Global Express,1,90164.97,90792.45,0.007,0.9557,536.6,431.04,0,0,201,322,0,16,0,0,NORMAL,0
INV-SYN-11242,TXN-SYN-11242,SUPP-TITAN-03,BUYER-OMEGA-01,Maersk Ocean Freight,1,239282.34,239716.51,0.0018,0.8561,771.09,685.32,1,0,227,323,0,19,1,0,NORMAL,0
INV-SYN-11243,TXN-SYN-11243,SUPP-PREC-04,BUYER-GLOBAL-05,FedEx International,1,70899.53,71105.31,0.0029,0.7485,461.77,376.87,0,0,202,253,0,9,0,0,NORMAL,0
INV-SYN-11244,TXN-SYN-11244,SUPP-NEXUS-02,BUYER-OMEGA-01,Maersk Ocean Freight,1,71202.85,70654.02,-0.0077,0.8312,967.34,794.07,0,0,172,324,0,16,0,0,NORMAL,0
INV-SYN-11245,TXN-SYN-11245,SUPP-PREC-04,BUYER-APEX-06,Kuehne+Nagel Logistics,1,65931.42,65531.33,-0.0061,0.6898,551.58,491.76,0,0,203,287,0,9,0,0,NORMAL,0
INV-SYN-11246,TXN-SYN-11246,SUPP-GLOBAL-01,BUYER-VORTEX-02,FedEx International,1,121022.5,119987.0,-0.0086,0.9999,651.41,479.65,0,0,178,298,0,3,0,1,NORMAL,0
INV-SYN-11247,TXN-SYN-11247,SUPP-GLOBAL-01,BUYER-APEX-06,DB Schenker,1,96900.8,96886.57,-0.0001,0.8074,870.58,807.63,0,0,179,288,0,22,0,0,NORMAL,0
INV-SYN-11248,TXN-SYN-11248,SUPP-NEXUS-02,BUYER-OMEGA-01,FedEx International,1,89967.95,89443.32,-0.0058,1.0523,331.27,253.01,0,0,173,325,0,23,0,1,NORMAL,0
INV-SYN-11249,TXN-SYN-11249,SUPP-PREC-04,BUYER-VORTEX-02,FedEx International,1,58047.48,58549.93,0.0087,0.6163,475.66,353.97,0,0,204,299,0,1,0,1,NORMAL,0
INV-SYN-11250,TXN-SYN-11250,SUPP-IND-05,BUYER-APEX-06,DHL Global Express,1,173235.21,174693.84,0.0084,1.0918,512.95,452.02,1,0,203,289,0,10,1,0,NORMAL,0
INV-SYN-11251,TXN-SYN-11251,SUPP-GLOBAL-01,BUYER-OMEGA-01,FedEx International,1,145005.87,145177.08,0.0012,1.2098,511.91,381.09,0,0,180,326,0,6,1,0,NORMAL,0
INV-SYN-11252,TXN-SYN-11252,SUPP-PREC-04,BUYER-VORTEX-02,FedEx International,1,47648.78,46714.34,-0.0196,0.4917,527.2,443.15,0,0,205,300,0,3,0,1,NORMAL,0
INV-SYN-11253,TXN-SYN-11253,SUPP-TITAN-03,BUYER-APEX-06,Maersk Ocean Freight,1,306183.96,305563.47,-0.002,1.0913,793.48,674.85,1,0,228,290,0,16,0,0,NORMAL,0
INV-SYN-11254,TXN-SYN-11254,SUPP-PACIFIC-08,BUYER-VORTEX-02,Kuehne+Nagel Logistics,1,98018.79,98912.03,0.0091,1.3188,507.85,462.01,0,0,218,301,0,1,1,1,NORMAL,0
INV-SYN-11255,TXN-SYN-11255,SUPP-NEXUS-02,BUYER-VORTEX-02,Maersk Ocean Freight,1,59295.13,59333.58,0.0006,0.698,798.31,620.32,0,0,174,302,0,16,1,0,NORMAL,0
INV-SYN-11256,TXN-SYN-11256,SUPP-PREC-04,BUYER-GLOBAL-05,FedEx International,1,134723.59,134362.07,-0.0027,1.4143,868.76,781.11,0,0,206,254,0,5,0,1,NORMAL,0
INV-SYN-11257,TXN-SYN-11257,SUPP-PREC-04,BUYER-GLOBAL-05,None,0,151341.57,151341.57,0.0,1.5931,2.61,-1.0,0,0,207,255,0,10,0,0,RAPID_GHOST_SETTLEMENT,1
INV-SYN-11258,TXN-SYN-11258,SUPP-GLOBAL-01,BUYER-GLOBAL-05,DB Schenker,1,98849.64,97156.1,-0.0171,0.8096,586.02,432.99,0,0,181,256,0,16,0,0,NORMAL,0
INV-SYN-11259,TXN-SYN-11259,SUPP-IND-05,BUYER-APEX-06,Maersk Ocean Freight,1,157769.24,158875.66,0.007,0.993,463.91,280.16,1,0,204,291,0,12,1,0,NORMAL,0
INV-SYN-11260,TXN-SYN-11260,SUPP-PREC-04,BUYER-VORTEX-02,DHL Global Express,1,108260.26,106992.13,-0.0117,1.1262,582.57,524.25,0,0,208,303,0,21,1,0,NORMAL,0
INV-SYN-11261,TXN-SYN-11261,SUPP-NEXUS-02,BUYER-OMEGA-01,FedEx International,1,86615.11,87026.11,0.0047,1.0238,821.49,710.21,0,0,175,327,0,6,0,0,NORMAL,0
INV-SYN-11262,TXN-SYN-11262,SUPP-PACIFIC-08,BUYER-GLOBAL-05,None,0,142706.62,142706.62,0.0,1.9028,3.41,-1.0,0,0,219,257,0,9,0,0,RAPID_GHOST_SETTLEMENT,1
INV-SYN-11263,TXN-SYN-11263,SUPP-IND-05,BUYER-OMEGA-01,DB Schenker,1,123173.06,120933.39,-0.0182,0.7558,893.33,719.31,1,0,205,328,0,4,0,1,NORMAL,0
INV-SYN-11264,TXN-SYN-11264,SUPP-TITAN-03,BUYER-VORTEX-02,DHL Global Express,1,291855.26,289721.72,-0.0073,1.0347,582.61,418.91,1,0,229,304,0,14,1,0,NORMAL,0
INV-SYN-11265,TXN-SYN-11265,SUPP-SUSP-06,BUYER-QUICK-04,FedEx International,1,515183.26,592460.75,0.15,1.5191,136.18,69.3,6,5,24,51,0,12,0,0,SERIAL_COUNTERPARTY_SPIKE,1
INV-SYN-11266,TXN-SYN-11266,SUPP-NEXUS-02,BUYER-APEX-06,Maersk Ocean Freight,1,82636.45,81250.83,-0.0168,0.9559,437.34,358.67,0,0,176,292,0,3,0,1,NORMAL,0
INV-SYN-11267,TXN-SYN-11267,SUPP-IND-05,BUYER-APEX-06,DHL Global Express,1,123843.69,123545.77,-0.0024,0.7722,400.71,314.35,1,0,206,293,0,19,0,0,NORMAL,0
INV-SYN-11268,TXN-SYN-11268,SUPP-TITAN-03,BUYER-APEX-06,DB Schenker,1,228512.9,226103.93,-0.0105,0.8075,403.68,255.28,1,0,230,294,0,7,0,0,NORMAL,0
INV-SYN-11269,TXN-SYN-11269,SUPP-PREC-04,BUYER-GLOBAL-05,DHL Global Express,1,124357.21,123088.56,-0.0102,1.2957,792.6,626.17,0,0,209,258,0,22,0,0,NORMAL,0
INV-SYN-11270,TXN-SYN-11270,SUPP-TITAN-03,BUYER-OMEGA-01,FedEx International,1,356391.71,349861.11,-0.0183,1.2495,685.9,538.01,1,0,231,329,0,20,0,0,NORMAL,0
INV-SYN-11271,TXN-SYN-11271,SUPP-GLOBAL-01,BUYER-VORTEX-02,FedEx International,1,138274.14,137677.27,-0.0043,1.1473,477.77,295.12,0,0,182,305,0,2,1,1,NORMAL,0
INV-SYN-11272,TXN-SYN-11272,SUPP-TITAN-03,BUYER-GLOBAL-05,Kuehne+Nagel Logistics,1,203538.11,201987.0,-0.0076,0.7214,633.47,480.34,1,0,232,259,0,7,0,0,NORMAL,0
INV-SYN-11273,TXN-SYN-11273,SUPP-GLOBAL-01,BUYER-APEX-06,DHL Global Express,1,110507.75,109610.39,-0.0081,0.9134,788.8,728.62,0,0,183,295,0,18,0,0,NORMAL,0
INV-SYN-11274,TXN-SYN-11274,SUPP-PREC-04,BUYER-VORTEX-02,FedEx International,1,123811.07,124720.18,0.0073,1.3128,350.59,273.91,0,0,210,306,0,4,0,1,NORMAL,0
INV-SYN-11275,TXN-SYN-11275,SUPP-PACIFIC-08,BUYER-OMEGA-01,DHL Global Express,1,77657.19,78067.75,0.0053,1.0409,336.49,265.31,0,0,220,330,0,16,0,0,NORMAL,0
INV-SYN-11276,TXN-SYN-11276,SUPP-NEXUS-02,BUYER-VORTEX-02,Kuehne+Nagel Logistics,1,134285.75,132154.66,-0.0159,1.5548,779.41,693.58,0,0,177,307,0,4,0,1,NORMAL,0
INV-SYN-11277,TXN-SYN-11277,SUPP-TITAN-03,BUYER-QUICK-04,DHL Global Express,1,579704.98,666660.73,0.15,2.3809,78.05,34.84,1,5,233,52,0,9,1,0,SERIAL_COUNTERPARTY_SPIKE,1
INV-SYN-11278,TXN-SYN-11278,SUPP-NEXUS-02,BUYER-APEX-06,Maersk Ocean Freight,1,89081.04,89175.0,0.0011,1.0491,672.22,545.49,0,0,178,296,0,4,1,1,NORMAL,0
INV-SYN-11279,TXN-SYN-11279,SUPP-NEXUS-02,BUYER-APEX-06,DB Schenker,1,78431.28,78124.37,-0.0039,0.9191,587.62,408.85,0,0,179,297,0,17,0,0,NORMAL,0
INV-SYN-11280,TXN-SYN-11280,SUPP-IND-05,BUYER-GLOBAL-05,DB Schenker,1,165341.64,162827.77,-0.0152,1.0177,461.21,393.77,1,0,207,260,0,10,0,0,NORMAL,0
INV-SYN-11281,TXN-SYN-11281,SUPP-NEXUS-02,BUYER-GLOBAL-05,Kuehne+Nagel Logistics,1,81760.02,81087.87,-0.0082,0.954,394.76,257.29,0,0,180,261,0,15,1,0,NORMAL,0
INV-SYN-11282,TXN-SYN-11282,SUPP-IND-05,BUYER-APEX-06,DHL Global Express,1,188324.35,185194.55,-0.0166,1.1575,782.13,685.69,1,0,208,298,0,9,1,0,NORMAL,0
INV-SYN-11283,TXN-SYN-11283,SUPP-NEXUS-02,BUYER-VORTEX-02,FedEx International,1,105329.92,105548.07,0.0021,1.2417,854.57,771.99,0,0,181,308,0,5,0,1,NORMAL,0
INV-SYN-11284,TXN-SYN-11284,SUPP-TITAN-03,BUYER-GLOBAL-05,Maersk Ocean Freight,1,224980.74,224853.6,-0.0006,0.803,441.93,370.08,1,0,234,262,0,4,1,1,NORMAL,0
INV-SYN-11285,TXN-SYN-11285,SUPP-GLOBAL-01,BUYER-GLOBAL-05,FedEx International,1,80063.01,80454.33,0.0049,0.6705,709.97,539.76,0,0,184,263,0,14,0,0,NORMAL,0
INV-SYN-11286,TXN-SYN-11286,SUPP-PACIFIC-08,BUYER-APEX-06,FedEx International,1,40571.15,40317.03,-0.0063,0.5376,889.45,792.49,0,0,221,299,0,4,0,1,NORMAL,0
INV-SYN-11287,TXN-SYN-11287,SUPP-PREC-04,BUYER-GLOBAL-05,DHL Global Express,1,107064.79,107065.94,0.0,1.127,792.12,609.82,0,0,211,264,0,15,0,0,NORMAL,0
INV-SYN-11288,TXN-SYN-11288,SUPP-GLOBAL-01,BUYER-OMEGA-01,DHL Global Express,1,86899.0,87395.63,0.0057,0.7283,605.77,422.07,0,0,185,331,0,23,0,1,NORMAL,0
INV-SYN-11289,TXN-SYN-11289,SUPP-PREC-04,BUYER-VORTEX-02,Kuehne+Nagel Logistics,1,43868.85,43475.85,-0.009,0.4576,821.85,685.11,0,0,212,309,0,1,1,1,NORMAL,0
INV-SYN-11290,TXN-SYN-11290,SUPP-TITAN-03,BUYER-OMEGA-01,DHL Global Express,1,307200.5,307080.32,-0.0004,1.0967,861.52,779.11,1,0,235,332,0,10,0,0,NORMAL,0
INV-SYN-11291,TXN-SYN-11291,SUPP-TITAN-03,BUYER-VORTEX-02,FedEx International,1,454509.97,458102.31,0.0079,1.6361,486.62,312.2,1,0,236,310,0,11,0,0,NORMAL,0
INV-SYN-11292,TXN-SYN-11292,SUPP-PACIFIC-08,BUYER-OMEGA-01,DHL Global Express,1,74886.17,75482.36,0.008,1.0064,354.89,291.66,0,0,222,333,0,11,0,0,NORMAL,0
INV-SYN-11293,TXN-SYN-11293,SUPP-NEXUS-02,BUYER-APEX-06,Maersk Ocean Freight,1,102817.93,102549.92,-0.0026,1.2065,376.5,253.54,0,0,182,300,0,16,0,0,NORMAL,0
INV-SYN-11294,TXN-SYN-11294,SUPP-TITAN-03,BUYER-VORTEX-02,DHL Global Express,1,564202.47,648832.84,0.15,2.3173,144.66,117.09,1,0,237,311,0,17,1,0,SERIAL_COUNTERPARTY_SPIKE,1
INV-SYN-11295,TXN-SYN-11295,SUPP-PREC-04,BUYER-APEX-06,DHL Global Express,1,92651.37,90835.22,-0.0196,0.9562,991.65,815.66,0,0,213,301,0,3,1,1,NORMAL,0
INV-SYN-11296,TXN-SYN-11296,SUPP-TITAN-03,BUYER-GLOBAL-05,Maersk Ocean Freight,1,344335.35,339542.53,-0.0139,1.2127,895.61,817.91,1,0,238,265,0,20,0,0,NORMAL,0
INV-SYN-11297,TXN-SYN-11297,SUPP-NEXUS-02,BUYER-VORTEX-02,DHL Global Express,1,78831.67,79171.48,0.0043,0.9314,955.46,764.11,0,0,183,312,0,13,0,0,NORMAL,0
INV-SYN-11298,TXN-SYN-11298,SUPP-PREC-04,BUYER-APEX-06,Maersk Ocean Freight,1,101350.57,101499.26,0.0015,1.0684,610.25,458.42,0,0,214,302,0,10,0,0,NORMAL,0
INV-SYN-11299,TXN-SYN-11299,SUPP-IND-05,BUYER-GLOBAL-05,Maersk Ocean Freight,1,172867.91,171860.83,-0.0058,1.0741,737.29,675.72,1,0,209,266,0,10,1,0,NORMAL,0
INV-SYN-11300,TXN-SYN-11300,SUPP-IND-05,BUYER-VORTEX-02,DB Schenker,1,133276.38,133167.02,-0.0008,0.8323,580.56,481.07,1,0,210,313,0,16,0,0,NORMAL,0
INV-SYN-11301,TXN-SYN-11301,SUPP-PREC-04,BUYER-GLOBAL-05,Kuehne+Nagel Logistics,1,118561.01,116714.9,-0.0156,1.2286,786.36,645.43,0,0,215,267,0,10,0,0,NORMAL,0
INV-SYN-11302,TXN-SYN-11302,SUPP-PREC-04,BUYER-GLOBAL-05,FedEx International,1,90844.71,89263.41,-0.0174,0.9396,515.18,439.68,0,0,216,268,0,22,0,0,NORMAL,0
INV-SYN-11303,TXN-SYN-11303,SUPP-TITAN-03,BUYER-APEX-06,DHL Global Express,1,227097.84,226229.5,-0.0038,0.808,588.2,446.07,1,0,239,303,0,6,0,0,NORMAL,0
INV-SYN-11304,TXN-SYN-11304,SUPP-PACIFIC-08,BUYER-VORTEX-02,FedEx International,1,85059.56,84736.87,-0.0038,1.1298,916.45,750.66,0,0,223,314,0,20,1,0,NORMAL,0
INV-SYN-11305,TXN-SYN-11305,SUPP-IND-05,BUYER-QUICK-04,DB Schenker,1,262576.46,301962.93,0.15,1.8873,159.29,83.06,1,5,211,53,0,2,0,1,SERIAL_COUNTERPARTY_SPIKE,1
INV-SYN-11306,TXN-SYN-11306,SUPP-IND-05,BUYER-OMEGA-01,FedEx International,1,161127.25,160565.47,-0.0035,1.0035,833.4,650.41,1,0,212,334,0,14,1,0,NORMAL,0
INV-SYN-11307,TXN-SYN-11307,SUPP-TITAN-03,BUYER-APEX-06,DB Schenker,1,279361.67,279908.0,0.002,0.9997,962.48,802.16,1,0,240,304,0,13,0,0,NORMAL,0
INV-SYN-11308,TXN-SYN-11308,SUPP-PHANTOM-07,BUYER-QUICK-04,FedEx International,1,572163.25,921003.77,0.6097,2.0467,530.18,420.37,8,5,26,54,0,7,0,0,AMOUNT_INFLATION,1
INV-SYN-11309,TXN-SYN-11309,SUPP-NEXUS-02,BUYER-OMEGA-01,Kuehne+Nagel Logistics,1,95087.34,95950.58,0.0091,1.1288,487.4,326.61,0,0,184,335,0,23,0,1,NORMAL,0
INV-SYN-11310,TXN-SYN-11310,SUPP-GLOBAL-01,BUYER-GLOBAL-05,DB Schenker,1,119249.19,118317.09,-0.0078,0.986,787.69,622.95,0,0,186,269,0,17,0,0,NORMAL,0
INV-SYN-11311,TXN-SYN-11311,SUPP-PREC-04,BUYER-STEEL-03,None,0,140738.98,140738.98,0.0,1.4815,3.99,-1.0,0,1,217,36,0,5,0,1,RAPID_GHOST_SETTLEMENT,1
INV-SYN-11312,TXN-SYN-11312,SUPP-GLOBAL-01,BUYER-OMEGA-01,Maersk Ocean Freight,1,161706.23,163085.65,0.0085,1.359,738.77,636.95,0,0,187,336,0,23,0,1,NORMAL,0
INV-SYN-11313,TXN-SYN-11313,SUPP-GLOBAL-01,BUYER-GLOBAL-05,DB Schenker,1,136734.31,135537.54,-0.0088,1.1295,677.21,593.81,0,0,188,270,0,20,1,0,NORMAL,0
INV-SYN-11314,TXN-SYN-11314,SUPP-PREC-04,BUYER-OMEGA-01,Maersk Ocean Freight,1,95245.87,96132.65,0.0093,1.0119,372.62,258.62,0,0,218,337,0,13,1,0,NORMAL,0
INV-SYN-11315,TXN-SYN-11315,SUPP-PACIFIC-08,BUYER-APEX-06,DHL Global Express,1,50403.07,49975.28,-0.0085,0.6663,613.71,493.62,0,0,224,305,0,22,0,0,NORMAL,0
INV-SYN-11316,TXN-SYN-11316,SUPP-IND-05,BUYER-GLOBAL-05,Kuehne+Nagel Logistics,1,117395.45,117459.48,0.0005,0.7341,454.37,263.2,1,0,213,271,0,18,0,0,NORMAL,0
INV-SYN-11317,TXN-SYN-11317,SUPP-PREC-04,BUYER-OMEGA-01,DHL Global Express,1,87750.91,87427.29,-0.0037,0.9203,561.75,512.81,0,0,219,338,0,4,0,1,NORMAL,0
INV-SYN-11318,TXN-SYN-11318,SUPP-PACIFIC-08,BUYER-GLOBAL-05,Maersk Ocean Freight,1,63571.65,64176.85,0.0095,0.8557,612.93,571.58,0,0,225,272,0,5,0,1,NORMAL,0
INV-SYN-11319,TXN-SYN-11319,SUPP-PACIFIC-08,BUYER-APEX-06,FedEx International,1,71494.29,70945.09,-0.0077,0.9459,633.66,596.06,0,0,226,306,0,16,1,0,NORMAL,0
INV-SYN-11320,TXN-SYN-11320,SUPP-PACIFIC-08,BUYER-OMEGA-01,Kuehne+Nagel Logistics,1,76062.19,75555.08,-0.0067,1.0074,519.17,404.84,0,0,227,339,0,3,0,1,NORMAL,0
INV-SYN-11321,TXN-SYN-11321,SUPP-TITAN-03,BUYER-STEEL-03,Kuehne+Nagel Logistics,1,514219.85,591352.83,0.15,2.112,99.34,47.18,1,1,241,37,0,12,1,0,SERIAL_COUNTERPARTY_SPIKE,1
INV-SYN-11322,TXN-SYN-11322,SUPP-TITAN-03,BUYER-GLOBAL-05,DHL Global Express,1,275065.09,275231.29,0.0006,0.983,546.57,359.47,1,0,242,273,0,13,0,0,NORMAL,0
INV-SYN-11323,TXN-SYN-11323,SUPP-TITAN-03,BUYER-STEEL-03,DB Schenker,1,314055.12,533145.66,0.6976,1.9041,493.84,424.39,1,1,243,38,0,0,1,1,AMOUNT_INFLATION,1
INV-SYN-11324,TXN-SYN-11324,SUPP-NEXUS-02,BUYER-APEX-06,FedEx International,1,86370.08,87099.15,0.0084,1.0247,377.63,323.52,0,0,185,307,0,14,1,0,NORMAL,0
INV-SYN-11325,TXN-SYN-11325,SUPP-TITAN-03,BUYER-QUICK-04,DB Schenker,1,214613.38,246805.39,0.15,0.8814,133.87,23.69,1,5,244,55,0,20,0,0,SERIAL_COUNTERPARTY_SPIKE,1
INV-SYN-11326,TXN-SYN-11326,SUPP-IND-05,BUYER-OMEGA-01,Kuehne+Nagel Logistics,1,122426.58,120101.22,-0.019,0.7506,384.22,280.16,1,0,214,340,0,9,1,0,NORMAL,0
INV-SYN-11327,TXN-SYN-11327,SUPP-GLOBAL-01,BUYER-GLOBAL-05,DB Schenker,1,115677.37,115670.55,-0.0001,0.9639,901.61,791.56,0,0,189,274,0,21,0,0,NORMAL,0
INV-SYN-11328,TXN-SYN-11328,SUPP-NEXUS-02,BUYER-OMEGA-01,FedEx International,1,59293.99,58261.76,-0.0174,0.6854,572.8,507.66,0,0,186,341,0,5,0,1,NORMAL,0
INV-SYN-11329,TXN-SYN-11329,SUPP-IND-05,BUYER-GLOBAL-05,FedEx International,1,183997.15,182955.06,-0.0057,1.1435,776.73,589.27,1,0,215,275,0,16,1,0,NORMAL,0
INV-SYN-11330,TXN-SYN-11330,SUPP-GLOBAL-01,BUYER-OMEGA-01,Kuehne+Nagel Logistics,1,165922.52,163337.72,-0.0156,1.3611,303.5,246.72,0,0,190,342,0,9,0,0,NORMAL,0
INV-SYN-11331,TXN-SYN-11331,SUPP-GLOBAL-01,BUYER-OMEGA-01,DHL Global Express,1,156562.86,156559.31,-0.0,1.3047,549.36,422.01,0,0,191,343,0,2,0,1,NORMAL,0
INV-SYN-11332,TXN-SYN-11332,SUPP-NEXUS-02,BUYER-GLOBAL-05,FedEx International,1,80464.34,80932.45,0.0058,0.9521,799.41,638.42,0,0,187,276,0,20,0,0,NORMAL,0
INV-SYN-11333,TXN-SYN-11333,SUPP-IND-05,BUYER-QUICK-04,DB Schenker,1,219629.05,333403.32,0.518,2.0838,232.53,172.34,1,5,216,56,0,15,0,0,AMOUNT_INFLATION,1
INV-SYN-11334,TXN-SYN-11334,SUPP-GLOBAL-01,BUYER-APEX-06,FedEx International,1,124460.02,125657.43,0.0096,1.0471,740.49,616.16,0,0,192,308,0,9,0,0,NORMAL,0
INV-SYN-11335,TXN-SYN-11335,SUPP-PREC-04,BUYER-GLOBAL-05,Kuehne+Nagel Logistics,1,86994.21,87415.2,0.0048,0.9202,365.14,265.75,0,0,220,277,0,20,1,0,NORMAL,0
INV-SYN-11336,TXN-SYN-11336,SUPP-TITAN-03,BUYER-APEX-06,Kuehne+Nagel Logistics,1,237061.81,237097.29,0.0001,0.8468,691.1,509.9,1,0,245,309,0,1,0,1,NORMAL,0
INV-SYN-11337,TXN-SYN-11337,SUPP-NEXUS-02,BUYER-VORTEX-02,Kuehne+Nagel Logistics,1,78572.52,79238.94,0.0085,0.9322,743.11,627.62,0,0,188,315,0,3,1,1,NORMAL,0
INV-SYN-11338,TXN-SYN-11338,SUPP-PACIFIC-08,BUYER-VORTEX-02,DHL Global Express,1,67721.68,67426.26,-0.0044,0.899,613.2,499.64,0,0,228,316,0,4,0,1,NORMAL,0
INV-SYN-11339,TXN-SYN-11339,SUPP-GLOBAL-01,BUYER-APEX-06,FedEx International,1,125112.49,122928.69,-0.0175,1.0244,878.85,703.75,0,0,193,310,0,18,0,0,NORMAL,0
INV-SYN-11340,TXN-SYN-11340,SUPP-GLOBAL-01,BUYER-GLOBAL-05,Maersk Ocean Freight,1,124817.22,123372.46,-0.0116,1.0281,559.52,422.1,0,0,194,278,0,10,0,0,NORMAL,0
INV-SYN-11341,TXN-SYN-11341,SUPP-IND-05,BUYER-GLOBAL-05,Kuehne+Nagel Logistics,1,160121.84,161028.35,0.0057,1.0064,580.96,471.66,1,0,217,279,0,23,0,1,NORMAL,0
INV-SYN-11342,TXN-SYN-11342,SUPP-PACIFIC-08,BUYER-VORTEX-02,Maersk Ocean Freight,1,83192.59,81755.82,-0.0173,1.0901,672.03,559.64,0,0,229,317,0,18,0,0,NORMAL,0
INV-SYN-11343,TXN-SYN-11343,SUPP-IND-05,BUYER-OMEGA-01,Maersk Ocean Freight,1,207625.85,205143.96,-0.012,1.2821,674.98,596.66,1,0,218,344,0,7,1,0,NORMAL,0
INV-SYN-11344,TXN-SYN-11344,SUPP-NEXUS-02,BUYER-GLOBAL-05,FedEx International,1,105178.03,104097.32,-0.0103,1.2247,522.46,449.11,0,0,189,280,0,14,1,0,NORMAL,0
INV-SYN-11345,TXN-SYN-11345,SUPP-TITAN-03,BUYER-VORTEX-02,Maersk Ocean Freight,1,176057.14,175270.19,-0.0045,0.626,698.86,598.66,1,0,246,318,0,8,0,0,NORMAL,0
INV-SYN-11346,TXN-SYN-11346,SUPP-PACIFIC-08,BUYER-VORTEX-02,Maersk Ocean Freight,1,27113.98,27296.09,0.0067,0.3639,411.71,353.98,0,0,230,319,0,9,0,0,NORMAL,0
INV-SYN-11347,TXN-SYN-11347,SUPP-PACIFIC-08,BUYER-GLOBAL-05,Kuehne+Nagel Logistics,1,92518.5,92202.74,-0.0034,1.2294,656.95,589.05,0,0,231,281,0,12,0,0,NORMAL,0
INV-SYN-11348,TXN-SYN-11348,SUPP-NEXUS-02,BUYER-OMEGA-01,FedEx International,1,55953.83,56305.46,0.0063,0.6624,734.5,598.88,0,0,190,345,0,5,0,1,NORMAL,0
INV-SYN-11349,TXN-SYN-11349,SUPP-PACIFIC-08,BUYER-GLOBAL-05,FedEx International,1,70785.65,70744.9,-0.0006,0.9433,588.5,474.98,0,0,232,282,0,17,1,0,NORMAL,0
INV-SYN-11350,TXN-SYN-11350,SUPP-PHANTOM-07,BUYER-STEEL-03,DB Schenker,1,318362.28,522246.59,0.6404,1.1605,614.98,474.19,8,1,27,39,0,12,0,0,AMOUNT_INFLATION,1
INV-SYN-11351,TXN-SYN-11351,SUPP-GLOBAL-01,BUYER-OMEGA-01,Kuehne+Nagel Logistics,1,65940.59,66469.67,0.008,0.5539,981.59,800.85,0,0,195,346,0,6,1,0,NORMAL,0
INV-SYN-11352,TXN-SYN-11352,SUPP-IND-05,BUYER-GLOBAL-05,Kuehne+Nagel Logistics,1,181658.51,180316.92,-0.0074,1.127,694.32,616.87,1,0,219,283,0,6,1,0,NORMAL,0
INV-SYN-11353,TXN-SYN-11353,SUPP-PREC-04,BUYER-OMEGA-01,FedEx International,1,113029.94,112081.23,-0.0084,1.1798,368.38,313.75,0,0,221,347,0,22,0,0,NORMAL,0
INV-SYN-11354,TXN-SYN-11354,SUPP-GLOBAL-01,BUYER-OMEGA-01,Maersk Ocean Freight,1,102704.69,101505.17,-0.0117,0.8459,438.02,316.45,0,0,196,348,0,1,0,1,NORMAL,0
INV-SYN-11355,TXN-SYN-11355,SUPP-GLOBAL-01,BUYER-APEX-06,DHL Global Express,1,42268.73,42553.59,0.0067,0.3546,431.24,306.86,0,0,197,311,0,22,0,0,NORMAL,0
INV-SYN-11356,TXN-SYN-11356,SUPP-IND-05,BUYER-GLOBAL-05,DB Schenker,1,138150.22,136384.72,-0.0128,0.8524,652.76,582.37,1,0,220,284,0,23,0,1,NORMAL,0
INV-SYN-11357,TXN-SYN-11357,SUPP-TITAN-03,BUYER-GLOBAL-05,Maersk Ocean Freight,1,307426.28,302676.88,-0.0154,1.081,819.79,697.41,1,0,247,285,0,12,0,0,NORMAL,0
INV-SYN-11358,TXN-SYN-11358,SUPP-PHANTOM-07,BUYER-STEEL-03,Maersk Ocean Freight,1,283622.45,569209.36,1.0069,1.2649,518.39,411.44,8,1,28,40,0,8,0,0,AMOUNT_INFLATION,1
INV-SYN-11359,TXN-SYN-11359,SUPP-IND-05,BUYER-VORTEX-02,None,0,288537.98,288537.98,0.0,1.8034,4.63,-1.0,1,0,221,320,0,5,0,1,RAPID_GHOST_SETTLEMENT,1
INV-SYN-11360,TXN-SYN-11360,SUPP-TITAN-03,BUYER-OMEGA-01,DB Schenker,1,278928.31,278965.92,0.0001,0.9963,853.64,749.75,1,0,248,349,0,14,0,0,NORMAL,0
INV-SYN-11361,TXN-SYN-11361,SUPP-PREC-04,BUYER-VORTEX-02,Kuehne+Nagel Logistics,1,108758.17,109347.47,0.0054,1.151,605.25,505.52,0,0,222,321,0,22,1,0,NORMAL,0
INV-SYN-11362,TXN-SYN-11362,SUPP-PACIFIC-08,BUYER-APEX-06,Maersk Ocean Freight,1,77242.13,77436.84,0.0025,1.0325,402.67,363.08,0,0,233,312,0,10,0,0,NORMAL,0
INV-SYN-11363,TXN-SYN-11363,SUPP-PACIFIC-08,BUYER-APEX-06,DHL Global Express,1,56754.96,57109.93,0.0063,0.7615,628.82,539.42,0,0,234,313,0,7,1,0,NORMAL,0
INV-SYN-11364,TXN-SYN-11364,SUPP-IND-05,BUYER-APEX-06,DHL Global Express,1,207862.86,207488.0,-0.0018,1.2968,694.75,600.57,1,0,222,314,0,22,0,0,NORMAL,0
INV-SYN-11365,TXN-SYN-11365,SUPP-PACIFIC-08,BUYER-APEX-06,Maersk Ocean Freight,1,72027.57,71460.01,-0.0079,0.9528,553.06,483.06,0,0,235,315,0,7,0,0,NORMAL,0
INV-SYN-11366,TXN-SYN-11366,SUPP-NEXUS-02,BUYER-GLOBAL-05,DHL Global Express,1,84419.78,83692.36,-0.0086,0.9846,824.82,651.9,0,0,191,286,0,20,0,0,NORMAL,0
INV-SYN-11367,TXN-SYN-11367,SUPP-IND-05,BUYER-VORTEX-02,DHL Global Express,1,122669.28,120453.98,-0.0181,0.7528,620.56,473.32,1,0,223,322,0,17,1,0,NORMAL,0
INV-SYN-11368,TXN-SYN-11368,SUPP-TITAN-03,BUYER-GLOBAL-05,Kuehne+Nagel Logistics,1,248970.24,247657.85,-0.0053,0.8845,442.65,293.68,1,0,249,287,0,12,0,0,NORMAL,0
INV-SYN-11369,TXN-SYN-11369,SUPP-TITAN-03,BUYER-GLOBAL-05,Kuehne+Nagel Logistics,1,218063.81,216100.77,-0.009,0.7718,526.41,334.86,1,0,250,288,0,16,0,0,NORMAL,0
INV-SYN-11370,TXN-SYN-11370,SUPP-NEXUS-02,BUYER-VORTEX-02,FedEx International,1,81324.9,82087.31,0.0094,0.9657,386.86,293.98,0,0,192,323,0,5,1,1,NORMAL,0
INV-SYN-11371,TXN-SYN-11371,SUPP-NEXUS-02,BUYER-OMEGA-01,DB Schenker,1,121373.81,120959.28,-0.0034,1.4231,874.27,799.21,0,0,193,350,0,2,0,1,NORMAL,0
INV-SYN-11372,TXN-SYN-11372,SUPP-PREC-04,BUYER-VORTEX-02,FedEx International,1,62417.35,62776.56,0.0058,0.6608,456.9,377.45,0,0,223,324,0,16,0,0,NORMAL,0
INV-SYN-11373,TXN-SYN-11373,SUPP-TITAN-03,BUYER-VORTEX-02,DHL Global Express,1,167050.7,164871.43,-0.013,0.5888,633.96,583.57,1,0,251,325,0,19,0,0,NORMAL,0
INV-SYN-11374,TXN-SYN-11374,SUPP-TITAN-03,BUYER-QUICK-04,None,0,484614.47,484614.47,0.0,1.7308,4.13,-1.0,1,5,252,57,0,4,0,1,RAPID_GHOST_SETTLEMENT,1
INV-SYN-11375,TXN-SYN-11375,SUPP-NEXUS-02,BUYER-OMEGA-01,FedEx International,1,80551.87,79186.14,-0.017,0.9316,723.87,560.37,0,0,194,351,0,21,1,0,NORMAL,0
INV-SYN-11376,TXN-SYN-11376,SUPP-PREC-04,BUYER-GLOBAL-05,FedEx International,1,79109.52,77889.77,-0.0154,0.8199,893.56,712.15,0,0,224,289,0,2,0,1,NORMAL,0
INV-SYN-11377,TXN-SYN-11377,SUPP-TITAN-03,BUYER-VORTEX-02,DB Schenker,1,352793.33,351169.56,-0.0046,1.2542,816.13,776.9,1,0,253,326,0,4,0,1,NORMAL,0
INV-SYN-11378,TXN-SYN-11378,SUPP-PREC-04,BUYER-VORTEX-02,FedEx International,1,80616.63,80138.74,-0.0059,0.8436,925.07,757.01,0,0,225,327,0,1,1,1,NORMAL,0
INV-SYN-11379,TXN-SYN-11379,SUPP-IND-05,BUYER-QUICK-04,DB Schenker,1,233040.39,505801.15,1.1704,3.1613,455.19,391.62,1,5,224,58,0,21,0,0,AMOUNT_INFLATION,1
INV-SYN-11380,TXN-SYN-11380,SUPP-GLOBAL-01,BUYER-APEX-06,Kuehne+Nagel Logistics,1,140337.78,138740.19,-0.0114,1.1562,765.02,646.52,0,0,198,316,0,14,0,0,NORMAL,0
INV-SYN-11381,TXN-SYN-11381,SUPP-PREC-04,BUYER-APEX-06,DB Schenker,1,83412.1,82911.51,-0.006,0.8728,589.35,452.36,0,0,226,317,0,20,0,0,NORMAL,0
INV-SYN-11382,TXN-SYN-11382,SUPP-IND-05,BUYER-APEX-06,DB Schenker,1,246292.33,245234.29,-0.0043,1.5327,854.35,754.76,1,0,225,318,0,19,0,0,NORMAL,0
INV-SYN-11383,TXN-SYN-11383,SUPP-NEXUS-02,BUYER-OMEGA-01,Maersk Ocean Freight,1,72128.56,71983.87,-0.002,0.8469,402.65,309.32,0,0,195,352,0,19,0,0,NORMAL,0
INV-SYN-11384,TXN-SYN-11384,SUPP-PREC-04,BUYER-APEX-06,FedEx International,1,112624.77,111634.65,-0.0088,1.1751,775.26,690.19,0,0,227,319,0,15,1,0,NORMAL,0
INV-SYN-11385,TXN-SYN-11385,SUPP-IND-05,BUYER-STEEL-03,None,0,450000.0,450000.0,0.0,2.8125,77.2,64.61,1,1,226,41,1,1,1,1,OFF_HOURS_ROUND_SUM,1
INV-SYN-11386,TXN-SYN-11386,SUPP-TITAN-03,BUYER-APEX-06,FedEx International,1,371121.89,371636.53,0.0014,1.3273,611.94,517.98,1,0,254,320,0,10,1,0,NORMAL,0
INV-SYN-11387,TXN-SYN-11387,SUPP-PREC-04,BUYER-OMEGA-01,DHL Global Express,1,132085.89,130020.88,-0.0156,1.3686,553.09,417.25,0,0,228,353,0,21,0,0,NORMAL,0
INV-SYN-11388,TXN-SYN-11388,SUPP-PHANTOM-07,BUYER-APEX-06,DB Schenker,1,453600.47,924425.03,1.038,2.0543,400.64,318.58,8,0,29,321,0,23,1,1,AMOUNT_INFLATION,1
INV-SYN-11389,TXN-SYN-11389,SUPP-GLOBAL-01,BUYER-APEX-06,DB Schenker,1,97397.46,96417.99,-0.0101,0.8035,423.98,339.57,0,0,199,322,0,14,0,0,NORMAL,0
INV-SYN-11390,TXN-SYN-11390,SUPP-GLOBAL-01,BUYER-VORTEX-02,DB Schenker,1,133799.16,133377.39,-0.0032,1.1115,416.56,371.22,0,0,200,328,0,15,0,0,NORMAL,0
INV-SYN-11391,TXN-SYN-11391,SUPP-IND-05,BUYER-GLOBAL-05,Kuehne+Nagel Logistics,1,132891.39,131841.86,-0.0079,0.824,608.72,448.16,1,0,227,290,0,17,1,0,NORMAL,0
INV-SYN-11392,TXN-SYN-11392,SUPP-TITAN-03,BUYER-GLOBAL-05,Kuehne+Nagel Logistics,1,420937.11,422636.31,0.004,1.5094,822.45,695.1,1,0,255,291,0,7,0,0,NORMAL,0
INV-SYN-11393,TXN-SYN-11393,SUPP-PREC-04,BUYER-OMEGA-01,DB Schenker,1,98242.71,97892.94,-0.0036,1.0305,433.21,280.37,0,0,229,354,0,4,0,1,NORMAL,0
INV-SYN-11394,TXN-SYN-11394,SUPP-NEXUS-02,BUYER-APEX-06,Maersk Ocean Freight,1,77236.92,77347.22,0.0014,0.91,476.48,326.37,0,0,196,323,0,11,0,0,NORMAL,0
INV-SYN-11395,TXN-SYN-11395,SUPP-NEXUS-02,BUYER-OMEGA-01,DHL Global Express,1,88924.46,87881.62,-0.0117,1.0339,492.1,421.75,0,0,197,355,0,22,1,0,NORMAL,0
INV-SYN-11396,TXN-SYN-11396,SUPP-NEXUS-02,BUYER-VORTEX-02,FedEx International,1,56373.57,55573.62,-0.0142,0.6538,656.86,496.15,0,0,198,329,0,15,0,0,NORMAL,0
INV-SYN-11397,TXN-SYN-11397,SUPP-IND-05,BUYER-GLOBAL-05,FedEx International,1,121135.44,119478.12,-0.0137,0.7467,945.9,755.3,1,0,228,292,0,13,0,0,NORMAL,0
INV-SYN-11398,TXN-SYN-11398,SUPP-TITAN-03,BUYER-APEX-06,FedEx International,1,364028.97,359141.09,-0.0134,1.2826,973.65,794.89,1,0,256,324,0,21,1,0,NORMAL,0
INV-SYN-11399,TXN-SYN-11399,SUPP-TITAN-03,BUYER-STEEL-03,Unregistered Logistics,1,450000.0,450000.0,0.0,1.6071,64.9,32.79,1,1,257,42,1,2,0,1,OFF_HOURS_ROUND_SUM,1
INV-SYN-11400,TXN-SYN-11400,SUPP-TITAN-03,BUYER-VORTEX-02,Maersk Ocean Freight,1,206716.23,207762.37,0.0051,0.742,851.72,723.71,1,0,258,330,0,9,1,0,NORMAL,0
INV-SYN-11401,TXN-SYN-11401,SUPP-NEXUS-02,BUYER-VORTEX-02,DB Schenker,1,96403.87,95730.6,-0.007,1.1262,498.8,420.34,0,0,199,331,0,4,0,1,NORMAL,0
INV-SYN-11402,TXN-SYN-11402,SUPP-PACIFIC-08,BUYER-APEX-06,Maersk Ocean Freight,1,97231.95,97013.25,-0.0022,1.2935,464.96,303.9,0,0,236,325,0,9,0,0,NORMAL,0
INV-SYN-11403,TXN-SYN-11403,SUPP-IND-05,BUYER-VORTEX-02,None,0,268988.51,268988.51,0.0,1.6812,1.19,-1.0,1,0,229,332,0,23,0,1,RAPID_GHOST_SETTLEMENT,1
INV-SYN-11404,TXN-SYN-11404,SUPP-GLOBAL-01,BUYER-GLOBAL-05,Maersk Ocean Freight,1,149881.43,148681.71,-0.008,1.239,413.06,288.68,0,0,201,293,0,8,0,0,NORMAL,0
INV-SYN-11405,TXN-SYN-11405,SUPP-NEXUS-02,BUYER-APEX-06,DHL Global Express,1,68918.1,68910.28,-0.0001,0.8107,658.27,501.37,0,0,200,326,0,22,0,0,NORMAL,0
INV-SYN-11406,TXN-SYN-11406,SUPP-PREC-04,BUYER-VORTEX-02,Maersk Ocean Freight,1,61232.0,61804.57,0.0094,0.6506,399.01,310.94,0,0,230,333,0,15,0,0,NORMAL,0
INV-SYN-11407,TXN-SYN-11407,SUPP-NEXUS-02,BUYER-APEX-06,DB Schenker,1,116903.34,116290.28,-0.0052,1.3681,553.91,368.42,0,0,201,327,0,3,0,1,NORMAL,0
INV-SYN-11408,TXN-SYN-11408,SUPP-PREC-04,BUYER-VORTEX-02,FedEx International,1,87336.35,87189.38,-0.0017,0.9178,660.51,598.79,0,0,231,334,0,13,0,0,NORMAL,0
INV-SYN-11409,TXN-SYN-11409,SUPP-IND-05,BUYER-APEX-06,DHL Global Express,1,149966.68,147420.22,-0.017,0.9214,378.87,330.03,1,0,230,328,0,20,0,0,NORMAL,0
INV-SYN-11410,TXN-SYN-11410,SUPP-PREC-04,BUYER-APEX-06,FedEx International,1,126544.61,127560.92,0.008,1.3427,994.9,835.1,0,0,232,329,0,22,0,0,NORMAL,0
INV-SYN-11411,TXN-SYN-11411,SUPP-GLOBAL-01,BUYER-APEX-06,Maersk Ocean Freight,1,136686.9,134500.52,-0.016,1.1208,836.7,647.24,0,0,202,330,0,2,0,1,NORMAL,0
INV-SYN-11412,TXN-SYN-11412,SUPP-PACIFIC-08,BUYER-GLOBAL-05,Maersk Ocean Freight,1,83547.9,82096.31,-0.0174,1.0946,499.86,438.09,0,0,237,294,0,19,0,0,NORMAL,0
INV-SYN-11413,TXN-SYN-11413,SUPP-GLOBAL-01,BUYER-OMEGA-01,FedEx International,1,184950.07,184659.86,-0.0016,1.5388,877.87,713.73,0,0,203,356,0,12,1,0,NORMAL,0
INV-SYN-11414,TXN-SYN-11414,SUPP-PACIFIC-08,BUYER-QUICK-04,DHL Global Express,1,62934.03,145161.91,1.3066,1.9355,361.75,286.44,0,5,238,59,0,17,1,0,AMOUNT_INFLATION,1
INV-SYN-11415,TXN-SYN-11415,SUPP-TITAN-03,BUYER-VORTEX-02,DB Schenker,1,344948.81,345293.17,0.001,1.2332,425.27,374.28,1,0,259,335,0,12,0,0,NORMAL,0
INV-SYN-11416,TXN-SYN-11416,SUPP-TITAN-03,BUYER-OMEGA-01,Kuehne+Nagel Logistics,1,283990.92,281196.37,-0.0098,1.0043,787.56,726.16,1,0,260,357,0,13,0,0,NORMAL,0
INV-SYN-11417,TXN-SYN-11417,SUPP-SUSP-06,BUYER-QUICK-04,None,0,689198.69,689198.69,0.0,1.7672,4.31,-1.0,6,5,25,60,0,5,0,1,RAPID_GHOST_SETTLEMENT,1
INV-SYN-11418,TXN-SYN-11418,SUPP-PACIFIC-08,BUYER-GLOBAL-05,DHL Global Express,1,103658.78,103020.1,-0.0062,1.3736,433.38,287.67,0,0,239,295,0,2,0,1,NORMAL,0
INV-SYN-11419,TXN-SYN-11419,SUPP-TITAN-03,BUYER-QUICK-04,Maersk Ocean Freight,1,315548.5,528495.32,0.6748,1.8875,408.48,328.54,1,5,261,61,0,10,0,0,AMOUNT_INFLATION,1
INV-SYN-11420,TXN-SYN-11420,SUPP-PACIFIC-08,BUYER-APEX-06,DB Schenker,1,85093.05,83704.21,-0.0163,1.1161,814.14,677.63,0,0,240,331,0,8,1,0,NORMAL,0
INV-SYN-11421,TXN-SYN-11421,SUPP-TITAN-03,BUYER-VORTEX-02,Kuehne+Nagel Logistics,1,355075.51,354963.82,-0.0003,1.2677,447.71,354.89,1,0,262,336,0,14,0,0,NORMAL,0
INV-SYN-11422,TXN-SYN-11422,SUPP-GLOBAL-01,BUYER-OMEGA-01,FedEx International,1,109051.42,109661.24,0.0056,0.9138,802.85,727.51,0,0,204,358,0,17,0,0,NORMAL,0
INV-SYN-11423,TXN-SYN-11423,SUPP-PREC-04,BUYER-APEX-06,Maersk Ocean Freight,1,75068.77,75509.97,0.0059,0.7948,793.31,687.17,0,0,233,332,0,14,0,0,NORMAL,0
INV-SYN-11424,TXN-SYN-11424,SUPP-SUSP-06,BUYER-GLOBAL-05,None,0,318444.54,318444.54,0.0,0.8165,4.02,-1.0,6,0,26,296,0,7,0,0,RAPID_GHOST_SETTLEMENT,1
INV-SYN-11425,TXN-SYN-11425,SUPP-TITAN-03,BUYER-APEX-06,DHL Global Express,1,142355.04,143246.98,0.0063,0.5116,858.72,770.53,1,0,263,333,0,10,0,0,NORMAL,0
INV-SYN-11426,TXN-SYN-11426,SUPP-NEXUS-02,BUYER-APEX-06,Kuehne+Nagel Logistics,1,128694.4,129623.47,0.0072,1.525,411.51,263.07,0,0,202,334,0,7,0,0,NORMAL,0
INV-SYN-11427,TXN-SYN-11427,SUPP-GLOBAL-01,BUYER-GLOBAL-05,DHL Global Express,1,86903.75,87251.91,0.004,0.7271,396.95,302.76,0,0,205,297,0,0,0,1,NORMAL,0
INV-SYN-11428,TXN-SYN-11428,SUPP-IND-05,BUYER-VORTEX-02,DB Schenker,1,151149.86,149634.66,-0.01,0.9352,542.82,404.07,1,0,231,337,0,22,1,0,NORMAL,0
INV-SYN-11429,TXN-SYN-11429,SUPP-PREC-04,BUYER-VORTEX-02,Kuehne+Nagel Logistics,1,88425.68,89176.81,0.0085,0.9387,979.33,818.49,0,0,234,338,0,0,1,1,NORMAL,0
INV-SYN-11430,TXN-SYN-11430,SUPP-IND-05,BUYER-GLOBAL-05,Maersk Ocean Freight,1,172296.27,172756.85,0.0027,1.0797,293.69,250.75,1,0,232,298,0,12,0,0,NORMAL,0
INV-SYN-11431,TXN-SYN-11431,SUPP-IND-05,BUYER-OMEGA-01,DB Schenker,1,192629.49,193852.12,0.0063,1.2116,764.07,583.14,1,0,233,359,0,9,0,0,NORMAL,0
INV-SYN-11432,TXN-SYN-11432,SUPP-TITAN-03,BUYER-VORTEX-02,DHL Global Express,1,340233.14,336493.46,-0.011,1.2018,867.76,730.04,1,0,264,339,0,2,0,1,NORMAL,0
INV-SYN-11433,TXN-SYN-11433,SUPP-PACIFIC-08,BUYER-GLOBAL-05,FedEx International,1,64067.3,62794.19,-0.0199,0.8373,882.96,811.21,0,0,241,299,0,7,0,0,NORMAL,0
INV-SYN-11434,TXN-SYN-11434,SUPP-PHANTOM-07,BUYER-STEEL-03,Unregistered Logistics,1,500000.0,500000.0,0.0,1.1111,76.49,63.91,8,1,30,43,1,4,1,1,OFF_HOURS_ROUND_SUM,1
INV-SYN-11435,TXN-SYN-11435,SUPP-PACIFIC-08,BUYER-OMEGA-01,DB Schenker,1,80298.37,80090.02,-0.0026,1.0679,531.85,412.53,0,0,242,360,0,16,1,0,NORMAL,0
INV-SYN-11436,TXN-SYN-11436,SUPP-GLOBAL-01,BUYER-VORTEX-02,FedEx International,1,112539.27,111601.91,-0.0083,0.93,716.25,567.04,0,0,206,340,0,0,0,1,NORMAL,0
INV-SYN-11437,TXN-SYN-11437,SUPP-NEXUS-02,BUYER-OMEGA-01,Kuehne+Nagel Logistics,1,119156.09,117057.79,-0.0176,1.3772,389.32,252.41,0,0,203,361,0,12,0,0,NORMAL,0
INV-SYN-11438,TXN-SYN-11438,SUPP-SUSP-06,BUYER-QUICK-04,Kuehne+Nagel Logistics,1,706417.09,812379.65,0.15,2.083,99.54,55.94,6,5,27,62,0,6,1,0,SERIAL_COUNTERPARTY_SPIKE,1
INV-SYN-11439,TXN-SYN-11439,SUPP-GLOBAL-01,BUYER-GLOBAL-05,DHL Global Express,1,142046.33,141516.44,-0.0037,1.1793,407.33,285.74,0,0,207,300,0,10,0,0,NORMAL,0
INV-SYN-11440,TXN-SYN-11440,SUPP-NEXUS-02,BUYER-OMEGA-01,Maersk Ocean Freight,1,99086.23,97114.4,-0.0199,1.1425,892.46,819.09,0,0,204,362,0,3,0,1,NORMAL,0
INV-SYN-11441,TXN-SYN-11441,SUPP-GLOBAL-01,BUYER-APEX-06,DB Schenker,1,155204.22,154430.36,-0.005,1.2869,685.47,519.18,0,0,208,335,0,3,0,1,NORMAL,0
INV-SYN-11442,TXN-SYN-11442,SUPP-GLOBAL-01,BUYER-APEX-06,DHL Global Express,1,125430.65,123969.26,-0.0117,1.0331,500.93,451.94,0,0,209,336,0,22,1,0,NORMAL,0
INV-SYN-11443,TXN-SYN-11443,SUPP-PREC-04,BUYER-VORTEX-02,DB Schenker,1,64200.24,63398.27,-0.0125,0.6674,761.47,722.63,0,0,235,341,0,12,1,0,NORMAL,0
INV-SYN-11444,TXN-SYN-11444,SUPP-GLOBAL-01,BUYER-OMEGA-01,DB Schenker,1,131990.64,130705.45,-0.0097,1.0892,473.95,356.5,0,0,210,363,0,17,0,0,NORMAL,0
INV-SYN-11445,TXN-SYN-11445,SUPP-PACIFIC-08,BUYER-GLOBAL-05,Kuehne+Nagel Logistics,1,62787.06,63138.99,0.0056,0.8419,461.8,302.14,0,0,243,301,0,15,0,0,NORMAL,0
INV-SYN-11446,TXN-SYN-11446,SUPP-IND-05,BUYER-APEX-06,DB Schenker,1,138855.33,136870.3,-0.0143,0.8554,824.09,688.64,1,0,234,337,0,8,0,0,NORMAL,0
INV-SYN-11447,TXN-SYN-11447,SUPP-GLOBAL-01,BUYER-VORTEX-02,DB Schenker,1,137590.92,138693.56,0.008,1.1558,860.3,702.5,0,0,211,342,0,19,1,0,NORMAL,0
INV-SYN-11448,TXN-SYN-11448,SUPP-PREC-04,BUYER-GLOBAL-05,Kuehne+Nagel Logistics,1,124409.22,122664.18,-0.014,1.2912,395.39,352.85,0,0,236,302,0,18,0,0,NORMAL,0
INV-SYN-11449,TXN-SYN-11449,SUPP-IND-05,BUYER-GLOBAL-05,Maersk Ocean Freight,1,160850.86,160840.79,-0.0001,1.0053,583.44,489.32,1,0,235,303,0,21,0,0,NORMAL,0
INV-SYN-11450,TXN-SYN-11450,SUPP-GLOBAL-01,BUYER-GLOBAL-05,DB Schenker,1,129264.99,127010.19,-0.0174,1.0584,719.82,552.31,0,0,212,304,0,19,0,0,NORMAL,0
INV-SYN-11451,TXN-SYN-11451,SUPP-TITAN-03,BUYER-QUICK-04,FedEx International,1,399155.05,899722.69,1.2541,3.2133,341.6,232.34,1,5,265,63,0,5,0,1,AMOUNT_INFLATION,1
INV-SYN-11452,TXN-SYN-11452,SUPP-PREC-04,BUYER-GLOBAL-05,FedEx International,1,100717.89,99025.55,-0.0168,1.0424,840.04,657.54,0,0,237,305,0,8,0,0,NORMAL,0
INV-SYN-11453,TXN-SYN-11453,SUPP-PREC-04,BUYER-VORTEX-02,DB Schenker,1,156789.97,157651.08,0.0055,1.6595,647.36,458.27,0,0,238,343,0,20,1,0,NORMAL,0
INV-SYN-11454,TXN-SYN-11454,SUPP-PREC-04,BUYER-GLOBAL-05,Maersk Ocean Freight,1,108430.85,107585.75,-0.0078,1.1325,476.73,436.65,0,0,239,306,0,1,0,1,NORMAL,0
INV-SYN-11455,TXN-SYN-11455,SUPP-PACIFIC-08,BUYER-OMEGA-01,DHL Global Express,1,41985.7,42319.16,0.0079,0.5643,587.57,457.52,0,0,244,364,0,8,1,0,NORMAL,0
INV-SYN-11456,TXN-SYN-11456,SUPP-GLOBAL-01,BUYER-GLOBAL-05,DB Schenker,1,142600.25,141109.98,-0.0105,1.1759,422.69,367.39,0,0,213,307,0,15,0,0,NORMAL,0
INV-SYN-11457,TXN-SYN-11457,SUPP-PREC-04,BUYER-QUICK-04,DB Schenker,1,104052.51,237584.52,1.2833,2.5009,534.01,433.31,0,5,240,64,0,23,0,1,AMOUNT_INFLATION,1
INV-SYN-11458,TXN-SYN-11458,SUPP-IND-05,BUYER-GLOBAL-05,Kuehne+Nagel Logistics,1,211590.11,211534.46,-0.0003,1.3221,743.05,691.38,1,0,236,308,0,16,0,0,NORMAL,0
INV-SYN-11459,TXN-SYN-11459,SUPP-GLOBAL-01,BUYER-GLOBAL-05,Maersk Ocean Freight,1,140195.44,139158.71,-0.0074,1.1597,823.29,684.66,0,0,214,309,0,19,0,0,NORMAL,0
INV-SYN-11460,TXN-SYN-11460,SUPP-NEXUS-02,BUYER-OMEGA-01,Kuehne+Nagel Logistics,1,82057.81,82742.24,0.0083,0.9734,302.14,265.51,0,0,205,365,0,20,0,0,NORMAL,0
INV-SYN-11461,TXN-SYN-11461,SUPP-TITAN-03,BUYER-APEX-06,DB Schenker,1,194299.12,191953.63,-0.0121,0.6855,905.19,777.01,1,0,266,338,0,17,0,0,NORMAL,0
INV-SYN-11462,TXN-SYN-11462,SUPP-NEXUS-02,BUYER-OMEGA-01,DHL Global Express,1,80558.26,79394.51,-0.0144,0.9341,797.74,618.5,0,0,206,366,0,23,1,1,NORMAL,0
INV-SYN-11463,TXN-SYN-11463,SUPP-GLOBAL-01,BUYER-APEX-06,DB Schenker,1,94484.39,94602.01,0.0012,0.7884,445.57,383.15,0,0,215,339,0,20,1,0,NORMAL,0
INV-SYN-11464,TXN-SYN-11464,SUPP-SUSP-06,BUYER-STEEL-03,None,0,380594.98,380594.98,0.0,0.9759,1.45,-1.0,6,1,28,44,0,10,0,0,RAPID_GHOST_SETTLEMENT,1
INV-SYN-11465,TXN-SYN-11465,SUPP-PACIFIC-08,BUYER-APEX-06,Kuehne+Nagel Logistics,1,86035.85,85677.38,-0.0042,1.1424,913.94,824.23,0,0,245,340,0,8,0,0,NORMAL,0
INV-SYN-11466,TXN-SYN-11466,SUPP-PREC-04,BUYER-GLOBAL-05,Kuehne+Nagel Logistics,1,134660.23,134457.1,-0.0015,1.4153,567.77,393.0,0,0,241,310,0,10,0,0,NORMAL,0
INV-SYN-11467,TXN-SYN-11467,SUPP-IND-05,BUYER-APEX-06,Maersk Ocean Freight,1,175786.86,172875.53,-0.0166,1.0805,782.94,654.78,1,0,237,341,0,17,0,0,NORMAL,0
INV-SYN-11468,TXN-SYN-11468,SUPP-IND-05,BUYER-VORTEX-02,FedEx International,1,112164.68,111873.74,-0.0026,0.6992,506.35,319.47,1,0,238,344,0,5,0,1,NORMAL,0
INV-SYN-11469,TXN-SYN-11469,SUPP-GLOBAL-01,BUYER-VORTEX-02,Kuehne+Nagel Logistics,1,133338.08,133650.95,0.0023,1.1138,469.85,319.78,0,0,216,345,0,21,0,0,NORMAL,0
INV-SYN-11470,TXN-SYN-11470,SUPP-NEXUS-02,BUYER-GLOBAL-05,DHL Global Express,1,110428.42,110123.33,-0.0028,1.2956,875.67,737.98,0,0,207,311,0,21,0,0,NORMAL,0
INV-SYN-11471,TXN-SYN-11471,SUPP-GLOBAL-01,BUYER-APEX-06,DHL Global Express,1,101706.51,100301.94,-0.0138,0.8358,819.8,761.28,0,0,217,342,0,5,0,1,NORMAL,0
INV-SYN-11472,TXN-SYN-11472,SUPP-TITAN-03,BUYER-APEX-06,FedEx International,1,270618.8,269418.87,-0.0044,0.9622,833.56,754.65,1,0,267,343,0,13,0,0,NORMAL,0
INV-SYN-11473,TXN-SYN-11473,SUPP-PHANTOM-07,BUYER-STEEL-03,Unregistered Logistics,1,450000.0,450000.0,0.0,1.0,27.0,14.89,8,1,31,45,1,0,0,1,OFF_HOURS_ROUND_SUM,1
INV-SYN-11474,TXN-SYN-11474,SUPP-GLOBAL-01,BUYER-GLOBAL-05,Maersk Ocean Freight,1,152134.58,174954.77,0.15,1.458,118.93,81.42,0,0,218,312,0,9,0,0,SERIAL_COUNTERPARTY_SPIKE,1
INV-SYN-11475,TXN-SYN-11475,SUPP-PREC-04,BUYER-OMEGA-01,Kuehne+Nagel Logistics,1,110396.66,110714.49,0.0029,1.1654,494.89,448.71,0,0,242,367,0,12,1,0,NORMAL,0
INV-SYN-11476,TXN-SYN-11476,SUPP-PACIFIC-08,BUYER-VORTEX-02,Kuehne+Nagel Logistics,1,72732.22,72779.71,0.0007,0.9704,897.1,818.1,0,0,246,346,0,8,0,0,NORMAL,0
INV-SYN-11477,TXN-SYN-11477,SUPP-TITAN-03,BUYER-VORTEX-02,FedEx International,1,309367.27,307246.21,-0.0069,1.0973,683.96,627.13,1,0,268,347,0,5,0,1,NORMAL,0
INV-SYN-11478,TXN-SYN-11478,SUPP-PREC-04,BUYER-VORTEX-02,FedEx International,1,73922.06,73667.21,-0.0034,0.7754,442.03,305.89,0,0,243,348,0,10,0,0,NORMAL,0
INV-SYN-11479,TXN-SYN-11479,SUPP-PACIFIC-08,BUYER-GLOBAL-05,DB Schenker,1,66797.66,66844.23,0.0007,0.8913,798.08,719.68,0,0,247,313,0,11,0,0,NORMAL,0
INV-SYN-11480,TXN-SYN-11480,SUPP-PACIFIC-08,BUYER-APEX-06,FedEx International,1,88544.65,88280.32,-0.003,1.1771,953.3,779.27,0,0,248,344,0,0,0,1,NORMAL,0
INV-SYN-11481,TXN-SYN-11481,SUPP-TITAN-03,BUYER-VORTEX-02,DB Schenker,1,253901.68,253915.24,0.0001,0.9068,707.38,584.65,1,0,269,349,0,23,1,1,NORMAL,0
INV-SYN-11482,TXN-SYN-11482,SUPP-IND-05,BUYER-VORTEX-02,DHL Global Express,1,229078.55,231214.38,0.0093,1.4451,472.95,436.43,1,0,239,350,0,21,0,0,NORMAL,0
INV-SYN-11483,TXN-SYN-11483,SUPP-PACIFIC-08,BUYER-APEX-06,DHL Global Express,1,67506.82,66159.64,-0.02,0.8821,745.74,679.57,0,0,249,345,0,2,0,1,NORMAL,0
INV-SYN-11484,TXN-SYN-11484,SUPP-PHANTOM-07,BUYER-QUICK-04,DB Schenker,1,935766.01,1076130.91,0.15,2.3914,131.96,53.7,8,5,32,65,0,9,0,0,SERIAL_COUNTERPARTY_SPIKE,1
INV-SYN-11485,TXN-SYN-11485,SUPP-PREC-04,BUYER-APEX-06,Maersk Ocean Freight,1,117149.03,117934.83,0.0067,1.2414,540.78,454.13,0,0,244,346,0,3,1,1,NORMAL,0
INV-SYN-11486,TXN-SYN-11486,SUPP-NEXUS-02,BUYER-GLOBAL-05,DHL Global Express,1,54859.73,54471.58,-0.0071,0.6408,425.66,301.92,0,0,208,314,0,8,1,0,NORMAL,0
INV-SYN-11487,TXN-SYN-11487,SUPP-PREC-04,BUYER-STEEL-03,None,0,99686.67,114639.67,0.15,1.2067,186.4,155.43,0,1,245,46,0,18,0,0,SERIAL_COUNTERPARTY_SPIKE,1
INV-SYN-11488,TXN-SYN-11488,SUPP-IND-05,BUYER-APEX-06,Maersk Ocean Freight,1,98973.75,97649.68,-0.0134,0.6103,367.58,298.11,1,0,240,347,0,14,1,0,NORMAL,0
INV-SYN-11489,TXN-SYN-11489,SUPP-TITAN-03,BUYER-OMEGA-01,DB Schenker,1,368380.89,365534.83,-0.0077,1.3055,964.53,773.88,1,0,270,368,0,8,1,0,NORMAL,0
INV-SYN-11490,TXN-SYN-11490,SUPP-NEXUS-02,BUYER-OMEGA-01,Maersk Ocean Freight,1,73273.01,72327.88,-0.0129,0.8509,769.19,714.66,0,0,209,369,0,10,0,0,NORMAL,0
INV-SYN-11491,TXN-SYN-11491,SUPP-IND-05,BUYER-VORTEX-02,DHL Global Express,1,262327.97,262503.7,0.0007,1.6406,916.14,795.74,1,0,241,351,0,8,0,0,NORMAL,0
INV-SYN-11492,TXN-SYN-11492,SUPP-PREC-04,BUYER-VORTEX-02,DB Schenker,1,81599.12,82139.64,0.0066,0.8646,641.34,589.73,0,0,246,352,0,17,0,0,NORMAL,0
INV-SYN-11493,TXN-SYN-11493,SUPP-IND-05,BUYER-GLOBAL-05,Kuehne+Nagel Logistics,1,167382.05,167531.25,0.0009,1.0471,755.58,573.77,1,0,242,315,0,20,1,0,NORMAL,0
INV-SYN-11494,TXN-SYN-11494,SUPP-NEXUS-02,BUYER-OMEGA-01,Maersk Ocean Freight,1,117769.84,118879.37,0.0094,1.3986,480.71,355.53,0,0,210,370,0,8,0,0,NORMAL,0
INV-SYN-11495,TXN-SYN-11495,SUPP-NEXUS-02,BUYER-VORTEX-02,FedEx International,1,127629.47,127881.31,0.002,1.5045,425.14,358.59,0,0,211,353,0,6,1,0,NORMAL,0
INV-SYN-11496,TXN-SYN-11496,SUPP-TITAN-03,BUYER-APEX-06,DHL Global Express,1,424305.25,421540.48,-0.0065,1.5055,443.23,310.73,1,0,271,348,0,21,0,0,NORMAL,0
INV-SYN-11497,TXN-SYN-11497,SUPP-PACIFIC-08,BUYER-VORTEX-02,Kuehne+Nagel Logistics,1,97656.87,97920.32,0.0027,1.3056,487.09,332.36,0,0,250,354,0,14,0,0,NORMAL,0
INV-SYN-11498,TXN-SYN-11498,SUPP-GLOBAL-01,BUYER-VORTEX-02,DB Schenker,1,150721.88,147741.91,-0.0198,1.2312,439.49,345.06,0,0,219,355,0,11,0,0,NORMAL,0
INV-SYN-11499,TXN-SYN-11499,SUPP-PREC-04,BUYER-OMEGA-01,Kuehne+Nagel Logistics,1,109072.52,107406.55,-0.0153,1.1306,352.49,305.06,0,0,247,371,0,19,1,0,NORMAL,0
INV-SYN-11500,TXN-SYN-11500,SUPP-NEXUS-02,BUYER-VORTEX-02,DB Schenker,1,101540.17,101094.19,-0.0044,1.1893,932.56,809.98,0,0,212,356,0,21,0,0,NORMAL,0
INV-SYN-11501,TXN-SYN-11501,SUPP-IND-05,BUYER-GLOBAL-05,DB Schenker,1,137952.57,135844.92,-0.0153,0.849,827.88,636.31,1,0,243,316,0,11,0,0,NORMAL,0
INV-SYN-11502,TXN-SYN-11502,SUPP-NEXUS-02,BUYER-APEX-06,Maersk Ocean Freight,1,67613.27,67500.25,-0.0017,0.7941,589.41,429.44,0,0,213,349,0,7,0,0,NORMAL,0
INV-SYN-11503,TXN-SYN-11503,SUPP-IND-05,BUYER-VORTEX-02,FedEx International,1,159865.02,160496.34,0.0039,1.0031,649.85,483.49,1,0,244,357,0,13,0,0,NORMAL,0
INV-SYN-11504,TXN-SYN-11504,SUPP-PREC-04,BUYER-APEX-06,FedEx International,1,90958.12,91525.86,0.0062,0.9634,834.49,780.5,0,0,248,350,0,19,1,0,NORMAL,0
INV-SYN-11505,TXN-SYN-11505,SUPP-NEXUS-02,BUYER-OMEGA-01,FedEx International,1,75368.9,74753.75,-0.0082,0.8795,409.05,271.7,0,0,214,372,0,19,1,0,NORMAL,0
INV-SYN-11506,TXN-SYN-11506,SUPP-IND-05,BUYER-VORTEX-02,Maersk Ocean Freight,1,187855.5,305775.96,0.6277,1.9111,410.05,309.03,1,0,245,358,0,17,1,0,AMOUNT_INFLATION,1
INV-SYN-11507,TXN-SYN-11507,SUPP-GLOBAL-01,BUYER-GLOBAL-05,DHL Global Express,1,148659.16,148133.98,-0.0035,1.2344,661.82,496.63,0,0,220,317,0,22,0,0,NORMAL,0
INV-SYN-11508,TXN-SYN-11508,SUPP-NEXUS-02,BUYER-VORTEX-02,DB Schenker,1,86878.65,85715.8,-0.0134,1.0084,463.95,328.69,0,0,215,359,0,5,0,1,NORMAL,0
INV-SYN-11509,TXN-SYN-11509,SUPP-PREC-04,BUYER-OMEGA-01,Maersk Ocean Freight,1,130091.34,129963.28,-0.001,1.368,565.04,516.54,0,0,249,373,0,19,0,0,NORMAL,0
INV-SYN-11510,TXN-SYN-11510,SUPP-PACIFIC-08,BUYER-GLOBAL-05,DHL Global Express,1,53593.33,53064.39,-0.0099,0.7075,749.19,708.03,0,0,251,318,0,15,0,0,NORMAL,0
INV-SYN-11511,TXN-SYN-11511,SUPP-GLOBAL-01,BUYER-APEX-06,None,0,250000.0,250000.0,0.0,2.0833,58.78,43.81,0,0,221,351,1,4,0,1,OFF_HOURS_ROUND_SUM,1
INV-SYN-11512,TXN-SYN-11512,SUPP-GLOBAL-01,BUYER-APEX-06,DB Schenker,1,98495.33,98118.19,-0.0038,0.8177,349.46,255.5,0,0,222,352,0,1,1,1,NORMAL,0
INV-SYN-11513,TXN-SYN-11513,SUPP-NEXUS-02,BUYER-GLOBAL-05,DB Schenker,1,45336.1,45343.6,0.0002,0.5335,787.34,627.36,0,0,216,319,0,1,0,1,NORMAL,0
INV-SYN-11514,TXN-SYN-11514,SUPP-TITAN-03,BUYER-GLOBAL-05,DB Schenker,1,274212.35,273217.85,-0.0036,0.9758,623.09,564.01,1,0,272,320,0,7,0,0,NORMAL,0
INV-SYN-11515,TXN-SYN-11515,SUPP-TITAN-03,BUYER-APEX-06,Maersk Ocean Freight,1,271477.67,272302.86,0.003,0.9725,600.34,540.85,1,0,273,353,0,8,0,0,NORMAL,0
INV-SYN-11516,TXN-SYN-11516,SUPP-GLOBAL-01,BUYER-GLOBAL-05,DHL Global Express,1,165403.49,162295.81,-0.0188,1.3525,370.3,266.49,0,0,223,321,0,15,1,0,NORMAL,0
INV-SYN-11517,TXN-SYN-11517,SUPP-GLOBAL-01,BUYER-OMEGA-01,Maersk Ocean Freight,1,138924.35,139837.61,0.0066,1.1653,388.16,293.21,0,0,224,374,0,0,1,1,NORMAL,0
INV-SYN-11518,TXN-SYN-11518,SUPP-PACIFIC-08,BUYER-GLOBAL-05,FedEx International,1,55796.5,55358.8,-0.0078,0.7381,611.61,487.78,0,0,252,322,0,0,1,1,NORMAL,0
INV-SYN-11519,TXN-SYN-11519,SUPP-TITAN-03,BUYER-VORTEX-02,Maersk Ocean Freight,1,409786.48,406134.05,-0.0089,1.4505,776.59,732.95,1,0,274,360,0,15,0,0,NORMAL,0
INV-SYN-11520,TXN-SYN-11520,SUPP-IND-05,BUYER-APEX-06,Kuehne+Nagel Logistics,1,208841.35,208126.34,-0.0034,1.3008,313.96,271.82,1,0,246,354,0,9,0,0,NORMAL,0
INV-SYN-11521,TXN-SYN-11521,SUPP-NEXUS-02,BUYER-VORTEX-02,DB Schenker,1,97369.58,97922.71,0.0057,1.152,576.14,453.05,0,0,217,361,0,20,0,0,NORMAL,0
INV-SYN-11522,TXN-SYN-11522,SUPP-GLOBAL-01,BUYER-VORTEX-02,DHL Global Express,1,113205.48,111147.56,-0.0182,0.9262,920.26,759.15,0,0,225,362,0,14,0,0,NORMAL,0
INV-SYN-11523,TXN-SYN-11523,SUPP-TITAN-03,BUYER-OMEGA-01,Maersk Ocean Freight,1,212839.25,214426.4,0.0075,0.7658,766.55,615.35,1,0,275,375,0,23,0,1,NORMAL,0
INV-SYN-11524,TXN-SYN-11524,SUPP-TITAN-03,BUYER-VORTEX-02,FedEx International,1,253945.53,252475.0,-0.0058,0.9017,722.75,549.4,1,0,276,363,0,2,1,1,NORMAL,0
INV-SYN-11525,TXN-SYN-11525,SUPP-PREC-04,BUYER-VORTEX-02,FedEx International,1,120857.78,118673.27,-0.0181,1.2492,721.58,643.8,0,0,250,364,0,16,0,0,NORMAL,0
INV-SYN-11526,TXN-SYN-11526,SUPP-NEXUS-02,BUYER-APEX-06,DB Schenker,1,125047.46,123653.75,-0.0111,1.4547,689.77,627.11,0,0,218,355,0,8,0,0,NORMAL,0
INV-SYN-11527,TXN-SYN-11527,SUPP-PACIFIC-08,BUYER-GLOBAL-05,Kuehne+Nagel Logistics,1,103935.82,102351.61,-0.0152,1.3647,767.75,693.89,0,0,253,323,0,10,0,0,NORMAL,0
INV-SYN-11528,TXN-SYN-11528,SUPP-NEXUS-02,BUYER-GLOBAL-05,DHL Global Express,1,74611.95,75011.21,0.0054,0.8825,528.97,425.75,0,0,219,324,0,9,0,0,NORMAL,0
INV-SYN-11529,TXN-SYN-11529,SUPP-TITAN-03,BUYER-OMEGA-01,Kuehne+Nagel Logistics,1,201626.78,197840.91,-0.0188,0.7066,430.87,334.0,1,0,277,376,0,17,0,0,NORMAL,0
INV-SYN-11530,TXN-SYN-11530,SUPP-TITAN-03,BUYER-GLOBAL-05,FedEx International,1,289862.04,284432.8,-0.0187,1.0158,771.59,672.67,1,0,278,325,0,6,1,0,NORMAL,0
INV-SYN-11531,TXN-SYN-11531,SUPP-TITAN-03,BUYER-GLOBAL-05,DHL Global Express,1,156209.24,153961.18,-0.0144,0.5499,707.1,641.2,1,0,279,326,0,6,0,0,NORMAL,0
INV-SYN-11532,TXN-SYN-11532,SUPP-PREC-04,BUYER-APEX-06,DB Schenker,1,102675.23,103061.58,0.0038,1.0849,756.07,585.43,0,0,251,356,0,0,0,1,NORMAL,0
INV-SYN-11533,TXN-SYN-11533,SUPP-IND-05,BUYER-OMEGA-01,DB Schenker,1,154095.9,154392.29,0.0019,0.965,751.91,658.44,1,0,247,377,0,13,0,0,NORMAL,0
INV-SYN-11534,TXN-SYN-11534,SUPP-IND-05,BUYER-VORTEX-02,FedEx International,1,141358.54,139699.41,-0.0117,0.8731,668.59,519.41,1,0,248,365,0,14,0,0,NORMAL,0
INV-SYN-11535,TXN-SYN-11535,SUPP-PACIFIC-08,BUYER-OMEGA-01,DHL Global Express,1,45099.32,44657.25,-0.0098,0.5954,917.07,835.88,0,0,254,378,0,7,1,0,NORMAL,0
INV-SYN-11536,TXN-SYN-11536,SUPP-TITAN-03,BUYER-VORTEX-02,Maersk Ocean Freight,1,315952.01,311681.6,-0.0135,1.1131,543.88,356.6,1,0,280,366,0,12,0,0,NORMAL,0
INV-SYN-11537,TXN-SYN-11537,SUPP-IND-05,BUYER-GLOBAL-05,FedEx International,1,138691.97,139594.08,0.0065,0.8725,779.08,724.02,1,0,249,327,0,20,0,0,NORMAL,0
INV-SYN-11538,TXN-SYN-11538,SUPP-GLOBAL-01,BUYER-OMEGA-01,DHL Global Express,1,84902.49,84732.32,-0.002,0.7061,684.72,566.63,0,0,226,379,0,22,0,0,NORMAL,0
INV-SYN-11539,TXN-SYN-11539,SUPP-IND-05,BUYER-VORTEX-02,Kuehne+Nagel Logistics,1,45109.51,44331.04,-0.0173,0.2771,511.96,370.07,1,0,250,367,0,20,1,0,NORMAL,0
INV-SYN-11540,TXN-SYN-11540,SUPP-PREC-04,BUYER-GLOBAL-05,DHL Global Express,1,94346.52,92570.57,-0.0188,0.9744,773.45,674.02,0,0,252,328,0,6,0,0,NORMAL,0
INV-SYN-11541,TXN-SYN-11541,SUPP-GLOBAL-01,BUYER-APEX-06,Kuehne+Nagel Logistics,1,173167.55,171405.26,-0.0102,1.4284,913.18,816.44,0,0,227,357,0,22,0,0,NORMAL,0
INV-SYN-11542,TXN-SYN-11542,SUPP-PREC-04,BUYER-OMEGA-01,DHL Global Express,1,134454.91,132511.35,-0.0145,1.3949,755.63,591.65,0,0,253,380,0,13,0,0,NORMAL,0
INV-SYN-11543,TXN-SYN-11543,SUPP-TITAN-03,BUYER-APEX-06,DHL Global Express,1,248003.26,243994.84,-0.0162,0.8714,515.79,386.63,1,0,281,358,0,7,0,0,NORMAL,0
INV-SYN-11544,TXN-SYN-11544,SUPP-PREC-04,BUYER-GLOBAL-05,Maersk Ocean Freight,1,80697.46,80785.03,0.0011,0.8504,810.99,733.82,0,0,254,329,0,3,0,1,NORMAL,0
INV-SYN-11545,TXN-SYN-11545,SUPP-PHANTOM-07,BUYER-GLOBAL-05,Maersk Ocean Freight,1,883577.25,1016113.84,0.15,2.258,81.73,44.88,8,0,33,330,0,0,0,1,SERIAL_COUNTERPARTY_SPIKE,1
INV-SYN-11546,TXN-SYN-11546,SUPP-TITAN-03,BUYER-OMEGA-01,DB Schenker,1,210113.02,211400.01,0.0061,0.755,547.83,412.1,1,0,282,381,0,18,1,0,NORMAL,0
INV-SYN-11547,TXN-SYN-11547,SUPP-IND-05,BUYER-GLOBAL-05,DHL Global Express,1,172071.68,170679.63,-0.0081,1.0667,702.4,591.93,1,0,251,331,0,13,1,0,NORMAL,0
INV-SYN-11548,TXN-SYN-11548,SUPP-PREC-04,BUYER-VORTEX-02,DB Schenker,1,113194.41,113385.55,0.0017,1.1935,784.07,601.18,0,0,255,368,0,3,0,1,NORMAL,0
INV-SYN-11549,TXN-SYN-11549,SUPP-NEXUS-02,BUYER-OMEGA-01,DHL Global Express,1,111072.33,109767.3,-0.0117,1.2914,384.02,295.33,0,0,220,382,0,0,0,1,NORMAL,0
INV-SYN-11550,TXN-SYN-11550,SUPP-GLOBAL-01,BUYER-GLOBAL-05,DHL Global Express,1,116995.38,116537.13,-0.0039,0.9711,920.49,737.75,0,0,228,332,0,21,1,0,NORMAL,0
INV-SYN-11551,TXN-SYN-11551,SUPP-PACIFIC-08,BUYER-OMEGA-01,Kuehne+Nagel Logistics,1,71181.12,70478.19,-0.0099,0.9397,610.01,497.2,0,0,255,383,0,21,1,0,NORMAL,0
INV-SYN-11552,TXN-SYN-11552,SUPP-PACIFIC-08,BUYER-OMEGA-01,Kuehne+Nagel Logistics,1,58537.83,57535.64,-0.0171,0.7671,860.61,708.18,0,0,256,384,0,15,0,0,NORMAL,0
INV-SYN-11553,TXN-SYN-11553,SUPP-GLOBAL-01,BUYER-OMEGA-01,FedEx International,1,95193.59,95788.06,0.0062,0.7982,501.43,456.79,0,0,229,385,0,21,0,0,NORMAL,0
INV-SYN-11554,TXN-SYN-11554,SUPP-PREC-04,BUYER-OMEGA-01,Kuehne+Nagel Logistics,1,89621.13,89879.43,0.0029,0.9461,379.87,283.61,0,0,256,386,0,23,0,1,NORMAL,0
INV-SYN-11555,TXN-SYN-11555,SUPP-PACIFIC-08,BUYER-VORTEX-02,Maersk Ocean Freight,1,81888.1,80681.5,-0.0147,1.0758,523.58,453.48,0,0,257,369,0,2,0,1,NORMAL,0
INV-SYN-11556,TXN-SYN-11556,SUPP-PREC-04,BUYER-VORTEX-02,Kuehne+Nagel Logistics,1,116697.63,114744.49,-0.0167,1.2078,628.4,494.68,0,0,257,370,0,2,1,1,NORMAL,0
INV-SYN-11557,TXN-SYN-11557,SUPP-IND-05,BUYER-VORTEX-02,Maersk Ocean Freight,1,127872.84,129089.88,0.0095,0.8068,855.5,689.8,1,0,252,371,0,9,0,0,NORMAL,0
INV-SYN-11558,TXN-SYN-11558,SUPP-GLOBAL-01,BUYER-OMEGA-01,DB Schenker,1,164780.66,165916.13,0.0069,1.3826,867.86,831.09,0,0,230,387,0,5,0,1,NORMAL,0
INV-SYN-11559,TXN-SYN-11559,SUPP-NEXUS-02,BUYER-GLOBAL-05,DB Schenker,1,79238.62,78787.48,-0.0057,0.9269,822.06,681.99,0,0,221,333,0,17,0,0,NORMAL,0
INV-SYN-11560,TXN-SYN-11560,SUPP-IND-05,BUYER-VORTEX-02,DB Schenker,1,159145.31,156974.38,-0.0136,0.9811,810.96,674.31,1,0,253,372,0,3,0,1,NORMAL,0
INV-SYN-11561,TXN-SYN-11561,SUPP-GLOBAL-01,BUYER-OMEGA-01,DB Schenker,1,97583.65,96953.85,-0.0065,0.8079,877.61,733.35,0,0,231,388,0,2,0,1,NORMAL,0
INV-SYN-11562,TXN-SYN-11562,SUPP-IND-05,BUYER-GLOBAL-05,Maersk Ocean Freight,1,63030.39,62868.11,-0.0026,0.3929,457.57,411.46,1,0,254,334,0,17,0,0,NORMAL,0
INV-SYN-11563,TXN-SYN-11563,SUPP-NEXUS-02,BUYER-OMEGA-01,FedEx International,1,103785.96,103121.03,-0.0064,1.2132,557.53,481.71,0,0,222,389,0,11,1,0,NORMAL,0
INV-SYN-11564,TXN-SYN-11564,SUPP-IND-05,BUYER-APEX-06,Maersk Ocean Freight,1,189473.76,188939.72,-0.0028,1.1809,832.8,738.17,1,0,255,359,0,0,0,1,NORMAL,0
INV-SYN-11565,TXN-SYN-11565,SUPP-PHANTOM-07,BUYER-QUICK-04,None,0,500000.0,500000.0,0.0,1.1111,34.13,-12.14,8,5,34,66,1,3,1,1,OFF_HOURS_ROUND_SUM,1
INV-SYN-11566,TXN-SYN-11566,SUPP-IND-05,BUYER-OMEGA-01,DB Schenker,1,162679.63,163195.16,0.0032,1.02,785.69,611.27,1,0,256,390,0,1,1,1,NORMAL,0
INV-SYN-11567,TXN-SYN-11567,SUPP-NEXUS-02,BUYER-VORTEX-02,FedEx International,1,95963.71,94356.38,-0.0167,1.1101,583.57,416.66,0,0,223,373,0,12,0,0,NORMAL,0
INV-SYN-11568,TXN-SYN-11568,SUPP-NEXUS-02,BUYER-APEX-06,Kuehne+Nagel Logistics,1,51795.9,51629.92,-0.0032,0.6074,795.59,613.33,0,0,224,360,0,18,0,0,NORMAL,0
INV-SYN-11569,TXN-SYN-11569,SUPP-GLOBAL-01,BUYER-APEX-06,Kuehne+Nagel Logistics,1,104128.42,104045.87,-0.0008,0.867,930.73,823.41,0,0,232,361,0,19,1,0,NORMAL,0
INV-SYN-11570,TXN-SYN-11570,SUPP-PHANTOM-07,BUYER-STEEL-03,None,0,789613.04,789613.04,0.0,1.7547,1.49,-1.0,8,1,35,47,0,12,0,0,RAPID_GHOST_SETTLEMENT,1
INV-SYN-11571,TXN-SYN-11571,SUPP-PACIFIC-08,BUYER-GLOBAL-05,DB Schenker,1,51482.07,51840.16,0.007,0.6912,811.36,694.21,0,0,258,335,0,5,0,1,NORMAL,0
INV-SYN-11572,TXN-SYN-11572,SUPP-TITAN-03,BUYER-OMEGA-01,DHL Global Express,1,300549.06,303194.08,0.0088,1.0828,1003.37,828.96,1,0,283,391,0,15,0,0,NORMAL,0
INV-SYN-11573,TXN-SYN-11573,SUPP-PACIFIC-08,BUYER-APEX-06,FedEx International,1,49564.09,49389.5,-0.0035,0.6585,652.18,483.74,0,0,259,362,0,19,0,0,NORMAL,0
INV-SYN-11574,TXN-SYN-11574,SUPP-TITAN-03,BUYER-VORTEX-02,Kuehne+Nagel Logistics,1,312650.1,308892.41,-0.012,1.1032,741.99,583.75,1,0,284,374,0,16,0,0,NORMAL,0
INV-SYN-11575,TXN-SYN-11575,SUPP-TITAN-03,BUYER-APEX-06,DB Schenker,1,277505.1,279642.96,0.0077,0.9987,598.95,529.16,1,0,285,363,0,16,0,0,NORMAL,0
INV-SYN-11576,TXN-SYN-11576,SUPP-PREC-04,BUYER-OMEGA-01,FedEx International,1,56640.62,56672.91,0.0006,0.5966,783.07,724.34,0,0,258,392,0,20,1,0,NORMAL,0
INV-SYN-11577,TXN-SYN-11577,SUPP-TITAN-03,BUYER-GLOBAL-05,FedEx International,1,361531.75,362440.15,0.0025,1.2944,781.63,706.33,1,0,286,336,0,8,0,0,NORMAL,0
INV-SYN-11578,TXN-SYN-11578,SUPP-PREC-04,BUYER-VORTEX-02,DB Schenker,1,77553.45,77855.02,0.0039,0.8195,487.62,403.14,0,0,259,375,0,13,1,0,NORMAL,0
INV-SYN-11579,TXN-SYN-11579,SUPP-GLOBAL-01,BUYER-OMEGA-01,DHL Global Express,1,95692.43,94250.09,-0.0151,0.7854,397.27,243.91,0,0,233,393,0,10,1,0,NORMAL,0
INV-SYN-11580,TXN-SYN-11580,SUPP-PHANTOM-07,BUYER-QUICK-04,Kuehne+Nagel Logistics,1,472564.03,701427.52,0.4843,1.5587,443.45,301.4,8,5,36,67,0,14,1,0,AMOUNT_INFLATION,1
INV-SYN-11581,TXN-SYN-11581,SUPP-GLOBAL-01,BUYER-OMEGA-01,DHL Global Express,1,154459.12,155143.28,0.0044,1.2929,356.98,268.75,0,0,234,394,0,2,0,1,NORMAL,0
INV-SYN-11582,TXN-SYN-11582,SUPP-GLOBAL-01,BUYER-APEX-06,Maersk Ocean Freight,1,89525.35,89378.71,-0.0016,0.7448,697.48,617.92,0,0,235,364,0,9,0,0,NORMAL,0
INV-SYN-11583,TXN-SYN-11583,SUPP-GLOBAL-01,BUYER-GLOBAL-05,DB Schenker,1,121850.4,120904.08,-0.0078,1.0075,421.18,357.54,0,0,236,337,0,5,0,1,NORMAL,0
INV-SYN-11584,TXN-SYN-11584,SUPP-IND-05,BUYER-APEX-06,Maersk Ocean Freight,1,177152.66,176941.73,-0.0012,1.1059,416.15,372.31,1,0,257,365,0,9,0,0,NORMAL,0
INV-SYN-11585,TXN-SYN-11585,SUPP-TITAN-03,BUYER-GLOBAL-05,Maersk Ocean Freight,1,328517.39,326828.17,-0.0051,1.1672,579.5,474.44,1,0,287,338,0,13,0,0,NORMAL,0
INV-SYN-11586,TXN-SYN-11586,SUPP-GLOBAL-01,BUYER-APEX-06,Kuehne+Nagel Logistics,1,125293.25,125516.35,0.0018,1.046,797.86,642.84,0,0,237,366,0,17,0,0,NORMAL,0
INV-SYN-11587,TXN-SYN-11587,SUPP-SUSP-06,BUYER-STEEL-03,Kuehne+Nagel Logistics,1,711083.25,817745.74,0.15,2.0968,227.08,114.49,6,1,29,48,0,13,0,0,SERIAL_COUNTERPARTY_SPIKE,1
INV-SYN-11588,TXN-SYN-11588,SUPP-NEXUS-02,BUYER-OMEGA-01,DB Schenker,1,67413.71,66598.43,-0.0121,0.7835,742.75,644.78,0,0,225,395,0,14,0,0,NORMAL,0
INV-SYN-11589,TXN-SYN-11589,SUPP-TITAN-03,BUYER-OMEGA-01,DHL Global Express,1,286030.07,282012.26,-0.014,1.0072,909.15,802.35,1,0,288,396,0,4,0,1,NORMAL,0
INV-SYN-11590,TXN-SYN-11590,SUPP-TITAN-03,BUYER-GLOBAL-05,Kuehne+Nagel Logistics,1,204950.27,201904.19,-0.0149,0.7211,395.01,305.23,1,0,289,339,0,20,1,0,NORMAL,0
INV-SYN-11591,TXN-SYN-11591,SUPP-IND-05,BUYER-OMEGA-01,FedEx International,1,43145.98,42548.3,-0.0139,0.2659,838.21,646.82,1,0,258,397,0,22,0,0,NORMAL,0
INV-SYN-11592,TXN-SYN-11592,SUPP-GLOBAL-01,BUYER-VORTEX-02,FedEx International,1,133096.79,130884.54,-0.0166,1.0907,888.15,735.1,0,0,238,376,0,14,0,0,NORMAL,0
INV-SYN-11593,TXN-SYN-11593,SUPP-PACIFIC-08,BUYER-GLOBAL-05,Maersk Ocean Freight,1,91948.78,91477.31,-0.0051,1.2197,591.04,465.59,0,0,260,340,0,10,0,0,NORMAL,0
INV-SYN-11594,TXN-SYN-11594,SUPP-NEXUS-02,BUYER-VORTEX-02,Maersk Ocean Freight,1,34787.69,35022.23,0.0067,0.412,519.81,398.76,0,0,226,377,0,15,1,0,NORMAL,0
INV-SYN-11595,TXN-SYN-11595,SUPP-GLOBAL-01,BUYER-VORTEX-02,Kuehne+Nagel Logistics,1,89708.08,88783.25,-0.0103,0.7399,474.38,416.41,0,0,239,378,0,23,1,1,NORMAL,0
INV-SYN-11596,TXN-SYN-11596,SUPP-GLOBAL-01,BUYER-OMEGA-01,Kuehne+Nagel Logistics,1,138574.63,136986.96,-0.0115,1.1416,407.19,362.93,0,0,240,398,0,3,0,1,NORMAL,0
INV-SYN-11597,TXN-SYN-11597,SUPP-TITAN-03,BUYER-OMEGA-01,Kuehne+Nagel Logistics,1,424024.68,422339.37,-0.004,1.5084,865.27,684.55,1,0,290,399,0,12,0,0,NORMAL,0
INV-SYN-11598,TXN-SYN-11598,SUPP-PREC-04,BUYER-VORTEX-02,DHL Global Express,1,95493.85,93799.35,-0.0177,0.9874,933.01,766.91,0,0,260,379,0,9,0,0,NORMAL,0
INV-SYN-11599,TXN-SYN-11599,SUPP-IND-05,BUYER-VORTEX-02,Kuehne+Nagel Logistics,1,130879.88,129021.59,-0.0142,0.8064,460.0,342.97,1,0,259,380,0,18,1,0,NORMAL,0
INV-SYN-11600,TXN-SYN-11600,SUPP-IND-05,BUYER-GLOBAL-05,DB Schenker,1,152684.14,151880.9,-0.0053,0.9493,652.83,502.76,1,0,260,341,0,4,1,1,NORMAL,0
INV-SYN-11601,TXN-SYN-11601,SUPP-PREC-04,BUYER-VORTEX-02,DB Schenker,1,127653.31,127165.78,-0.0038,1.3386,519.09,346.33,0,0,261,381,0,7,1,0,NORMAL,0
INV-SYN-11602,TXN-SYN-11602,SUPP-PACIFIC-08,BUYER-GLOBAL-05,Kuehne+Nagel Logistics,1,62888.17,62268.98,-0.0098,0.8303,941.16,815.86,0,0,261,342,0,2,0,1,NORMAL,0
INV-SYN-11603,TXN-SYN-11603,SUPP-GLOBAL-01,BUYER-APEX-06,Kuehne+Nagel Logistics,1,96024.24,95799.38,-0.0023,0.7983,629.86,481.67,0,0,241,367,0,19,0,0,NORMAL,0
INV-SYN-11604,TXN-SYN-11604,SUPP-GLOBAL-01,BUYER-APEX-06,Kuehne+Nagel Logistics,1,105517.69,103600.72,-0.0182,0.8633,551.87,381.57,0,0,242,368,0,14,0,0,NORMAL,0
INV-SYN-11605,TXN-SYN-11605,SUPP-IND-05,BUYER-OMEGA-01,FedEx International,1,121866.86,217231.86,0.7825,1.3577,246.75,184.96,1,0,261,400,0,18,1,0,AMOUNT_INFLATION,1
INV-SYN-11606,TXN-SYN-11606,SUPP-PACIFIC-08,BUYER-GLOBAL-05,Maersk Ocean Freight,1,77300.07,76123.29,-0.0152,1.015,439.67,248.9,0,0,262,343,0,17,0,0,NORMAL,0
INV-SYN-11607,TXN-SYN-11607,SUPP-TITAN-03,BUYER-APEX-06,FedEx International,1,393727.49,393964.68,0.0006,1.407,778.66,679.49,1,0,291,369,0,18,0,0,NORMAL,0
INV-SYN-11608,TXN-SYN-11608,SUPP-IND-05,BUYER-VORTEX-02,Kuehne+Nagel Logistics,1,172923.17,172424.9,-0.0029,1.0777,908.42,821.35,1,0,262,382,0,11,0,0,NORMAL,0
INV-SYN-11609,TXN-SYN-11609,SUPP-IND-05,BUYER-OMEGA-01,FedEx International,1,149905.86,149310.4,-0.004,0.9332,640.35,497.98,1,0,263,401,0,1,0,1,NORMAL,0
INV-SYN-11610,TXN-SYN-11610,SUPP-IND-05,BUYER-GLOBAL-05,FedEx International,1,148327.55,149223.79,0.006,0.9326,959.99,775.31,1,0,264,344,0,8,0,0,NORMAL,0
INV-SYN-11611,TXN-SYN-11611,SUPP-SUSP-06,BUYER-GLOBAL-05,None,0,371498.63,371498.63,0.0,0.9526,2.94,-1.0,6,0,30,345,0,0,1,1,RAPID_GHOST_SETTLEMENT,1
INV-SYN-11612,TXN-SYN-11612,SUPP-PACIFIC-08,BUYER-GLOBAL-05,DB Schenker,1,91558.31,90528.83,-0.0112,1.2071,498.91,442.63,0,0,263,346,0,2,0,1,NORMAL,0
INV-SYN-11613,TXN-SYN-11613,SUPP-TITAN-03,BUYER-QUICK-04,DHL Global Express,1,596792.64,686311.54,0.15,2.4511,146.16,55.41,1,5,292,68,0,16,1,0,SERIAL_COUNTERPARTY_SPIKE,1
INV-SYN-11614,TXN-SYN-11614,SUPP-TITAN-03,BUYER-VORTEX-02,Kuehne+Nagel Logistics,1,267366.41,266382.25,-0.0037,0.9514,463.42,357.59,1,0,293,383,0,16,0,0,NORMAL,0
INV-SYN-11615,TXN-SYN-11615,SUPP-PACIFIC-08,BUYER-VORTEX-02,DHL Global Express,1,134870.77,134664.08,-0.0015,1.7955,897.0,818.11,0,0,264,384,0,20,0,0,NORMAL,0
INV-SYN-11616,TXN-SYN-11616,SUPP-GLOBAL-01,BUYER-APEX-06,FedEx International,1,128962.59,128442.34,-0.004,1.0704,850.19,754.21,0,0,243,370,0,0,0,1,NORMAL,0
INV-SYN-11617,TXN-SYN-11617,SUPP-IND-05,BUYER-APEX-06,FedEx International,1,129928.36,130130.55,0.0016,0.8133,492.08,432.07,1,0,265,371,0,23,0,1,NORMAL,0
INV-SYN-11618,TXN-SYN-11618,SUPP-IND-05,BUYER-VORTEX-02,DB Schenker,1,142945.7,143302.05,0.0025,0.8956,590.27,430.95,1,0,266,385,0,15,1,0,NORMAL,0
INV-SYN-11619,TXN-SYN-11619,SUPP-IND-05,BUYER-OMEGA-01,FedEx International,1,205937.83,202969.67,-0.0144,1.2686,594.74,461.21,1,0,267,402,0,8,0,0,NORMAL,0
INV-SYN-11620,TXN-SYN-11620,SUPP-TITAN-03,BUYER-STEEL-03,DB Schenker,1,508671.78,584972.55,0.15,2.0892,148.71,92.85,1,1,294,49,0,12,0,0,SERIAL_COUNTERPARTY_SPIKE,1
INV-SYN-11621,TXN-SYN-11621,SUPP-TITAN-03,BUYER-STEEL-03,Unregistered Logistics,1,300000.0,300000.0,0.0,1.0714,58.49,39.91,1,1,295,50,1,2,1,1,OFF_HOURS_ROUND_SUM,1
INV-SYN-11622,TXN-SYN-11622,SUPP-PREC-04,BUYER-VORTEX-02,FedEx International,1,116831.69,117391.79,0.0048,1.2357,754.36,622.98,0,0,262,386,0,13,0,0,NORMAL,0
INV-SYN-11623,TXN-SYN-11623,SUPP-PACIFIC-08,BUYER-VORTEX-02,Kuehne+Nagel Logistics,1,62472.3,62608.54,0.0022,0.8348,906.28,738.19,0,0,265,387,0,4,0,1,NORMAL,0
INV-SYN-11624,TXN-SYN-11624,SUPP-NEXUS-02,BUYER-VORTEX-02,DHL Global Express,1,124807.58,125686.92,0.007,1.4787,569.44,444.11,0,0,227,388,0,23,1,1,NORMAL,0
INV-SYN-11625,TXN-SYN-11625,SUPP-TITAN-03,BUYER-STEEL-03,Unregistered Logistics,1,750000.0,750000.0,0.0,2.6786,48.83,3.93,1,1,296,51,1,3,0,1,OFF_HOURS_ROUND_SUM,1
INV-SYN-11626,TXN-SYN-11626,SUPP-IND-05,BUYER-VORTEX-02,FedEx International,1,142107.12,141776.54,-0.0023,0.8861,617.46,446.0,1,0,268,389,0,0,0,1,NORMAL,0
INV-SYN-11627,TXN-SYN-11627,SUPP-IND-05,BUYER-GLOBAL-05,DHL Global Express,1,211240.65,212468.7,0.0058,1.3279,758.53,575.96,1,0,269,347,0,3,1,1,NORMAL,0
INV-SYN-11628,TXN-SYN-11628,SUPP-PREC-04,BUYER-GLOBAL-05,Maersk Ocean Freight,1,96611.57,97437.49,0.0085,1.0257,926.14,813.76,0,0,263,348,0,10,0,0,NORMAL,0
INV-SYN-11629,TXN-SYN-11629,SUPP-IND-05,BUYER-GLOBAL-05,Maersk Ocean Freight,1,194110.95,192094.77,-0.0104,1.2006,847.01,734.92,1,0,270,349,0,1,0,1,NORMAL,0
INV-SYN-11630,TXN-SYN-11630,SUPP-NEXUS-02,BUYER-OMEGA-01,DB Schenker,1,95300.57,95190.39,-0.0012,1.1199,789.31,734.6,0,0,228,403,0,1,0,1,NORMAL,0
INV-SYN-11631,TXN-SYN-11631,SUPP-GLOBAL-01,BUYER-OMEGA-01,FedEx International,1,94609.3,94417.25,-0.002,0.7868,614.64,552.93,0,0,244,404,0,10,0,0,NORMAL,0
INV-SYN-11632,TXN-SYN-11632,SUPP-PACIFIC-08,BUYER-GLOBAL-05,Maersk Ocean Freight,1,62933.44,62182.9,-0.0119,0.8291,407.99,366.11,0,0,266,350,0,14,0,0,NORMAL,0
INV-SYN-11633,TXN-SYN-11633,SUPP-TITAN-03,BUYER-OMEGA-01,Maersk Ocean Freight,1,352097.26,349847.46,-0.0064,1.2495,448.35,361.38,1,0,297,405,0,15,0,0,NORMAL,0
INV-SYN-11634,TXN-SYN-11634,SUPP-NEXUS-02,BUYER-VORTEX-02,Kuehne+Nagel Logistics,1,77886.02,78398.74,0.0066,0.9223,840.24,676.71,0,0,229,390,0,1,0,1,NORMAL,0
INV-SYN-11635,TXN-SYN-11635,SUPP-IND-05,BUYER-OMEGA-01,DHL Global Express,1,143854.06,142816.51,-0.0072,0.8926,418.48,249.63,1,0,271,406,0,8,0,0,NORMAL,0
INV-SYN-11636,TXN-SYN-11636,SUPP-IND-05,BUYER-GLOBAL-05,DHL Global Express,1,121795.1,119906.13,-0.0155,0.7494,580.91,410.09,1,0,272,351,0,0,0,1,NORMAL,0
INV-SYN-11637,TXN-SYN-11637,SUPP-GLOBAL-01,BUYER-OMEGA-01,DB Schenker,1,132707.97,130759.78,-0.0147,1.0897,904.52,808.79,0,0,245,407,0,5,0,1,NORMAL,0
INV-SYN-11638,TXN-SYN-11638,SUPP-GLOBAL-01,BUYER-APEX-06,Kuehne+Nagel Logistics,1,181875.75,181539.67,-0.0018,1.5128,410.28,244.04,0,0,246,372,0,15,0,0,NORMAL,0
INV-SYN-11639,TXN-SYN-11639,SUPP-TITAN-03,BUYER-VORTEX-02,Maersk Ocean Freight,1,205272.7,204334.13,-0.0046,0.7298,604.33,481.32,1,0,298,391,0,10,0,0,NORMAL,0
INV-SYN-11640,TXN-SYN-11640,SUPP-NEXUS-02,BUYER-GLOBAL-05,Kuehne+Nagel Logistics,1,85514.66,86146.34,0.0074,1.0135,432.06,275.02,0,0,230,352,0,8,1,0,NORMAL,0
INV-SYN-11641,TXN-SYN-11641,SUPP-TITAN-03,BUYER-APEX-06,Maersk Ocean Freight,1,378855.44,376390.38,-0.0065,1.3443,862.54,757.56,1,0,299,373,0,2,0,1,NORMAL,0
INV-SYN-11642,TXN-SYN-11642,SUPP-SUSP-06,BUYER-QUICK-04,Unregistered Logistics,1,750000.0,750000.0,0.0,1.9231,84.57,37.85,6,5,31,69,1,4,0,1,OFF_HOURS_ROUND_SUM,1
INV-SYN-11643,TXN-SYN-11643,SUPP-IND-05,BUYER-STEEL-03,Kuehne+Nagel Logistics,1,178094.87,438608.4,1.4628,2.7413,600.73,474.74,1,1,273,52,0,19,0,0,AMOUNT_INFLATION,1
INV-SYN-11644,TXN-SYN-11644,SUPP-GLOBAL-01,BUYER-VORTEX-02,FedEx International,1,88128.19,86382.17,-0.0198,0.7199,763.12,720.97,0,0,247,392,0,17,1,0,NORMAL,0
INV-SYN-11645,TXN-SYN-11645,SUPP-TITAN-03,BUYER-VORTEX-02,FedEx International,1,309981.5,311950.57,0.0064,1.1141,366.03,318.68,1,0,300,393,0,4,1,1,NORMAL,0
INV-SYN-11646,TXN-SYN-11646,SUPP-GLOBAL-01,BUYER-GLOBAL-05,Maersk Ocean Freight,1,114385.67,112335.57,-0.0179,0.9361,565.19,528.32,0,0,248,353,0,20,0,0,NORMAL,0
INV-SYN-11647,TXN-SYN-11647,SUPP-PHANTOM-07,BUYER-STEEL-03,Unregistered Logistics,1,300000.0,300000.0,0.0,0.6667,36.25,5.53,8,1,37,53,1,2,0,1,OFF_HOURS_ROUND_SUM,1
INV-SYN-11648,TXN-SYN-11648,SUPP-IND-05,BUYER-APEX-06,FedEx International,1,207495.44,209340.67,0.0089,1.3084,637.54,493.84,1,0,274,374,0,16,0,0,NORMAL,0
INV-SYN-11649,TXN-SYN-11649,SUPP-PACIFIC-08,BUYER-APEX-06,DHL Global Express,1,123554.32,122168.05,-0.0112,1.6289,418.31,317.84,0,0,267,375,0,5,0,1,NORMAL,0
INV-SYN-11650,TXN-SYN-11650,SUPP-IND-05,BUYER-VORTEX-02,DHL Global Express,1,183185.33,181103.87,-0.0114,1.1319,739.65,555.5,1,0,275,394,0,13,0,0,NORMAL,0
INV-SYN-11651,TXN-SYN-11651,SUPP-NEXUS-02,BUYER-OMEGA-01,FedEx International,1,91923.17,90609.84,-0.0143,1.066,649.76,603.95,0,0,231,408,0,9,0,0,NORMAL,0
INV-SYN-11652,TXN-SYN-11652,SUPP-PACIFIC-08,BUYER-OMEGA-01,DHL Global Express,1,78644.71,78544.2,-0.0013,1.0473,816.49,771.29,0,0,268,409,0,21,0,0,NORMAL,0
INV-SYN-11653,TXN-SYN-11653,SUPP-IND-05,BUYER-VORTEX-02,DB Schenker,1,145873.35,145098.2,-0.0053,0.9069,585.73,517.91,1,0,276,395,0,0,1,1,NORMAL,0
INV-SYN-11654,TXN-SYN-11654,SUPP-GLOBAL-01,BUYER-VORTEX-02,Kuehne+Nagel Logistics,1,130154.52,129129.0,-0.0079,1.0761,492.33,346.16,0,0,249,396,0,23,0,1,NORMAL,0
INV-SYN-11655,TXN-SYN-11655,SUPP-NEXUS-02,BUYER-GLOBAL-05,Maersk Ocean Freight,1,78722.72,77906.01,-0.0104,0.9165,729.73,577.22,0,0,232,354,0,23,0,1,NORMAL,0
INV-SYN-11656,TXN-SYN-11656,SUPP-TITAN-03,BUYER-APEX-06,DHL Global Express,1,291792.27,287311.11,-0.0154,1.0261,560.37,435.26,1,0,301,376,0,22,0,0,NORMAL,0
INV-SYN-11657,TXN-SYN-11657,SUPP-IND-05,BUYER-OMEGA-01,Kuehne+Nagel Logistics,1,212703.9,213398.49,0.0033,1.3337,609.93,469.45,1,0,277,410,0,15,0,0,NORMAL,0
INV-SYN-11658,TXN-SYN-11658,SUPP-IND-05,BUYER-QUICK-04,None,0,191916.83,191916.83,0.0,1.1995,4.82,-1.0,1,5,278,70,0,4,0,1,RAPID_GHOST_SETTLEMENT,1
INV-SYN-11659,TXN-SYN-11659,SUPP-IND-05,BUYER-STEEL-03,None,0,359391.92,359391.92,0.0,2.2462,3.45,-1.0,1,1,279,54,0,13,0,0,RAPID_GHOST_SETTLEMENT,1
INV-SYN-11660,TXN-SYN-11660,SUPP-NEXUS-02,BUYER-OMEGA-01,DB Schenker,1,112988.7,111313.79,-0.0148,1.3096,911.74,785.78,0,0,233,411,0,6,1,0,NORMAL,0
INV-SYN-11661,TXN-SYN-11661,SUPP-NEXUS-02,BUYER-APEX-06,Maersk Ocean Freight,1,82491.04,83205.43,0.0087,0.9789,784.67,634.35,0,0,234,377,0,1,0,1,NORMAL,0
INV-SYN-11662,TXN-SYN-11662,SUPP-SUSP-06,BUYER-STEEL-03,None,0,243103.81,243103.81,0.0,0.6233,2.14,-1.0,6,1,32,55,0,2,0,1,RAPID_GHOST_SETTLEMENT,1
INV-SYN-11663,TXN-SYN-11663,SUPP-NEXUS-02,BUYER-VORTEX-02,DHL Global Express,1,72083.78,72674.21,0.0082,0.855,611.08,533.46,0,0,235,397,0,16,0,0,NORMAL,0
INV-SYN-11664,TXN-SYN-11664,SUPP-PACIFIC-08,BUYER-APEX-06,Kuehne+Nagel Logistics,1,99318.65,99961.76,0.0065,1.3328,484.05,413.91,0,0,269,378,0,13,0,0,NORMAL,0
INV-SYN-11665,TXN-SYN-11665,SUPP-GLOBAL-01,BUYER-GLOBAL-05,Kuehne+Nagel Logistics,1,119313.96,117836.48,-0.0124,0.982,769.21,606.73,0,0,250,355,0,8,0,0,NORMAL,0
INV-SYN-11666,TXN-SYN-11666,SUPP-PACIFIC-08,BUYER-OMEGA-01,DB Schenker,1,56263.08,55892.01,-0.0066,0.7452,667.96,503.28,0,0,270,412,0,14,0,0,NORMAL,0
INV-SYN-11667,TXN-SYN-11667,SUPP-NEXUS-02,BUYER-VORTEX-02,DB Schenker,1,74273.53,73149.23,-0.0151,0.8606,608.76,521.11,0,0,236,398,0,8,1,0,NORMAL,0
INV-SYN-11668,TXN-SYN-11668,SUPP-IND-05,BUYER-APEX-06,Maersk Ocean Freight,1,193624.8,190996.75,-0.0136,1.1937,469.4,322.97,1,0,280,379,0,0,0,1,NORMAL,0
INV-SYN-11669,TXN-SYN-11669,SUPP-IND-05,BUYER-VORTEX-02,DHL Global Express,1,181869.34,178385.15,-0.0192,1.1149,462.16,320.83,1,0,281,399,0,3,0,1,NORMAL,0
INV-SYN-11670,TXN-SYN-11670,SUPP-TITAN-03,BUYER-APEX-06,FedEx International,1,263274.75,263744.24,0.0018,0.9419,388.43,343.96,1,0,302,380,0,6,1,0,NORMAL,0
INV-SYN-11671,TXN-SYN-11671,SUPP-GLOBAL-01,BUYER-GLOBAL-05,Kuehne+Nagel Logistics,1,108995.27,108414.15,-0.0053,0.9035,713.66,551.17,0,0,251,356,0,0,0,1,NORMAL,0
INV-SYN-11672,TXN-SYN-11672,SUPP-IND-05,BUYER-APEX-06,Maersk Ocean Freight,1,144329.67,142354.89,-0.0137,0.8897,791.85,640.41,1,0,282,381,0,22,1,0,NORMAL,0
INV-SYN-11673,TXN-SYN-11673,SUPP-TITAN-03,BUYER-VORTEX-02,DHL Global Express,1,215431.29,214580.27,-0.004,0.7664,541.39,361.2,1,0,303,400,0,18,1,0,NORMAL,0
INV-SYN-11674,TXN-SYN-11674,SUPP-TITAN-03,BUYER-GLOBAL-05,DB Schenker,1,393076.3,389788.43,-0.0084,1.3921,801.9,753.11,1,0,304,357,0,8,0,0,NORMAL,0
INV-SYN-11675,TXN-SYN-11675,SUPP-IND-05,BUYER-GLOBAL-05,FedEx International,1,147107.18,144458.11,-0.018,0.9029,978.75,812.46,1,0,283,358,0,5,0,1,NORMAL,0
INV-SYN-11676,TXN-SYN-11676,SUPP-NEXUS-02,BUYER-STEEL-03,None,0,182422.67,182422.67,0.0,2.1461,3.78,-1.0,0,1,237,56,0,15,1,0,RAPID_GHOST_SETTLEMENT,1
INV-SYN-11677,TXN-SYN-11677,SUPP-IND-05,BUYER-GLOBAL-05,Maersk Ocean Freight,1,220852.64,217048.29,-0.0172,1.3566,699.27,632.25,1,0,284,359,0,0,1,1,NORMAL,0
INV-SYN-11678,TXN-SYN-11678,SUPP-PACIFIC-08,BUYER-VORTEX-02,DB Schenker,1,93718.33,94158.57,0.0047,1.2554,667.57,489.35,0,0,271,401,0,18,0,0,NORMAL,0
INV-SYN-11679,TXN-SYN-11679,SUPP-PREC-04,BUYER-OMEGA-01,DHL Global Express,1,84749.02,84562.96,-0.0022,0.8901,377.61,327.11,0,0,264,413,0,16,1,0,NORMAL,0
INV-SYN-11680,TXN-SYN-11680,SUPP-GLOBAL-01,BUYER-VORTEX-02,Kuehne+Nagel Logistics,1,132111.9,129927.67,-0.0165,1.0827,546.62,486.07,0,0,252,402,0,6,0,0,NORMAL,0
INV-SYN-11681,TXN-SYN-11681,SUPP-PACIFIC-08,BUYER-VORTEX-02,DHL Global Express,1,74546.33,74410.29,-0.0018,0.9921,461.94,309.56,0,0,272,403,0,11,0,0,NORMAL,0
INV-SYN-11682,TXN-SYN-11682,SUPP-PREC-04,BUYER-APEX-06,DB Schenker,1,73537.08,74081.15,0.0074,0.7798,715.53,673.0,0,0,265,382,0,13,0,0,NORMAL,0
INV-SYN-11683,TXN-SYN-11683,SUPP-PREC-04,BUYER-VORTEX-02,Kuehne+Nagel Logistics,1,102703.53,102688.28,-0.0001,1.0809,979.82,799.44,0,0,266,404,0,13,1,0,NORMAL,0
INV-SYN-11684,TXN-SYN-11684,SUPP-IND-05,BUYER-STEEL-03,Unregistered Logistics,1,250000.0,250000.0,0.0,1.5625,68.43,32.66,1,1,285,57,1,4,0,1,OFF_HOURS_ROUND_SUM,1
INV-SYN-11685,TXN-SYN-11685,SUPP-PACIFIC-08,BUYER-GLOBAL-05,Maersk Ocean Freight,1,97268.99,95626.01,-0.0169,1.275,500.92,345.68,0,0,273,360,0,14,0,0,NORMAL,0
INV-SYN-11686,TXN-SYN-11686,SUPP-GLOBAL-01,BUYER-GLOBAL-05,DB Schenker,1,106061.48,105716.95,-0.0032,0.881,421.95,324.37,0,0,253,361,0,4,0,1,NORMAL,0
INV-SYN-11687,TXN-SYN-11687,SUPP-TITAN-03,BUYER-OMEGA-01,DB Schenker,1,294081.18,291081.31,-0.0102,1.0396,469.03,412.03,1,0,305,414,0,3,0,1,NORMAL,0
INV-SYN-11688,TXN-SYN-11688,SUPP-IND-05,BUYER-STEEL-03,None,0,750000.0,750000.0,0.0,4.6875,66.3,25.83,1,1,286,58,1,3,0,1,OFF_HOURS_ROUND_SUM,1
INV-SYN-11689,TXN-SYN-11689,SUPP-SUSP-06,BUYER-QUICK-04,FedEx International,1,364756.77,588422.97,0.6132,1.5088,310.72,219.17,6,5,33,71,0,23,0,1,AMOUNT_INFLATION,1
INV-SYN-11690,TXN-SYN-11690,SUPP-PREC-04,BUYER-GLOBAL-05,FedEx International,1,108933.98,108518.85,-0.0038,1.1423,463.64,367.21,0,0,267,362,0,11,0,0,NORMAL,0
INV-SYN-11691,TXN-SYN-11691,SUPP-GLOBAL-01,BUYER-GLOBAL-05,DHL Global Express,1,105752.89,106455.41,0.0066,0.8871,481.96,324.51,0,0,254,363,0,19,1,0,NORMAL,0
INV-SYN-11692,TXN-SYN-11692,SUPP-PREC-04,BUYER-OMEGA-01,FedEx International,1,115693.31,114635.26,-0.0091,1.2067,635.78,574.52,0,0,268,415,0,22,0,0,NORMAL,0
INV-SYN-11693,TXN-SYN-11693,SUPP-TITAN-03,BUYER-OMEGA-01,DHL Global Express,1,185781.42,185518.12,-0.0014,0.6626,603.86,498.73,1,0,306,416,0,7,1,0,NORMAL,0
INV-SYN-11694,TXN-SYN-11694,SUPP-IND-05,BUYER-OMEGA-01,DB Schenker,1,165055.18,162397.73,-0.0161,1.015,800.22,630.06,1,0,287,417,0,8,1,0,NORMAL,0
INV-SYN-11695,TXN-SYN-11695,SUPP-SUSP-06,BUYER-STEEL-03,Maersk Ocean Freight,1,579045.58,929433.27,0.6051,2.3832,247.85,131.66,6,1,34,59,0,15,0,0,AMOUNT_INFLATION,1
INV-SYN-11696,TXN-SYN-11696,SUPP-GLOBAL-01,BUYER-OMEGA-01,Kuehne+Nagel Logistics,1,89990.06,89170.75,-0.0091,0.7431,755.85,578.66,0,0,255,418,0,22,0,0,NORMAL,0
INV-SYN-11697,TXN-SYN-11697,SUPP-PACIFIC-08,BUYER-APEX-06,DHL Global Express,1,62292.28,62715.32,0.0068,0.8362,546.62,462.53,0,0,274,383,0,3,0,1,NORMAL,0
INV-SYN-11698,TXN-SYN-11698,SUPP-IND-05,BUYER-GLOBAL-05,FedEx International,1,180556.31,179248.2,-0.0072,1.1203,453.68,390.77,1,0,288,364,0,2,1,1,NORMAL,0
INV-SYN-11699,TXN-SYN-11699,SUPP-TITAN-03,BUYER-STEEL-03,DHL Global Express,1,292570.72,432169.16,0.4771,1.5435,508.29,407.01,1,1,307,60,0,20,1,0,AMOUNT_INFLATION,1
INV-SYN-11700,TXN-SYN-11700,SUPP-IND-05,BUYER-OMEGA-01,Kuehne+Nagel Logistics,1,174025.2,170683.81,-0.0192,1.0668,750.5,572.31,1,0,289,419,0,12,1,0,NORMAL,0
INV-SYN-11701,TXN-SYN-11701,SUPP-GLOBAL-01,BUYER-APEX-06,FedEx International,1,134675.61,135066.62,0.0029,1.1256,544.32,494.28,0,0,256,384,0,6,0,0,NORMAL,0
INV-SYN-11702,TXN-SYN-11702,SUPP-GLOBAL-01,BUYER-OMEGA-01,Kuehne+Nagel Logistics,1,139041.64,139649.26,0.0044,1.1637,444.99,304.44,0,0,257,420,0,23,1,1,NORMAL,0
INV-SYN-11703,TXN-SYN-11703,SUPP-IND-05,BUYER-OMEGA-01,DHL Global Express,1,204387.99,200963.56,-0.0168,1.256,607.54,518.07,1,0,290,421,0,14,1,0,NORMAL,0
INV-SYN-11704,TXN-SYN-11704,SUPP-NEXUS-02,BUYER-OMEGA-01,FedEx International,1,93708.65,92120.29,-0.0169,1.0838,483.69,439.28,0,0,238,422,0,2,1,1,NORMAL,0
INV-SYN-11705,TXN-SYN-11705,SUPP-GLOBAL-01,BUYER-GLOBAL-05,Maersk Ocean Freight,1,112762.27,112302.29,-0.0041,0.9359,438.68,359.7,0,0,258,365,0,14,1,0,NORMAL,0
INV-SYN-11706,TXN-SYN-11706,SUPP-PREC-04,BUYER-VORTEX-02,Kuehne+Nagel Logistics,1,110973.63,109408.53,-0.0141,1.1517,387.75,349.04,0,0,269,405,0,3,0,1,NORMAL,0
INV-SYN-11707,TXN-SYN-11707,SUPP-IND-05,BUYER-GLOBAL-05,Kuehne+Nagel Logistics,1,235995.28,236255.4,0.0011,1.4766,386.81,257.81,1,0,291,366,0,17,0,0,NORMAL,0
INV-SYN-11708,TXN-SYN-11708,SUPP-GLOBAL-01,BUYER-OMEGA-01,FedEx International,1,116020.99,117180.36,0.01,0.9765,765.55,604.18,0,0,259,423,0,11,0,0,NORMAL,0
INV-SYN-11709,TXN-SYN-11709,SUPP-NEXUS-02,BUYER-APEX-06,Kuehne+Nagel Logistics,1,64291.25,64622.34,0.0051,0.7603,908.7,733.92,0,0,239,385,0,1,1,1,NORMAL,0
INV-SYN-11710,TXN-SYN-11710,SUPP-GLOBAL-01,BUYER-GLOBAL-05,Kuehne+Nagel Logistics,1,153212.42,152559.5,-0.0043,1.2713,416.98,251.39,0,0,260,367,0,16,1,0,NORMAL,0
INV-SYN-11711,TXN-SYN-11711,SUPP-GLOBAL-01,BUYER-GLOBAL-05,Maersk Ocean Freight,1,116388.57,115546.72,-0.0072,0.9629,700.56,616.1,0,0,261,368,0,3,0,1,NORMAL,0
INV-SYN-11712,TXN-SYN-11712,SUPP-GLOBAL-01,BUYER-OMEGA-01,Kuehne+Nagel Logistics,1,54819.91,53806.69,-0.0185,0.4484,442.4,314.59,0,0,262,424,0,2,0,1,NORMAL,0
INV-SYN-11713,TXN-SYN-11713,SUPP-TITAN-03,BUYER-OMEGA-01,DB Schenker,1,339319.52,339201.81,-0.0003,1.2114,828.31,700.96,1,0,308,425,0,10,1,0,NORMAL,0
INV-SYN-11714,TXN-SYN-11714,SUPP-IND-05,BUYER-OMEGA-01,Maersk Ocean Freight,1,138586.87,138155.54,-0.0031,0.8635,729.69,584.5,1,0,292,426,0,19,1,0,NORMAL,0
INV-SYN-11715,TXN-SYN-11715,SUPP-TITAN-03,BUYER-VORTEX-02,FedEx International,1,273662.67,273999.79,0.0012,0.9786,350.78,265.38,1,0,309,406,0,12,1,0,NORMAL,0
INV-SYN-11716,TXN-SYN-11716,SUPP-IND-05,BUYER-OMEGA-01,Kuehne+Nagel Logistics,1,173279.21,171360.81,-0.0111,1.071,963.06,797.56,1,0,293,427,0,16,0,0,NORMAL,0
INV-SYN-11717,TXN-SYN-11717,SUPP-PREC-04,BUYER-APEX-06,DB Schenker,1,99524.37,99468.72,-0.0006,1.047,570.4,503.41,0,0,270,386,0,2,0,1,NORMAL,0
INV-SYN-11718,TXN-SYN-11718,SUPP-GLOBAL-01,BUYER-APEX-06,Kuehne+Nagel Logistics,1,141283.55,140816.79,-0.0033,1.1735,866.49,784.85,0,0,263,387,0,20,1,0,NORMAL,0
INV-SYN-11719,TXN-SYN-11719,SUPP-GLOBAL-01,BUYER-VORTEX-02,Kuehne+Nagel Logistics,1,106935.41,105716.31,-0.0114,0.881,626.27,582.61,0,0,264,407,0,5,1,1,NORMAL,0
INV-SYN-11720,TXN-SYN-11720,SUPP-NEXUS-02,BUYER-VORTEX-02,FedEx International,1,95903.5,96178.35,0.0029,1.1315,786.34,682.18,0,0,240,408,0,19,0,0,NORMAL,0
INV-SYN-11721,TXN-SYN-11721,SUPP-IND-05,BUYER-GLOBAL-05,Kuehne+Nagel Logistics,1,149618.13,150719.18,0.0074,0.942,915.53,724.21,1,0,294,369,0,5,1,1,NORMAL,0
INV-SYN-11722,TXN-SYN-11722,SUPP-GLOBAL-01,BUYER-GLOBAL-05,FedEx International,1,142164.31,141158.3,-0.0071,1.1763,445.92,255.78,0,0,265,370,0,2,1,1,NORMAL,0
INV-SYN-11723,TXN-SYN-11723,SUPP-PREC-04,BUYER-OMEGA-01,FedEx International,1,109614.98,110118.6,0.0046,1.1591,423.74,303.41,0,0,271,428,0,9,0,0,NORMAL,0
INV-SYN-11724,TXN-SYN-11724,SUPP-PREC-04,BUYER-OMEGA-01,Maersk Ocean Freight,1,72783.33,72770.42,-0.0002,0.766,435.89,297.05,0,0,272,429,0,15,1,0,NORMAL,0
INV-SYN-11725,TXN-SYN-11725,SUPP-IND-05,BUYER-OMEGA-01,DB Schenker,1,203439.28,203547.18,0.0005,1.2722,700.92,547.77,1,0,295,430,0,13,0,0,NORMAL,0
INV-SYN-11726,TXN-SYN-11726,SUPP-IND-05,BUYER-APEX-06,Kuehne+Nagel Logistics,1,138561.46,139520.78,0.0069,0.872,866.54,817.51,1,0,296,388,0,21,1,0,NORMAL,0
INV-SYN-11727,TXN-SYN-11727,SUPP-PACIFIC-08,BUYER-GLOBAL-05,DHL Global Express,1,90151.08,89722.55,-0.0048,1.1963,985.49,822.3,0,0,275,371,0,9,1,0,NORMAL,0
INV-SYN-11728,TXN-SYN-11728,SUPP-PREC-04,BUYER-GLOBAL-05,Kuehne+Nagel Logistics,1,103723.07,102078.77,-0.0159,1.0745,962.3,808.08,0,0,273,372,0,15,0,0,NORMAL,0
INV-SYN-11729,TXN-SYN-11729,SUPP-TITAN-03,BUYER-VORTEX-02,Kuehne+Nagel Logistics,1,408672.86,405898.22,-0.0068,1.4496,914.57,799.5,1,0,310,409,0,19,1,0,NORMAL,0
INV-SYN-11730,TXN-SYN-11730,SUPP-IND-05,BUYER-VORTEX-02,Kuehne+Nagel Logistics,1,151061.36,148156.57,-0.0192,0.926,644.84,524.58,1,0,297,410,0,12,1,0,NORMAL,0
INV-SYN-11731,TXN-SYN-11731,SUPP-PREC-04,BUYER-OMEGA-01,DB Schenker,1,86703.73,85437.41,-0.0146,0.8993,356.55,291.08,0,0,274,431,0,17,0,0,NORMAL,0
INV-SYN-11732,TXN-SYN-11732,SUPP-IND-05,BUYER-APEX-06,FedEx International,1,159223.22,159133.83,-0.0006,0.9946,595.65,546.54,1,0,298,389,0,13,1,0,NORMAL,0
INV-SYN-11733,TXN-SYN-11733,SUPP-PREC-04,BUYER-GLOBAL-05,DB Schenker,1,87799.48,87623.62,-0.002,0.9224,432.32,330.26,0,0,275,373,0,17,1,0,NORMAL,0
INV-SYN-11734,TXN-SYN-11734,SUPP-PACIFIC-08,BUYER-APEX-06,Kuehne+Nagel Logistics,1,89998.91,90896.33,0.01,1.212,819.86,638.75,0,0,276,390,0,22,1,0,NORMAL,0
INV-SYN-11735,TXN-SYN-11735,SUPP-GLOBAL-01,BUYER-GLOBAL-05,Maersk Ocean Freight,1,71510.68,70841.29,-0.0094,0.5903,930.12,782.83,0,0,266,374,0,9,0,0,NORMAL,0
INV-SYN-11736,TXN-SYN-11736,SUPP-GLOBAL-01,BUYER-APEX-06,DB Schenker,1,88389.53,87754.41,-0.0072,0.7313,738.52,625.4,0,0,267,391,0,20,0,0,NORMAL,0
INV-SYN-11737,TXN-SYN-11737,SUPP-SUSP-06,BUYER-APEX-06,None,0,381180.33,381180.33,0.0,0.9774,2.2,-1.0,6,0,35,392,0,3,0,1,RAPID_GHOST_SETTLEMENT,1
INV-SYN-11738,TXN-SYN-11738,SUPP-GLOBAL-01,BUYER-APEX-06,Kuehne+Nagel Logistics,1,148509.23,149366.1,0.0058,1.2447,487.78,349.04,0,0,268,393,0,9,0,0,NORMAL,0
INV-SYN-11739,TXN-SYN-11739,SUPP-PACIFIC-08,BUYER-OMEGA-01,Maersk Ocean Freight,1,107074.0,107907.77,0.0078,1.4388,886.57,741.05,0,0,277,432,0,1,1,1,NORMAL,0
INV-SYN-11740,TXN-SYN-11740,SUPP-PREC-04,BUYER-APEX-06,Kuehne+Nagel Logistics,1,92519.33,92668.35,0.0016,0.9755,437.32,255.37,0,0,276,394,0,19,0,0,NORMAL,0
INV-SYN-11741,TXN-SYN-11741,SUPP-PREC-04,BUYER-GLOBAL-05,Maersk Ocean Freight,1,90990.48,90382.52,-0.0067,0.9514,361.19,301.33,0,0,277,375,0,7,0,0,NORMAL,0
INV-SYN-11742,TXN-SYN-11742,SUPP-NEXUS-02,BUYER-VORTEX-02,Kuehne+Nagel Logistics,1,86488.61,85681.42,-0.0093,1.008,559.7,405.13,0,0,241,411,0,12,0,0,NORMAL,0
INV-SYN-11743,TXN-SYN-11743,SUPP-IND-05,BUYER-VORTEX-02,FedEx International,1,206475.13,208339.57,0.009,1.3021,585.33,399.55,1,0,299,412,0,21,1,0,NORMAL,0
INV-SYN-11744,TXN-SYN-11744,SUPP-PREC-04,BUYER-VORTEX-02,Maersk Ocean Freight,1,72975.36,73443.13,0.0064,0.7731,534.56,477.11,0,0,278,413,0,5,1,1,NORMAL,0
INV-SYN-11745,TXN-SYN-11745,SUPP-NEXUS-02,BUYER-APEX-06,DHL Global Express,1,90065.34,88448.17,-0.018,1.0406,332.95,293.51,0,0,242,395,0,6,1,0,NORMAL,0
INV-SYN-11746,TXN-SYN-11746,SUPP-GLOBAL-01,BUYER-VORTEX-02,FedEx International,1,149255.93,146776.55,-0.0166,1.2231,630.43,454.65,0,0,269,414,0,21,0,0,NORMAL,0
INV-SYN-11747,TXN-SYN-11747,SUPP-IND-05,BUYER-VORTEX-02,DHL Global Express,1,180043.77,181158.96,0.0062,1.1322,527.09,379.59,1,0,300,415,0,12,0,0,NORMAL,0
INV-SYN-11748,TXN-SYN-11748,SUPP-PREC-04,BUYER-APEX-06,DHL Global Express,1,99502.56,98532.6,-0.0097,1.0372,980.05,791.01,0,0,279,396,0,4,0,1,NORMAL,0
INV-SYN-11749,TXN-SYN-11749,SUPP-TITAN-03,BUYER-OMEGA-01,FedEx International,1,350073.23,351260.95,0.0034,1.2545,601.44,456.19,1,0,311,433,0,17,1,0,NORMAL,0
INV-SYN-11750,TXN-SYN-11750,SUPP-IND-05,BUYER-QUICK-04,FedEx International,1,51870.71,95610.97,0.8433,0.5976,481.35,370.93,1,5,301,72,0,15,1,0,AMOUNT_INFLATION,1
INV-SYN-11751,TXN-SYN-11751,SUPP-TITAN-03,BUYER-OMEGA-01,Kuehne+Nagel Logistics,1,327451.27,324992.68,-0.0075,1.1607,861.2,693.36,1,0,312,434,0,13,0,0,NORMAL,0
INV-SYN-11752,TXN-SYN-11752,SUPP-PREC-04,BUYER-OMEGA-01,DB Schenker,1,79465.7,78178.62,-0.0162,0.8229,660.3,583.94,0,0,280,435,0,22,1,0,NORMAL,0
INV-SYN-11753,TXN-SYN-11753,SUPP-IND-05,BUYER-OMEGA-01,Kuehne+Nagel Logistics,1,86774.68,87528.99,0.0087,0.5471,666.83,517.04,1,0,302,436,0,8,0,0,NORMAL,0
INV-SYN-11754,TXN-SYN-11754,SUPP-IND-05,BUYER-VORTEX-02,DB Schenker,1,180448.1,177270.15,-0.0176,1.1079,826.93,748.67,1,0,303,416,0,2,1,1,NORMAL,0
INV-SYN-11755,TXN-SYN-11755,SUPP-GLOBAL-01,BUYER-VORTEX-02,Kuehne+Nagel Logistics,1,161209.76,160996.39,-0.0013,1.3416,987.69,808.31,0,0,270,417,0,22,1,0,NORMAL,0
INV-SYN-11756,TXN-SYN-11756,SUPP-IND-05,BUYER-APEX-06,FedEx International,1,154502.06,153907.55,-0.0038,0.9619,820.87,659.33,1,0,304,397,0,10,1,0,NORMAL,0
INV-SYN-11757,TXN-SYN-11757,SUPP-IND-05,BUYER-APEX-06,DB Schenker,1,198114.98,197418.92,-0.0035,1.2339,553.31,468.7,1,0,305,398,0,11,0,0,NORMAL,0
INV-SYN-11758,TXN-SYN-11758,SUPP-TITAN-03,BUYER-OMEGA-01,DHL Global Express,1,392859.48,391936.48,-0.0023,1.3998,495.1,306.39,1,0,313,437,0,17,0,0,NORMAL,0
INV-SYN-11759,TXN-SYN-11759,SUPP-IND-05,BUYER-QUICK-04,None,0,337580.75,337580.75,0.0,2.1099,2.22,-1.0,1,5,306,73,0,13,0,0,RAPID_GHOST_SETTLEMENT,1
INV-SYN-11760,TXN-SYN-11760,SUPP-PACIFIC-08,BUYER-OMEGA-01,DHL Global Express,1,105749.33,103857.63,-0.0179,1.3848,424.5,376.24,0,0,278,438,0,16,1,0,NORMAL,0
INV-SYN-11761,TXN-SYN-11761,SUPP-IND-05,BUYER-APEX-06,FedEx International,1,189685.1,187680.44,-0.0106,1.173,400.09,300.0,1,0,307,399,0,20,0,0,NORMAL,0
INV-SYN-11762,TXN-SYN-11762,SUPP-IND-05,BUYER-GLOBAL-05,DHL Global Express,1,163017.35,162688.84,-0.002,1.0168,364.61,269.49,1,0,308,376,0,11,1,0,NORMAL,0
INV-SYN-11763,TXN-SYN-11763,SUPP-IND-05,BUYER-GLOBAL-05,Maersk Ocean Freight,1,95921.37,94862.53,-0.011,0.5929,534.88,347.36,1,0,309,377,0,9,1,0,NORMAL,0
INV-SYN-11764,TXN-SYN-11764,SUPP-TITAN-03,BUYER-APEX-06,DB Schenker,1,262775.63,262899.73,0.0005,0.9389,686.77,608.03,1,0,314,400,0,5,0,1,NORMAL,0
INV-SYN-11765,TXN-SYN-11765,SUPP-PREC-04,BUYER-APEX-06,FedEx International,1,74972.89,74208.63,-0.0102,0.7811,352.6,248.61,0,0,281,401,0,16,0,0,NORMAL,0
INV-SYN-11766,TXN-SYN-11766,SUPP-TITAN-03,BUYER-GLOBAL-05,Maersk Ocean Freight,1,431965.99,428046.17,-0.0091,1.5287,716.49,562.51,1,0,315,378,0,22,0,0,NORMAL,0
INV-SYN-11767,TXN-SYN-11767,SUPP-GLOBAL-01,BUYER-APEX-06,FedEx International,1,114723.43,113490.8,-0.0107,0.9458,441.13,355.37,0,0,271,402,0,6,0,0,NORMAL,0
INV-SYN-11768,TXN-SYN-11768,SUPP-IND-05,BUYER-OMEGA-01,Maersk Ocean Freight,1,164928.19,162829.56,-0.0127,1.0177,877.39,719.36,1,0,310,439,0,11,0,0,NORMAL,0
INV-SYN-11769,TXN-SYN-11769,SUPP-PREC-04,BUYER-VORTEX-02,Maersk Ocean Freight,1,108097.78,106533.58,-0.0145,1.1214,373.84,272.52,0,0,282,418,0,5,0,1,NORMAL,0
INV-SYN-11770,TXN-SYN-11770,SUPP-PREC-04,BUYER-GLOBAL-05,DHL Global Express,1,96035.56,95114.65,-0.0096,1.0012,837.23,656.88,0,0,283,379,0,4,1,1,NORMAL,0
INV-SYN-11771,TXN-SYN-11771,SUPP-PACIFIC-08,BUYER-APEX-06,Maersk Ocean Freight,1,106782.21,105244.77,-0.0144,1.4033,411.91,348.63,0,0,279,403,0,0,0,1,NORMAL,0
INV-SYN-11772,TXN-SYN-11772,SUPP-PREC-04,BUYER-APEX-06,Maersk Ocean Freight,1,80212.08,79758.96,-0.0056,0.8396,619.18,480.74,0,0,284,404,0,20,0,0,NORMAL,0
INV-SYN-11773,TXN-SYN-11773,SUPP-TITAN-03,BUYER-OMEGA-01,DHL Global Express,1,293622.52,288663.14,-0.0169,1.0309,358.97,295.38,1,0,316,440,0,23,0,1,NORMAL,0
INV-SYN-11774,TXN-SYN-11774,SUPP-IND-05,BUYER-GLOBAL-05,DHL Global Express,1,130301.18,129716.4,-0.0045,0.8107,340.24,243.67,1,0,311,380,0,13,0,0,NORMAL,0
INV-SYN-11775,TXN-SYN-11775,SUPP-IND-05,BUYER-OMEGA-01,Kuehne+Nagel Logistics,1,107199.1,106948.71,-0.0023,0.6684,855.77,666.58,1,0,312,441,0,11,1,0,NORMAL,0
INV-SYN-11776,TXN-SYN-11776,SUPP-IND-05,BUYER-VORTEX-02,Maersk Ocean Freight,1,135529.24,133140.4,-0.0176,0.8321,632.6,506.45,1,0,313,419,0,11,0,0,NORMAL,0
INV-SYN-11777,TXN-SYN-11777,SUPP-GLOBAL-01,BUYER-GLOBAL-05,Maersk Ocean Freight,1,118888.9,120057.16,0.0098,1.0005,851.38,751.65,0,0,272,381,0,17,1,0,NORMAL,0
INV-SYN-11778,TXN-SYN-11778,SUPP-PACIFIC-08,BUYER-APEX-06,DHL Global Express,1,66950.58,67078.68,0.0019,0.8944,541.78,362.33,0,0,280,405,0,0,0,1,NORMAL,0
INV-SYN-11779,TXN-SYN-11779,SUPP-TITAN-03,BUYER-VORTEX-02,Kuehne+Nagel Logistics,1,231530.53,233043.57,0.0065,0.8323,536.81,447.43,1,0,317,420,0,19,0,0,NORMAL,0
INV-SYN-11780,TXN-SYN-11780,SUPP-IND-05,BUYER-APEX-06,Maersk Ocean Freight,1,103747.3,103329.06,-0.004,0.6458,932.17,824.22,1,0,314,406,0,0,1,1,NORMAL,0
INV-SYN-11781,TXN-SYN-11781,SUPP-PACIFIC-08,BUYER-VORTEX-02,Maersk Ocean Freight,1,73441.77,72556.2,-0.0121,0.9674,432.94,316.75,0,0,281,421,0,8,0,0,NORMAL,0
INV-SYN-11782,TXN-SYN-11782,SUPP-IND-05,BUYER-QUICK-04,Unregistered Logistics,1,100000.0,100000.0,0.0,0.625,28.83,-17.18,1,5,315,74,1,0,0,1,OFF_HOURS_ROUND_SUM,1
INV-SYN-11783,TXN-SYN-11783,SUPP-TITAN-03,BUYER-GLOBAL-05,FedEx International,1,333203.92,329923.92,-0.0098,1.1783,806.03,747.31,1,0,318,382,0,2,0,1,NORMAL,0
INV-SYN-11784,TXN-SYN-11784,SUPP-GLOBAL-01,BUYER-OMEGA-01,Kuehne+Nagel Logistics,1,122473.19,120734.86,-0.0142,1.0061,593.09,411.28,0,0,273,442,0,14,0,0,NORMAL,0
INV-SYN-11785,TXN-SYN-11785,SUPP-IND-05,BUYER-APEX-06,DHL Global Express,1,101697.94,101557.97,-0.0014,0.6347,673.68,510.45,1,0,316,407,0,18,1,0,NORMAL,0
INV-SYN-11786,TXN-SYN-11786,SUPP-PREC-04,BUYER-VORTEX-02,FedEx International,1,87656.28,86674.89,-0.0112,0.9124,669.65,533.57,0,0,285,422,0,9,0,0,NORMAL,0
INV-SYN-11787,TXN-SYN-11787,SUPP-GLOBAL-01,BUYER-VORTEX-02,FedEx International,1,97435.31,97109.16,-0.0033,0.8092,826.99,731.79,0,0,274,423,0,7,0,0,NORMAL,0
INV-SYN-11788,TXN-SYN-11788,SUPP-SUSP-06,BUYER-APEX-06,FedEx International,1,421119.51,862348.15,1.0478,2.2111,502.77,417.61,6,0,36,408,0,10,0,0,AMOUNT_INFLATION,1
INV-SYN-11789,TXN-SYN-11789,SUPP-IND-05,BUYER-STEEL-03,None,0,274869.94,274869.94,0.0,1.7179,4.52,-1.0,1,1,317,61,0,0,0,1,RAPID_GHOST_SETTLEMENT,1
INV-SYN-11790,TXN-SYN-11790,SUPP-TITAN-03,BUYER-VORTEX-02,DHL Global Express,1,148737.93,145815.89,-0.0196,0.5208,718.64,548.82,1,0,319,424,0,1,0,1,NORMAL,0
INV-SYN-11791,TXN-SYN-11791,SUPP-PACIFIC-08,BUYER-APEX-06,DHL Global Express,1,77156.74,76782.89,-0.0048,1.0238,861.75,745.54,0,0,282,409,0,3,0,1,NORMAL,0
INV-SYN-11792,TXN-SYN-11792,SUPP-TITAN-03,BUYER-VORTEX-02,Maersk Ocean Freight,1,268790.7,265466.24,-0.0124,0.9481,537.52,396.99,1,0,320,425,0,7,0,0,NORMAL,0
INV-SYN-11793,TXN-SYN-11793,SUPP-PREC-04,BUYER-OMEGA-01,Maersk Ocean Freight,1,110944.33,109425.28,-0.0137,1.1518,772.53,653.06,0,0,286,443,0,11,0,0,NORMAL,0
INV-SYN-11794,TXN-SYN-11794,SUPP-PREC-04,BUYER-VORTEX-02,Maersk Ocean Freight,1,100063.42,100416.48,0.0035,1.057,437.27,384.55,0,0,287,426,0,17,0,0,NORMAL,0
INV-SYN-11795,TXN-SYN-11795,SUPP-IND-05,BUYER-OMEGA-01,Maersk Ocean Freight,1,129921.23,129102.05,-0.0063,0.8069,878.84,764.48,1,0,318,444,0,9,1,0,NORMAL,0
INV-SYN-11796,TXN-SYN-11796,SUPP-PHANTOM-07,BUYER-GLOBAL-05,None,0,711997.81,711997.81,0.0,1.5822,3.94,-1.0,8,0,38,383,0,7,0,0,RAPID_GHOST_SETTLEMENT,1
INV-SYN-11797,TXN-SYN-11797,SUPP-IND-05,BUYER-OMEGA-01,FedEx International,1,128158.97,129383.98,0.0096,0.8086,853.58,742.51,1,0,319,445,0,4,0,1,NORMAL,0
INV-SYN-11798,TXN-SYN-11798,SUPP-GLOBAL-01,BUYER-GLOBAL-05,FedEx International,1,152280.21,152345.8,0.0004,1.2695,337.45,261.86,0,0,275,384,0,20,0,0,NORMAL,0
INV-SYN-11799,TXN-SYN-11799,SUPP-GLOBAL-01,BUYER-APEX-06,FedEx International,1,120639.35,118860.03,-0.0147,0.9905,795.61,738.98,0,0,276,410,0,3,1,1,NORMAL,0
INV-SYN-11800,TXN-SYN-11800,SUPP-PACIFIC-08,BUYER-VORTEX-02,DB Schenker,1,110647.33,108974.57,-0.0151,1.453,788.14,715.41,0,0,283,427,0,1,1,1,NORMAL,0
INV-SYN-11801,TXN-SYN-11801,SUPP-NEXUS-02,BUYER-OMEGA-01,Kuehne+Nagel Logistics,1,83710.96,83693.04,-0.0002,0.9846,905.97,791.97,0,0,243,446,0,3,1,1,NORMAL,0
INV-SYN-11802,TXN-SYN-11802,SUPP-IND-05,BUYER-GLOBAL-05,FedEx International,1,131663.73,285505.46,1.1684,1.7844,281.88,180.4,1,0,320,385,0,5,1,1,AMOUNT_INFLATION,1
INV-SYN-11803,TXN-SYN-11803,SUPP-GLOBAL-01,BUYER-OMEGA-01,DHL Global Express,1,74588.57,73130.15,-0.0196,0.6094,321.65,249.77,0,0,277,447,0,11,0,0,NORMAL,0
INV-SYN-11804,TXN-SYN-11804,SUPP-PACIFIC-08,BUYER-APEX-06,DHL Global Express,1,41191.13,40836.15,-0.0086,0.5445,587.82,544.75,0,0,284,411,0,22,0,0,NORMAL,0
INV-SYN-11805,TXN-SYN-11805,SUPP-PACIFIC-08,BUYER-APEX-06,Maersk Ocean Freight,1,45297.45,44556.89,-0.0163,0.5941,475.06,353.61,0,0,285,412,0,3,0,1,NORMAL,0
INV-SYN-11806,TXN-SYN-11806,SUPP-PREC-04,BUYER-OMEGA-01,DB Schenker,1,101344.26,102106.17,0.0075,1.0748,486.31,413.62,0,0,288,448,0,12,0,0,NORMAL,0
INV-SYN-11807,TXN-SYN-11807,SUPP-TITAN-03,BUYER-VORTEX-02,DHL Global Express,1,315610.75,310103.84,-0.0174,1.1075,827.31,711.7,1,0,321,428,0,0,1,1,NORMAL,0
INV-SYN-11808,TXN-SYN-11808,SUPP-TITAN-03,BUYER-APEX-06,FedEx International,1,169316.65,169823.42,0.003,0.6065,478.84,356.99,1,0,322,413,0,3,0,1,NORMAL,0
INV-SYN-11809,TXN-SYN-11809,SUPP-TITAN-03,BUYER-APEX-06,DHL Global Express,1,342652.68,341851.23,-0.0023,1.2209,426.72,260.92,1,0,323,414,0,22,0,0,NORMAL,0
INV-SYN-11810,TXN-SYN-11810,SUPP-NEXUS-02,BUYER-OMEGA-01,DHL Global Express,1,74734.95,74925.37,0.0025,0.8815,640.93,462.03,0,0,244,449,0,20,0,0,NORMAL,0
INV-SYN-11811,TXN-SYN-11811,SUPP-TITAN-03,BUYER-GLOBAL-05,DHL Global Express,1,290275.51,289593.3,-0.0024,1.0343,543.1,438.84,1,0,324,386,0,7,0,0,NORMAL,0
INV-SYN-11812,TXN-SYN-11812,SUPP-GLOBAL-01,BUYER-QUICK-04,Kuehne+Nagel Logistics,1,168366.62,241589.2,0.4349,2.0132,584.69,449.81,0,5,278,75,0,14,0,0,AMOUNT_INFLATION,1
INV-SYN-11813,TXN-SYN-11813,SUPP-TITAN-03,BUYER-APEX-06,None,0,613830.05,613830.05,0.0,2.1923,0.51,-1.0,1,0,325,415,0,8,0,0,RAPID_GHOST_SETTLEMENT,1
INV-SYN-11814,TXN-SYN-11814,SUPP-PREC-04,BUYER-GLOBAL-05,DB Schenker,1,88622.4,88482.69,-0.0016,0.9314,581.21,401.32,0,0,289,387,0,20,0,0,NORMAL,0
INV-SYN-11815,TXN-SYN-11815,SUPP-IND-05,BUYER-APEX-06,DB Schenker,1,124352.31,124160.22,-0.0015,0.776,789.42,696.13,1,0,321,416,0,21,0,0,NORMAL,0
INV-SYN-11816,TXN-SYN-11816,SUPP-PREC-04,BUYER-APEX-06,DB Schenker,1,43894.38,43403.91,-0.0112,0.4569,733.34,675.37,0,0,290,417,0,22,1,0,NORMAL,0
INV-SYN-11817,TXN-SYN-11817,SUPP-IND-05,BUYER-APEX-06,DB Schenker,1,131233.87,130998.7,-0.0018,0.8187,538.89,380.45,1,0,322,418,0,19,1,0,NORMAL,0
INV-SYN-11818,TXN-SYN-11818,SUPP-PREC-04,BUYER-OMEGA-01,Kuehne+Nagel Logistics,1,89985.66,90872.04,0.0099,0.9565,847.98,708.95,0,0,291,450,0,19,1,0,NORMAL,0
INV-SYN-11819,TXN-SYN-11819,SUPP-GLOBAL-01,BUYER-GLOBAL-05,Maersk Ocean Freight,1,90384.61,90753.88,0.0041,0.7563,615.01,512.12,0,0,279,388,0,12,0,0,NORMAL,0
INV-SYN-11820,TXN-SYN-11820,SUPP-GLOBAL-01,BUYER-APEX-06,FedEx International,1,116062.29,113822.43,-0.0193,0.9485,382.14,253.37,0,0,280,419,0,12,1,0,NORMAL,0
INV-SYN-11821,TXN-SYN-11821,SUPP-GLOBAL-01,BUYER-VORTEX-02,Kuehne+Nagel Logistics,1,122305.56,122433.52,0.001,1.0203,939.73,749.56,0,0,281,429,0,13,0,0,NORMAL,0
INV-SYN-11822,TXN-SYN-11822,SUPP-PACIFIC-08,BUYER-VORTEX-02,DHL Global Express,1,70783.95,70011.11,-0.0109,0.9335,744.9,696.63,0,0,286,430,0,15,0,0,NORMAL,0
INV-SYN-11823,TXN-SYN-11823,SUPP-IND-05,BUYER-GLOBAL-05,Maersk Ocean Freight,1,133999.9,135101.69,0.0082,0.8444,599.67,441.37,1,0,323,389,0,23,1,1,NORMAL,0
INV-SYN-11824,TXN-SYN-11824,SUPP-TITAN-03,BUYER-OMEGA-01,FedEx International,1,291805.83,289969.65,-0.0063,1.0356,679.11,532.97,1,0,326,451,0,8,1,0,NORMAL,0
INV-SYN-11825,TXN-SYN-11825,SUPP-PREC-04,BUYER-VORTEX-02,DB Schenker,1,105496.09,103691.81,-0.0171,1.0915,467.78,326.79,0,0,292,431,0,5,0,1,NORMAL,0
INV-SYN-11826,TXN-SYN-11826,SUPP-GLOBAL-01,BUYER-APEX-06,FedEx International,1,87288.03,86683.32,-0.0069,0.7224,665.51,601.9,0,0,282,420,0,15,1,0,NORMAL,0
INV-SYN-11827,TXN-SYN-11827,SUPP-PREC-04,BUYER-GLOBAL-05,Maersk Ocean Freight,1,128509.64,126226.47,-0.0178,1.3287,716.93,672.6,0,0,293,390,0,19,0,0,NORMAL,0
INV-SYN-11828,TXN-SYN-11828,SUPP-TITAN-03,BUYER-GLOBAL-05,Maersk Ocean Freight,1,273098.83,268499.05,-0.0168,0.9589,586.06,463.71,1,0,327,391,0,12,0,0,NORMAL,0
INV-SYN-11829,TXN-SYN-11829,SUPP-GLOBAL-01,BUYER-GLOBAL-05,DB Schenker,1,120565.49,119983.63,-0.0048,0.9999,361.37,324.92,0,0,283,392,0,8,0,0,NORMAL,0
INV-SYN-11830,TXN-SYN-11830,SUPP-TITAN-03,BUYER-APEX-06,DHL Global Express,1,329575.01,330006.49,0.0013,1.1786,316.84,278.02,1,0,328,421,0,0,0,1,NORMAL,0
INV-SYN-11831,TXN-SYN-11831,SUPP-PREC-04,BUYER-VORTEX-02,DHL Global Express,1,100538.88,101238.06,0.007,1.0657,615.58,515.61,0,0,294,432,0,15,0,0,NORMAL,0
INV-SYN-11832,TXN-SYN-11832,SUPP-NEXUS-02,BUYER-VORTEX-02,DB Schenker,1,105254.15,105878.89,0.0059,1.2456,528.51,337.77,0,0,245,433,0,17,1,0,NORMAL,0
INV-SYN-11833,TXN-SYN-11833,SUPP-IND-05,BUYER-GLOBAL-05,DHL Global Express,1,171484.97,172610.66,0.0066,1.0788,373.06,293.38,1,0,324,393,0,2,0,1,NORMAL,0
INV-SYN-11834,TXN-SYN-11834,SUPP-IND-05,BUYER-VORTEX-02,DHL Global Express,1,135502.51,133856.77,-0.0121,0.8366,428.36,321.75,1,0,325,434,0,1,0,1,NORMAL,0
INV-SYN-11835,TXN-SYN-11835,SUPP-PREC-04,BUYER-OMEGA-01,Maersk Ocean Freight,1,103585.71,104416.34,0.008,1.0991,423.92,243.75,0,0,295,452,0,7,1,0,NORMAL,0
INV-SYN-11836,TXN-SYN-11836,SUPP-GLOBAL-01,BUYER-OMEGA-01,DHL Global Express,1,85688.21,86398.49,0.0083,0.72,430.95,294.88,0,0,284,453,0,21,0,0,NORMAL,0
INV-SYN-11837,TXN-SYN-11837,SUPP-IND-05,BUYER-GLOBAL-05,DHL Global Express,1,164342.39,164065.07,-0.0017,1.0254,996.27,828.63,1,0,326,394,0,4,0,1,NORMAL,0
INV-SYN-11838,TXN-SYN-11838,SUPP-PACIFIC-08,BUYER-OMEGA-01,DHL Global Express,1,74376.94,73843.07,-0.0072,0.9846,838.94,686.32,0,0,287,454,0,9,0,0,NORMAL,0
INV-SYN-11839,TXN-SYN-11839,SUPP-NEXUS-02,BUYER-APEX-06,DHL Global Express,1,80577.52,80342.67,-0.0029,0.9452,584.56,517.43,0,0,246,422,0,10,1,0,NORMAL,0
INV-SYN-11840,TXN-SYN-11840,SUPP-PREC-04,BUYER-GLOBAL-05,DHL Global Express,1,91947.23,90120.98,-0.0199,0.9486,877.84,766.35,0,0,296,395,0,8,0,0,NORMAL,0
INV-SYN-11841,TXN-SYN-11841,SUPP-IND-05,BUYER-GLOBAL-05,FedEx International,1,84726.04,83863.26,-0.0102,0.5241,800.18,718.47,1,0,327,396,0,0,0,1,NORMAL,0
INV-SYN-11842,TXN-SYN-11842,SUPP-IND-05,BUYER-APEX-06,Kuehne+Nagel Logistics,1,138051.0,137589.91,-0.0033,0.8599,516.05,446.77,1,0,328,423,0,23,0,1,NORMAL,0
INV-SYN-11843,TXN-SYN-11843,SUPP-IND-05,BUYER-GLOBAL-05,DHL Global Express,1,163713.8,162758.78,-0.0058,1.0172,869.63,815.6,1,0,329,397,0,5,0,1,NORMAL,0
INV-SYN-11844,TXN-SYN-11844,SUPP-TITAN-03,BUYER-VORTEX-02,DHL Global Express,1,291189.95,464506.21,0.5952,1.659,254.76,132.79,1,0,329,435,0,12,1,0,AMOUNT_INFLATION,1
INV-SYN-11845,TXN-SYN-11845,SUPP-TITAN-03,BUYER-OMEGA-01,Kuehne+Nagel Logistics,1,208062.74,208736.97,0.0032,0.7455,512.65,373.07,1,0,330,455,0,16,0,0,NORMAL,0
INV-SYN-11846,TXN-SYN-11846,SUPP-NEXUS-02,BUYER-OMEGA-01,Maersk Ocean Freight,1,111896.29,110654.59,-0.0111,1.3018,690.16,502.71,0,0,247,456,0,22,0,0,NORMAL,0
INV-SYN-11847,TXN-SYN-11847,SUPP-IND-05,BUYER-VORTEX-02,DHL Global Express,1,125353.01,126299.66,0.0076,0.7894,585.0,483.38,1,0,330,436,0,21,1,0,NORMAL,0
INV-SYN-11848,TXN-SYN-11848,SUPP-PHANTOM-07,BUYER-QUICK-04,None,0,1002294.58,1002294.58,0.0,2.2273,4.98,-1.0,8,5,39,76,0,8,1,0,RAPID_GHOST_SETTLEMENT,1
INV-SYN-11849,TXN-SYN-11849,SUPP-TITAN-03,BUYER-VORTEX-02,FedEx International,1,309903.61,312702.1,0.009,1.1168,555.17,469.58,1,0,331,437,0,22,1,0,NORMAL,0
INV-SYN-11850,TXN-SYN-11850,SUPP-PACIFIC-08,BUYER-GLOBAL-05,Maersk Ocean Freight,1,62883.24,61885.72,-0.0159,0.8251,315.24,271.84,0,0,288,398,0,15,0,0,NORMAL,0
INV-SYN-11851,TXN-SYN-11851,SUPP-PREC-04,BUYER-GLOBAL-05,Maersk Ocean Freight,1,137163.63,136039.47,-0.0082,1.432,557.51,451.46,0,0,297,399,0,2,0,1,NORMAL,0
INV-SYN-11852,TXN-SYN-11852,SUPP-TITAN-03,BUYER-APEX-06,DHL Global Express,1,196445.42,195843.73,-0.0031,0.6994,746.19,596.44,1,0,332,424,0,12,0,0,NORMAL,0
INV-SYN-11853,TXN-SYN-11853,SUPP-IND-05,BUYER-GLOBAL-05,Maersk Ocean Freight,1,196766.17,194746.67,-0.0103,1.2172,721.0,678.37,1,0,331,400,0,14,0,0,NORMAL,0
INV-SYN-11854,TXN-SYN-11854,SUPP-PACIFIC-08,BUYER-OMEGA-01,DHL Global Express,1,93760.92,92166.22,-0.017,1.2289,566.62,517.62,0,0,289,457,0,6,0,0,NORMAL,0
INV-SYN-11855,TXN-SYN-11855,SUPP-IND-05,BUYER-APEX-06,Maersk Ocean Freight,1,133175.19,134452.13,0.0096,0.8403,762.24,723.26,1,0,332,425,0,6,0,0,NORMAL,0
INV-SYN-11856,TXN-SYN-11856,SUPP-PACIFIC-08,BUYER-APEX-06,FedEx International,1,101108.72,99250.29,-0.0184,1.3233,765.93,620.31,0,0,290,426,0,12,0,0,NORMAL,0
INV-SYN-11857,TXN-SYN-11857,SUPP-PREC-04,BUYER-GLOBAL-05,Maersk Ocean Freight,1,89061.4,88122.14,-0.0105,0.9276,838.69,659.18,0,0,298,401,0,17,0,0,NORMAL,0
INV-SYN-11858,TXN-SYN-11858,SUPP-GLOBAL-01,BUYER-VORTEX-02,FedEx International,1,128660.81,129534.3,0.0068,1.0795,642.67,502.64,0,0,285,438,0,3,0,1,NORMAL,0
INV-SYN-11859,TXN-SYN-11859,SUPP-TITAN-03,BUYER-GLOBAL-05,Kuehne+Nagel Logistics,1,298222.53,292790.59,-0.0182,1.0457,756.36,695.73,1,0,333,402,0,16,0,0,NORMAL,0
INV-SYN-11860,TXN-SYN-11860,SUPP-TITAN-03,BUYER-STEEL-03,None,0,469367.49,469367.49,0.0,1.6763,2.06,-1.0,1,1,334,62,0,12,0,0,RAPID_GHOST_SETTLEMENT,1
INV-SYN-11861,TXN-SYN-11861,SUPP-PACIFIC-08,BUYER-GLOBAL-05,Kuehne+Nagel Logistics,1,90202.66,90808.63,0.0067,1.2108,498.52,409.51,0,0,291,403,0,18,0,0,NORMAL,0
INV-SYN-11862,TXN-SYN-11862,SUPP-PREC-04,BUYER-OMEGA-01,Kuehne+Nagel Logistics,1,113845.36,113973.5,0.0011,1.1997,764.72,596.98,0,0,299,458,0,6,1,0,NORMAL,0
INV-SYN-11863,TXN-SYN-11863,SUPP-GLOBAL-01,BUYER-GLOBAL-05,DHL Global Express,1,67544.04,67388.46,-0.0023,0.5616,881.19,788.07,0,0,286,404,0,12,0,0,NORMAL,0
INV-SYN-11864,TXN-SYN-11864,SUPP-TITAN-03,BUYER-QUICK-04,None,0,660506.53,660506.53,0.0,2.359,3.98,-1.0,1,5,335,77,0,22,0,0,RAPID_GHOST_SETTLEMENT,1
INV-SYN-11865,TXN-SYN-11865,SUPP-TITAN-03,BUYER-QUICK-04,DB Schenker,1,163625.56,386161.22,1.36,1.3791,429.29,340.17,1,5,336,78,0,6,0,0,AMOUNT_INFLATION,1
INV-SYN-11866,TXN-SYN-11866,SUPP-TITAN-03,BUYER-OMEGA-01,DHL Global Express,1,352278.23,348402.03,-0.011,1.2443,944.94,813.25,1,0,337,459,0,14,0,0,NORMAL,0
INV-SYN-11867,TXN-SYN-11867,SUPP-PACIFIC-08,BUYER-GLOBAL-05,DB Schenker,1,96125.72,95981.34,-0.0015,1.2798,518.69,455.5,0,0,292,405,0,9,0,0,NORMAL,0
INV-SYN-11868,TXN-SYN-11868,SUPP-NEXUS-02,BUYER-GLOBAL-05,Kuehne+Nagel Logistics,1,61816.96,61212.02,-0.0098,0.7201,325.53,282.4,0,0,248,406,0,8,0,0,NORMAL,0
INV-SYN-11869,TXN-SYN-11869,SUPP-GLOBAL-01,BUYER-APEX-06,DHL Global Express,1,107675.57,107361.35,-0.0029,0.8947,604.78,478.67,0,0,287,427,0,23,0,1,NORMAL,0
INV-SYN-11870,TXN-SYN-11870,SUPP-PREC-04,BUYER-OMEGA-01,Maersk Ocean Freight,1,68739.51,68162.49,-0.0084,0.7175,370.97,266.45,0,0,300,460,0,13,0,0,NORMAL,0
INV-SYN-11871,TXN-SYN-11871,SUPP-PACIFIC-08,BUYER-VORTEX-02,FedEx International,1,70970.23,70617.41,-0.005,0.9416,814.32,669.99,0,0,293,439,0,3,0,1,NORMAL,0
INV-SYN-11872,TXN-SYN-11872,SUPP-NEXUS-02,BUYER-VORTEX-02,Maersk Ocean Freight,1,78454.27,77565.33,-0.0113,0.9125,883.78,757.13,0,0,249,440,0,2,0,1,NORMAL,0
INV-SYN-11873,TXN-SYN-11873,SUPP-GLOBAL-01,BUYER-OMEGA-01,FedEx International,1,143389.82,142494.25,-0.0062,1.1875,594.87,440.5,0,0,288,461,0,3,0,1,NORMAL,0
INV-SYN-11874,TXN-SYN-11874,SUPP-GLOBAL-01,BUYER-VORTEX-02,Kuehne+Nagel Logistics,1,159309.26,157785.97,-0.0096,1.3149,405.23,367.51,0,0,289,441,0,23,0,1,NORMAL,0
INV-SYN-11875,TXN-SYN-11875,SUPP-PREC-04,BUYER-GLOBAL-05,DHL Global Express,1,128147.49,129040.08,0.007,1.3583,580.28,515.63,0,0,301,407,0,6,0,0,NORMAL,0
INV-SYN-11876,TXN-SYN-11876,SUPP-TITAN-03,BUYER-VORTEX-02,DB Schenker,1,240648.24,240367.18,-0.0012,0.8585,800.67,661.47,1,0,338,442,0,0,0,1,NORMAL,0
INV-SYN-11877,TXN-SYN-11877,SUPP-NEXUS-02,BUYER-VORTEX-02,DHL Global Express,1,80554.04,79686.59,-0.0108,0.9375,418.68,249.14,0,0,250,443,0,23,0,1,NORMAL,0
INV-SYN-11878,TXN-SYN-11878,SUPP-GLOBAL-01,BUYER-QUICK-04,DB Schenker,1,69496.85,122286.3,0.7596,1.0191,368.62,320.08,0,5,290,79,0,17,0,0,AMOUNT_INFLATION,1
INV-SYN-11879,TXN-SYN-11879,SUPP-PREC-04,BUYER-GLOBAL-05,DHL Global Express,1,75860.59,74688.09,-0.0155,0.7862,647.26,470.42,0,0,302,408,0,12,1,0,NORMAL,0
INV-SYN-11880,TXN-SYN-11880,SUPP-PREC-04,BUYER-VORTEX-02,Maersk Ocean Freight,1,117915.23,117736.94,-0.0015,1.2393,851.63,814.61,0,0,303,444,0,21,0,0,NORMAL,0
INV-SYN-11881,TXN-SYN-11881,SUPP-PACIFIC-08,BUYER-QUICK-04,None,0,122287.26,122287.26,0.0,1.6305,3.17,-1.0,0,5,294,80,0,0,0,1,RAPID_GHOST_SETTLEMENT,1
INV-SYN-11882,TXN-SYN-11882,SUPP-IND-05,BUYER-APEX-06,FedEx International,1,110626.05,109725.25,-0.0081,0.6858,563.48,491.45,1,0,333,428,0,2,1,1,NORMAL,0
INV-SYN-11883,TXN-SYN-11883,SUPP-NEXUS-02,BUYER-OMEGA-01,DB Schenker,1,72410.13,71269.23,-0.0158,0.8385,445.65,351.92,0,0,251,462,0,15,0,0,NORMAL,0
INV-SYN-11884,TXN-SYN-11884,SUPP-TITAN-03,BUYER-APEX-06,FedEx International,1,278151.6,280014.62,0.0067,1.0001,385.06,240.66,1,0,339,429,0,8,0,0,NORMAL,0
INV-SYN-11885,TXN-SYN-11885,SUPP-PREC-04,BUYER-OMEGA-01,DB Schenker,1,101653.83,100670.59,-0.0097,1.0597,304.96,243.67,0,0,304,463,0,2,0,1,NORMAL,0
INV-SYN-11886,TXN-SYN-11886,SUPP-NEXUS-02,BUYER-APEX-06,DB Schenker,1,67795.93,66782.21,-0.015,0.7857,812.27,675.33,0,0,252,430,0,9,0,0,NORMAL,0
INV-SYN-11887,TXN-SYN-11887,SUPP-NEXUS-02,BUYER-OMEGA-01,DB Schenker,1,94011.3,94698.67,0.0073,1.1141,742.28,583.71,0,0,253,464,0,15,1,0,NORMAL,0
INV-SYN-11888,TXN-SYN-11888,SUPP-PREC-04,BUYER-OMEGA-01,DHL Global Express,1,83746.32,83492.26,-0.003,0.8789,645.54,541.88,0,0,305,465,0,21,0,0,NORMAL,0
INV-SYN-11889,TXN-SYN-11889,SUPP-NEXUS-02,BUYER-GLOBAL-05,Maersk Ocean Freight,1,84692.89,84397.99,-0.0035,0.9929,731.32,581.39,0,0,254,409,0,6,0,0,NORMAL,0
INV-SYN-11890,TXN-SYN-11890,SUPP-PREC-04,BUYER-APEX-06,DB Schenker,1,107974.25,108052.2,0.0007,1.1374,362.22,266.67,0,0,306,431,0,20,0,0,NORMAL,0
INV-SYN-11891,TXN-SYN-11891,SUPP-GLOBAL-01,BUYER-GLOBAL-05,DB Schenker,1,120192.67,119515.08,-0.0056,0.996,910.28,754.85,0,0,291,410,0,12,0,0,NORMAL,0
INV-SYN-11892,TXN-SYN-11892,SUPP-GLOBAL-01,BUYER-APEX-06,Kuehne+Nagel Logistics,1,106908.42,105266.01,-0.0154,0.8772,957.27,779.53,0,0,292,432,0,21,1,0,NORMAL,0
INV-SYN-11893,TXN-SYN-11893,SUPP-IND-05,BUYER-GLOBAL-05,DHL Global Express,1,155615.61,156621.2,0.0065,0.9789,1008.39,837.26,1,0,334,411,0,11,1,0,NORMAL,0
INV-SYN-11894,TXN-SYN-11894,SUPP-NEXUS-02,BUYER-VORTEX-02,FedEx International,1,83122.29,82648.76,-0.0057,0.9723,606.91,570.72,0,0,255,445,0,16,0,0,NORMAL,0
INV-SYN-11895,TXN-SYN-11895,SUPP-IND-05,BUYER-GLOBAL-05,FedEx International,1,145199.56,145019.25,-0.0012,0.9064,488.0,321.16,1,0,335,412,0,11,0,0,NORMAL,0
INV-SYN-11896,TXN-SYN-11896,SUPP-NEXUS-02,BUYER-OMEGA-01,Maersk Ocean Freight,1,79500.58,78572.23,-0.0117,0.9244,744.92,632.9,0,0,256,466,0,10,0,0,NORMAL,0
INV-SYN-11897,TXN-SYN-11897,SUPP-PACIFIC-08,BUYER-VORTEX-02,DHL Global Express,1,104974.63,105584.28,0.0058,1.4078,645.53,492.88,0,0,295,446,0,11,0,0,NORMAL,0
INV-SYN-11898,TXN-SYN-11898,SUPP-SUSP-06,BUYER-STEEL-03,None,0,718175.34,718175.34,0.0,1.8415,3.81,-1.0,6,1,37,63,0,2,0,1,RAPID_GHOST_SETTLEMENT,1
INV-SYN-11899,TXN-SYN-11899,SUPP-NEXUS-02,BUYER-OMEGA-01,FedEx International,1,78721.04,79457.89,0.0094,0.9348,450.62,371.41,0,0,257,467,0,11,1,0,NORMAL,0
INV-SYN-11900,TXN-SYN-11900,SUPP-NEXUS-02,BUYER-VORTEX-02,FedEx International,1,99810.28,99305.32,-0.0051,1.1683,825.95,657.27,0,0,258,447,0,21,0,0,NORMAL,0
INV-SYN-11901,TXN-SYN-11901,SUPP-GLOBAL-01,BUYER-VORTEX-02,FedEx International,1,109985.42,108425.71,-0.0142,0.9035,718.17,542.0,0,0,293,448,0,15,0,0,NORMAL,0
INV-SYN-11902,TXN-SYN-11902,SUPP-TITAN-03,BUYER-QUICK-04,FedEx International,1,362118.72,632295.32,0.7461,2.2582,580.7,456.56,1,5,340,81,0,22,1,0,AMOUNT_INFLATION,1
INV-SYN-11903,TXN-SYN-11903,SUPP-PREC-04,BUYER-APEX-06,DB Schenker,1,103779.0,102942.18,-0.0081,1.0836,689.55,562.36,0,0,307,433,0,5,1,1,NORMAL,0
INV-SYN-11904,TXN-SYN-11904,SUPP-TITAN-03,BUYER-APEX-06,DHL Global Express,1,272488.85,498127.92,0.8281,1.779,421.9,289.08,1,0,341,434,0,8,0,0,AMOUNT_INFLATION,1
INV-SYN-11905,TXN-SYN-11905,SUPP-PREC-04,BUYER-OMEGA-01,DB Schenker,1,105633.28,104024.87,-0.0152,1.095,523.76,370.9,0,0,308,468,0,21,1,0,NORMAL,0
INV-SYN-11906,TXN-SYN-11906,SUPP-GLOBAL-01,BUYER-GLOBAL-05,Maersk Ocean Freight,1,72873.72,73526.73,0.009,0.6127,400.56,280.13,0,0,294,413,0,21,1,0,NORMAL,0
INV-SYN-11907,TXN-SYN-11907,SUPP-PREC-04,BUYER-APEX-06,FedEx International,1,68239.27,68036.24,-0.003,0.7162,964.36,803.33,0,0,309,435,0,2,0,1,NORMAL,0
INV-SYN-11908,TXN-SYN-11908,SUPP-PREC-04,BUYER-APEX-06,Maersk Ocean Freight,1,66644.28,65423.11,-0.0183,0.6887,920.62,821.3,0,0,310,436,0,5,1,1,NORMAL,0
INV-SYN-11909,TXN-SYN-11909,SUPP-PREC-04,BUYER-APEX-06,Kuehne+Nagel Logistics,1,98394.9,98650.16,0.0026,1.0384,555.3,380.32,0,0,311,437,0,3,0,1,NORMAL,0
INV-SYN-11910,TXN-SYN-11910,SUPP-PREC-04,BUYER-VORTEX-02,Maersk Ocean Freight,1,136147.23,135516.1,-0.0046,1.4265,373.69,276.27,0,0,312,449,0,7,0,0,NORMAL,0
INV-SYN-11911,TXN-SYN-11911,SUPP-IND-05,BUYER-GLOBAL-05,DHL Global Express,1,249252.01,250123.56,0.0035,1.5633,587.46,504.59,1,0,336,414,0,8,1,0,NORMAL,0
INV-SYN-11912,TXN-SYN-11912,SUPP-PREC-04,BUYER-APEX-06,FedEx International,1,110153.71,110213.82,0.0005,1.1601,800.69,670.37,0,0,313,438,0,17,0,0,NORMAL,0
INV-SYN-11913,TXN-SYN-11913,SUPP-IND-05,BUYER-APEX-06,FedEx International,1,180033.78,178065.84,-0.0109,1.1129,642.47,512.17,1,0,337,439,0,17,0,0,NORMAL,0
INV-SYN-11914,TXN-SYN-11914,SUPP-IND-05,BUYER-QUICK-04,Maersk Ocean Freight,1,87957.69,127690.69,0.4517,0.7981,338.91,197.92,1,5,338,82,0,18,0,0,AMOUNT_INFLATION,1
INV-SYN-11915,TXN-SYN-11915,SUPP-PREC-04,BUYER-VORTEX-02,DB Schenker,1,82111.5,82289.3,0.0022,0.8662,840.03,657.26,0,0,314,450,0,22,0,0,NORMAL,0
INV-SYN-11916,TXN-SYN-11916,SUPP-TITAN-03,BUYER-VORTEX-02,DHL Global Express,1,224855.14,223829.94,-0.0046,0.7994,676.35,560.28,1,0,342,451,0,6,0,0,NORMAL,0
INV-SYN-11917,TXN-SYN-11917,SUPP-PREC-04,BUYER-OMEGA-01,FedEx International,1,80254.87,80889.62,0.0079,0.8515,733.63,674.61,0,0,315,469,0,10,1,0,NORMAL,0
INV-SYN-11918,TXN-SYN-11918,SUPP-NEXUS-02,BUYER-GLOBAL-05,None,0,250000.0,250000.0,0.0,2.9412,73.82,49.63,0,0,259,415,1,1,0,1,OFF_HOURS_ROUND_SUM,1
INV-SYN-11919,TXN-SYN-11919,SUPP-PACIFIC-08,BUYER-GLOBAL-05,Maersk Ocean Freight,1,66148.3,66758.4,0.0092,0.8901,705.15,640.03,0,0,296,416,0,5,0,1,NORMAL,0
INV-SYN-11920,TXN-SYN-11920,SUPP-TITAN-03,BUYER-VORTEX-02,DHL Global Express,1,141449.01,139726.48,-0.0122,0.499,792.91,725.35,1,0,343,452,0,19,0,0,NORMAL,0
INV-SYN-11921,TXN-SYN-11921,SUPP-NEXUS-02,BUYER-OMEGA-01,DB Schenker,1,100893.09,101400.95,0.005,1.193,708.05,539.7,0,0,260,470,0,7,0,0,NORMAL,0
INV-SYN-11922,TXN-SYN-11922,SUPP-GLOBAL-01,BUYER-GLOBAL-05,Kuehne+Nagel Logistics,1,87817.71,86764.98,-0.012,0.723,960.4,789.68,0,0,295,417,0,14,0,0,NORMAL,0
INV-SYN-11923,TXN-SYN-11923,SUPP-IND-05,BUYER-GLOBAL-05,Maersk Ocean Freight,1,169569.87,170228.14,0.0039,1.0639,771.66,673.05,1,0,339,418,0,3,0,1,NORMAL,0
INV-SYN-11924,TXN-SYN-11924,SUPP-PACIFIC-08,BUYER-GLOBAL-05,Maersk Ocean Freight,1,113889.05,112842.95,-0.0092,1.5046,652.02,578.59,0,0,297,419,0,21,0,0,NORMAL,0
INV-SYN-11925,TXN-SYN-11925,SUPP-TITAN-03,BUYER-APEX-06,Kuehne+Nagel Logistics,1,215643.08,216040.73,0.0018,0.7716,974.56,817.37,1,0,344,440,0,17,1,0,NORMAL,0
INV-SYN-11926,TXN-SYN-11926,SUPP-GLOBAL-01,BUYER-APEX-06,Maersk Ocean Freight,1,44091.37,43580.38,-0.0116,0.3632,459.67,411.33,0,0,296,441,0,3,0,1,NORMAL,0
INV-SYN-11927,TXN-SYN-11927,SUPP-GLOBAL-01,BUYER-OMEGA-01,Maersk Ocean Freight,1,111419.87,112284.35,0.0078,0.9357,726.98,544.83,0,0,297,471,0,20,1,0,NORMAL,0
INV-SYN-11928,TXN-SYN-11928,SUPP-TITAN-03,BUYER-VORTEX-02,Maersk Ocean Freight,1,357067.17,356309.59,-0.0021,1.2725,671.83,585.43,1,0,345,453,0,22,1,0,NORMAL,0
INV-SYN-11929,TXN-SYN-11929,SUPP-PREC-04,BUYER-GLOBAL-05,FedEx International,1,141510.75,139452.01,-0.0145,1.4679,417.27,248.13,0,0,316,420,0,14,1,0,NORMAL,0
INV-SYN-11930,TXN-SYN-11930,SUPP-TITAN-03,BUYER-VORTEX-02,DHL Global Express,1,193931.53,194572.98,0.0033,0.6949,527.22,399.42,1,0,346,454,0,16,1,0,NORMAL,0
INV-SYN-11931,TXN-SYN-11931,SUPP-SUSP-06,BUYER-QUICK-04,None,0,558324.54,558324.54,0.0,1.4316,4.54,-1.0,6,5,38,83,0,21,0,0,RAPID_GHOST_SETTLEMENT,1
INV-SYN-11932,TXN-SYN-11932,SUPP-PREC-04,BUYER-OMEGA-01,DHL Global Express,1,83948.88,83067.59,-0.0105,0.8744,595.88,511.68,0,0,317,472,0,16,0,0,NORMAL,0
INV-SYN-11933,TXN-SYN-11933,SUPP-PREC-04,BUYER-VORTEX-02,DHL Global Express,1,92483.73,91904.5,-0.0063,0.9674,310.26,257.99,0,0,318,455,0,11,1,0,NORMAL,0
INV-SYN-11934,TXN-SYN-11934,SUPP-PACIFIC-08,BUYER-OMEGA-01,FedEx International,1,124581.44,124073.76,-0.0041,1.6543,416.83,325.25,0,0,298,473,0,8,0,0,NORMAL,0
INV-SYN-11935,TXN-SYN-11935,SUPP-GLOBAL-01,BUYER-OMEGA-01,DB Schenker,1,74910.89,74646.42,-0.0035,0.6221,458.92,408.51,0,0,298,474,0,8,0,0,NORMAL,0
INV-SYN-11936,TXN-SYN-11936,SUPP-NEXUS-02,BUYER-VORTEX-02,FedEx International,1,90391.97,91213.08,0.0091,1.0731,579.35,499.77,0,0,261,456,0,8,1,0,NORMAL,0
INV-SYN-11937,TXN-SYN-11937,SUPP-IND-05,BUYER-APEX-06,Kuehne+Nagel Logistics,1,178707.73,179659.21,0.0053,1.1229,406.64,269.17,1,0,340,442,0,13,1,0,NORMAL,0
INV-SYN-11938,TXN-SYN-11938,SUPP-PREC-04,BUYER-VORTEX-02,DHL Global Express,1,120787.43,118964.51,-0.0151,1.2523,792.0,654.9,0,0,319,457,0,10,0,0,NORMAL,0
INV-SYN-11939,TXN-SYN-11939,SUPP-PREC-04,BUYER-GLOBAL-05,Kuehne+Nagel Logistics,1,97327.1,97775.84,0.0046,1.0292,588.4,517.68,0,0,320,421,0,12,0,0,NORMAL,0
INV-SYN-11940,TXN-SYN-11940,SUPP-NEXUS-02,BUYER-APEX-06,Kuehne+Nagel Logistics,1,91546.07,90604.74,-0.0103,1.0659,307.42,242.04,0,0,262,443,0,7,0,0,NORMAL,0
INV-SYN-11941,TXN-SYN-11941,SUPP-TITAN-03,BUYER-OMEGA-01,Maersk Ocean Freight,1,252584.6,247886.33,-0.0186,0.8853,884.23,729.17,1,0,347,475,0,20,0,0,NORMAL,0
INV-SYN-11942,TXN-SYN-11942,SUPP-PREC-04,BUYER-OMEGA-01,DB Schenker,1,101391.76,102211.16,0.0081,1.0759,721.75,634.97,0,0,321,476,0,16,0,0,NORMAL,0
INV-SYN-11943,TXN-SYN-11943,SUPP-GLOBAL-01,BUYER-OMEGA-01,FedEx International,1,109704.23,108010.34,-0.0154,0.9001,847.28,677.69,0,0,299,477,0,7,0,0,NORMAL,0
INV-SYN-11944,TXN-SYN-11944,SUPP-GLOBAL-01,BUYER-GLOBAL-05,FedEx International,1,138647.16,137800.5,-0.0061,1.1483,480.03,311.95,0,0,300,422,0,22,0,0,NORMAL,0
INV-SYN-11945,TXN-SYN-11945,SUPP-GLOBAL-01,BUYER-GLOBAL-05,FedEx International,1,108911.69,108607.82,-0.0028,0.9051,857.35,697.84,0,0,301,423,0,11,1,0,NORMAL,0
INV-SYN-11946,TXN-SYN-11946,SUPP-IND-05,BUYER-OMEGA-01,DHL Global Express,1,175084.02,172446.27,-0.0151,1.0778,400.34,358.87,1,0,341,478,0,23,1,1,NORMAL,0
INV-SYN-11947,TXN-SYN-11947,SUPP-IND-05,BUYER-GLOBAL-05,FedEx International,1,158829.49,156387.52,-0.0154,0.9774,940.88,783.89,1,0,342,424,0,2,0,1,NORMAL,0
INV-SYN-11948,TXN-SYN-11948,SUPP-GLOBAL-01,BUYER-VORTEX-02,FedEx International,1,153781.51,153617.74,-0.0011,1.2801,557.99,446.38,0,0,302,458,0,9,0,0,NORMAL,0
INV-SYN-11949,TXN-SYN-11949,SUPP-PACIFIC-08,BUYER-GLOBAL-05,FedEx International,1,74036.37,73338.02,-0.0094,0.9778,961.07,785.73,0,0,299,425,0,5,0,1,NORMAL,0
INV-SYN-11950,TXN-SYN-11950,SUPP-NEXUS-02,BUYER-VORTEX-02,FedEx International,1,47323.06,47360.76,0.0008,0.5572,822.68,659.59,0,0,263,459,0,0,1,1,NORMAL,0
INV-SYN-11951,TXN-SYN-11951,SUPP-NEXUS-02,BUYER-VORTEX-02,FedEx International,1,111815.83,110799.17,-0.0091,1.3035,819.01,709.12,0,0,264,460,0,5,0,1,NORMAL,0
INV-SYN-11952,TXN-SYN-11952,SUPP-NEXUS-02,BUYER-VORTEX-02,DHL Global Express,1,65753.19,65280.07,-0.0072,0.768,636.86,521.73,0,0,265,461,0,6,0,0,NORMAL,0
INV-SYN-11953,TXN-SYN-11953,SUPP-GLOBAL-01,BUYER-OMEGA-01,Kuehne+Nagel Logistics,1,100387.01,99761.94,-0.0062,0.8313,720.07,604.28,0,0,303,479,0,23,0,1,NORMAL,0
INV-SYN-11954,TXN-SYN-11954,SUPP-GLOBAL-01,BUYER-VORTEX-02,DHL Global Express,1,102130.16,100700.04,-0.014,0.8392,576.85,534.84,0,0,304,462,0,10,1,0,NORMAL,0
INV-SYN-11955,TXN-SYN-11955,SUPP-NEXUS-02,BUYER-APEX-06,DB Schenker,1,114206.81,114131.91,-0.0007,1.3427,557.89,373.36,0,0,266,444,0,10,0,0,NORMAL,0
INV-SYN-11956,TXN-SYN-11956,SUPP-IND-05,BUYER-VORTEX-02,Kuehne+Nagel Logistics,1,74573.03,75237.46,0.0089,0.4702,906.73,793.83,1,0,343,463,0,9,0,0,NORMAL,0
INV-SYN-11957,TXN-SYN-11957,SUPP-TITAN-03,BUYER-GLOBAL-05,Maersk Ocean Freight,1,499642.4,496821.56,-0.0056,1.7744,405.21,318.61,1,0,348,426,0,1,1,1,NORMAL,0
INV-SYN-11958,TXN-SYN-11958,SUPP-NEXUS-02,BUYER-VORTEX-02,FedEx International,1,107441.21,108459.12,0.0095,1.276,849.88,791.79,0,0,267,464,0,2,0,1,NORMAL,0
INV-SYN-11959,TXN-SYN-11959,SUPP-IND-05,BUYER-OMEGA-01,FedEx International,1,168929.56,169374.09,0.0026,1.0586,529.22,447.66,1,0,344,480,0,3,0,1,NORMAL,0
INV-SYN-11960,TXN-SYN-11960,SUPP-TITAN-03,BUYER-APEX-06,None,0,338305.75,338305.75,0.0,1.2082,4.81,-1.0,1,0,349,445,0,13,1,0,RAPID_GHOST_SETTLEMENT,1
INV-SYN-11961,TXN-SYN-11961,SUPP-PREC-04,BUYER-OMEGA-01,Maersk Ocean Freight,1,101781.91,102253.32,0.0046,1.0764,499.04,366.64,0,0,322,481,0,17,0,0,NORMAL,0
INV-SYN-11962,TXN-SYN-11962,SUPP-PACIFIC-08,BUYER-OMEGA-01,Kuehne+Nagel Logistics,1,84771.05,83691.69,-0.0127,1.1159,934.64,758.7,0,0,300,482,0,9,0,0,NORMAL,0
INV-SYN-11963,TXN-SYN-11963,SUPP-NEXUS-02,BUYER-OMEGA-01,Kuehne+Nagel Logistics,1,98710.83,97076.4,-0.0166,1.1421,694.85,650.2,0,0,268,483,0,0,0,1,NORMAL,0
INV-SYN-11964,TXN-SYN-11964,SUPP-PREC-04,BUYER-GLOBAL-05,Maersk Ocean Freight,1,108195.61,106798.74,-0.0129,1.1242,489.22,377.47,0,0,323,427,0,4,0,1,NORMAL,0
INV-SYN-11965,TXN-SYN-11965,SUPP-IND-05,BUYER-GLOBAL-05,DHL Global Express,1,163583.23,163517.15,-0.0004,1.022,859.62,773.09,1,0,345,428,0,2,0,1,NORMAL,0
INV-SYN-11966,TXN-SYN-11966,SUPP-GLOBAL-01,BUYER-VORTEX-02,DB Schenker,1,114079.85,112395.51,-0.0148,0.9366,849.86,710.73,0,0,305,465,0,2,0,1,NORMAL,0
INV-SYN-11967,TXN-SYN-11967,SUPP-PACIFIC-08,BUYER-APEX-06,Maersk Ocean Freight,1,72163.63,72513.27,0.0048,0.9668,581.54,471.67,0,0,301,446,0,8,0,0,NORMAL,0
INV-SYN-11968,TXN-SYN-11968,SUPP-TITAN-03,BUYER-GLOBAL-05,DB Schenker,1,266356.42,261389.14,-0.0186,0.9335,369.31,283.63,1,0,350,429,0,17,0,0,NORMAL,0
INV-SYN-11969,TXN-SYN-11969,SUPP-TITAN-03,BUYER-QUICK-04,Unregistered Logistics,1,100000.0,100000.0,0.0,0.3571,46.11,6.51,1,5,351,84,1,0,0,1,OFF_HOURS_ROUND_SUM,1
INV-SYN-11970,TXN-SYN-11970,SUPP-TITAN-03,BUYER-OMEGA-01,Kuehne+Nagel Logistics,1,321548.97,321586.19,0.0001,1.1485,721.35,595.46,1,0,352,484,0,23,0,1,NORMAL,0
INV-SYN-11971,TXN-SYN-11971,SUPP-NEXUS-02,BUYER-GLOBAL-05,DHL Global Express,1,22516.74,22401.89,-0.0051,0.2636,687.85,526.3,0,0,269,430,0,10,0,0,NORMAL,0
INV-SYN-11972,TXN-SYN-11972,SUPP-GLOBAL-01,BUYER-VORTEX-02,DHL Global Express,1,139677.02,137590.5,-0.0149,1.1466,470.99,282.67,0,0,306,466,0,18,0,0,NORMAL,0
INV-SYN-11973,TXN-SYN-11973,SUPP-PACIFIC-08,BUYER-APEX-06,Maersk Ocean Freight,1,78651.3,78798.29,0.0019,1.0506,333.98,283.97,0,0,302,447,0,3,1,1,NORMAL,0
INV-SYN-11974,TXN-SYN-11974,SUPP-NEXUS-02,BUYER-VORTEX-02,Kuehne+Nagel Logistics,1,84602.44,84001.75,-0.0071,0.9883,701.33,517.65,0,0,270,467,0,13,0,0,NORMAL,0
INV-SYN-11975,TXN-SYN-11975,SUPP-IND-05,BUYER-APEX-06,FedEx International,1,144459.26,144024.7,-0.003,0.9002,402.14,284.52,1,0,346,448,0,7,0,0,NORMAL,0
INV-SYN-11976,TXN-SYN-11976,SUPP-PREC-04,BUYER-APEX-06,FedEx International,1,121697.68,120108.27,-0.0131,1.2643,479.58,319.11,0,0,324,449,0,15,0,0,NORMAL,0
INV-SYN-11977,TXN-SYN-11977,SUPP-PACIFIC-08,BUYER-APEX-06,DB Schenker,1,92766.12,90989.61,-0.0192,1.2132,1003.93,818.3,0,0,303,450,0,15,0,0,NORMAL,0
INV-SYN-11978,TXN-SYN-11978,SUPP-IND-05,BUYER-APEX-06,FedEx International,1,129084.89,128131.04,-0.0074,0.8008,877.43,804.42,1,0,347,451,0,5,0,1,NORMAL,0
INV-SYN-11979,TXN-SYN-11979,SUPP-PACIFIC-08,BUYER-GLOBAL-05,Kuehne+Nagel Logistics,1,82632.23,82473.46,-0.0019,1.0996,571.56,437.29,0,0,304,431,0,18,0,0,NORMAL,0
INV-SYN-11980,TXN-SYN-11980,SUPP-NEXUS-02,BUYER-OMEGA-01,Maersk Ocean Freight,1,64352.29,64362.81,0.0002,0.7572,507.57,349.01,0,0,271,485,0,12,1,0,NORMAL,0
INV-SYN-11981,TXN-SYN-11981,SUPP-GLOBAL-01,BUYER-VORTEX-02,DHL Global Express,1,78611.46,77324.71,-0.0164,0.6444,751.56,704.76,0,0,307,468,0,7,0,0,NORMAL,0
INV-SYN-11982,TXN-SYN-11982,SUPP-PREC-04,BUYER-APEX-06,Maersk Ocean Freight,1,80115.47,79192.83,-0.0115,0.8336,663.82,527.96,0,0,325,452,0,0,0,1,NORMAL,0
INV-SYN-11983,TXN-SYN-11983,SUPP-PACIFIC-08,BUYER-OMEGA-01,Kuehne+Nagel Logistics,1,91169.88,90497.59,-0.0074,1.2066,547.26,423.7,0,0,305,486,0,18,0,0,NORMAL,0
INV-SYN-11984,TXN-SYN-11984,SUPP-IND-05,BUYER-APEX-06,Kuehne+Nagel Logistics,1,198125.0,195932.22,-0.0111,1.2246,899.88,794.01,1,0,348,453,0,21,1,0,NORMAL,0
INV-SYN-11985,TXN-SYN-11985,SUPP-GLOBAL-01,BUYER-APEX-06,DHL Global Express,1,135392.56,134251.16,-0.0084,1.1188,484.38,394.16,0,0,308,454,0,6,0,0,NORMAL,0
INV-SYN-11986,TXN-SYN-11986,SUPP-TITAN-03,BUYER-OMEGA-01,FedEx International,1,330756.71,326565.33,-0.0127,1.1663,607.25,522.16,1,0,353,487,0,2,1,1,NORMAL,0
INV-SYN-11987,TXN-SYN-11987,SUPP-GLOBAL-01,BUYER-APEX-06,Kuehne+Nagel Logistics,1,135485.35,135072.31,-0.003,1.1256,637.0,504.83,0,0,309,455,0,9,0,0,NORMAL,0
INV-SYN-11988,TXN-SYN-11988,SUPP-SUSP-06,BUYER-QUICK-04,None,0,371557.83,371557.83,0.0,0.9527,2.17,-1.0,6,5,39,85,0,16,0,0,RAPID_GHOST_SETTLEMENT,1
INV-SYN-11989,TXN-SYN-11989,SUPP-PREC-04,BUYER-OMEGA-01,FedEx International,1,105258.16,104257.46,-0.0095,1.0974,578.8,517.6,0,0,326,488,0,5,0,1,NORMAL,0
INV-SYN-11990,TXN-SYN-11990,SUPP-PACIFIC-08,BUYER-VORTEX-02,Maersk Ocean Freight,1,90007.68,88841.46,-0.013,1.1846,656.67,608.45,0,0,306,469,0,0,0,1,NORMAL,0
INV-SYN-11991,TXN-SYN-11991,SUPP-IND-05,BUYER-GLOBAL-05,Kuehne+Nagel Logistics,1,190171.65,188357.49,-0.0095,1.1772,468.75,388.81,1,0,349,432,0,4,0,1,NORMAL,0
INV-SYN-11992,TXN-SYN-11992,SUPP-TITAN-03,BUYER-GLOBAL-05,FedEx International,1,363223.94,366225.21,0.0083,1.3079,506.01,424.43,1,0,354,433,0,17,1,0,NORMAL,0
INV-SYN-11993,TXN-SYN-11993,SUPP-TITAN-03,BUYER-OMEGA-01,DB Schenker,1,329581.27,326008.8,-0.0108,1.1643,851.73,796.8,1,0,355,489,0,8,0,0,NORMAL,0
INV-SYN-11994,TXN-SYN-11994,SUPP-IND-05,BUYER-VORTEX-02,Maersk Ocean Freight,1,174057.93,171842.82,-0.0127,1.074,551.56,405.47,1,0,350,470,0,22,0,0,NORMAL,0
INV-SYN-11995,TXN-SYN-11995,SUPP-PREC-04,BUYER-GLOBAL-05,Maersk Ocean Freight,1,120416.07,121190.05,0.0064,1.2757,423.13,250.31,0,0,327,434,0,5,0,1,NORMAL,0
INV-SYN-11996,TXN-SYN-11996,SUPP-PACIFIC-08,BUYER-VORTEX-02,Kuehne+Nagel Logistics,1,74502.73,73119.39,-0.0186,0.9749,404.18,316.98,0,0,307,471,0,1,0,1,NORMAL,0
INV-SYN-11997,TXN-SYN-11997,SUPP-PACIFIC-08,BUYER-APEX-06,DB Schenker,1,58464.85,57678.84,-0.0134,0.7691,751.32,625.53,0,0,308,456,0,8,0,0,NORMAL,0
INV-SYN-11998,TXN-SYN-11998,SUPP-IND-05,BUYER-GLOBAL-05,DB Schenker,1,153477.32,151133.84,-0.0153,0.9446,694.23,507.33,1,0,351,435,0,3,0,1,NORMAL,0
INV-SYN-11999,TXN-SYN-11999,SUPP-GLOBAL-01,BUYER-VORTEX-02,Maersk Ocean Freight,1,97652.92,97102.36,-0.0056,0.8092,463.58,420.82,0,0,310,472,0,19,1,0,NORMAL,0
INV-SYN-12000,TXN-SYN-12000,SUPP-IND-05,BUYER-GLOBAL-05,Maersk Ocean Freight,1,132992.87,132847.76,-0.0011,0.8303,600.37,442.01,1,0,352,436,0,9,1,0,NORMAL,0
INV-SYN-12001,TXN-SYN-12001,SUPP-IND-05,BUYER-VORTEX-02,DHL Global Express,1,154219.25,151716.25,-0.0162,0.9482,495.19,421.06,1,0,353,473,0,21,0,0,NORMAL,0
INV-SYN-12002,TXN-SYN-12002,SUPP-IND-05,BUYER-APEX-06,DB Schenker,1,128303.2,127205.57,-0.0086,0.795,420.07,374.07,1,0,354,457,0,21,0,0,NORMAL,0
INV-SYN-12003,TXN-SYN-12003,SUPP-GLOBAL-01,BUYER-OMEGA-01,FedEx International,1,110761.15,110995.84,0.0021,0.925,798.77,707.27,0,0,311,490,0,23,1,1,NORMAL,0
INV-SYN-12004,TXN-SYN-12004,SUPP-NEXUS-02,BUYER-APEX-06,DB Schenker,1,44760.69,44393.85,-0.0082,0.5223,566.54,474.96,0,0,272,458,0,22,0,0,NORMAL,0
INV-SYN-12005,TXN-SYN-12005,SUPP-TITAN-03,BUYER-GLOBAL-05,DB Schenker,1,294930.56,296460.51,0.0052,1.0588,990.31,803.95,1,0,356,437,0,17,0,0,NORMAL,0
INV-SYN-12006,TXN-SYN-12006,SUPP-GLOBAL-01,BUYER-VORTEX-02,Maersk Ocean Freight,1,120036.16,118575.65,-0.0122,0.9881,445.73,353.49,0,0,312,474,0,20,1,0,NORMAL,0
INV-SYN-12007,TXN-SYN-12007,SUPP-PACIFIC-08,BUYER-GLOBAL-05,DB Schenker,1,59679.59,58882.19,-0.0134,0.7851,617.74,570.44,0,0,309,438,0,5,0,1,NORMAL,0
INV-SYN-12008,TXN-SYN-12008,SUPP-GLOBAL-01,BUYER-VORTEX-02,FedEx International,1,139777.37,137751.58,-0.0145,1.1479,964.97,799.67,0,0,313,475,0,17,1,0,NORMAL,0
INV-SYN-12009,TXN-SYN-12009,SUPP-PACIFIC-08,BUYER-VORTEX-02,Maersk Ocean Freight,1,92579.44,91418.48,-0.0125,1.2189,434.23,349.87,0,0,310,476,0,12,0,0,NORMAL,0
INV-SYN-12010,TXN-SYN-12010,SUPP-PREC-04,BUYER-VORTEX-02,Kuehne+Nagel Logistics,1,56820.45,55715.95,-0.0194,0.5865,740.71,668.52,0,0,328,477,0,10,0,0,NORMAL,0
INV-SYN-12011,TXN-SYN-12011,SUPP-PREC-04,BUYER-APEX-06,DB Schenker,1,76885.29,76593.75,-0.0038,0.8062,755.25,714.88,0,0,329,459,0,18,0,0,NORMAL,0
INV-SYN-12012,TXN-SYN-12012,SUPP-PACIFIC-08,BUYER-GLOBAL-05,Maersk Ocean Freight,1,60578.58,60997.52,0.0069,0.8133,593.63,468.86,0,0,311,439,0,21,0,0,NORMAL,0
INV-SYN-12013,TXN-SYN-12013,SUPP-IND-05,BUYER-OMEGA-01,Kuehne+Nagel Logistics,1,122403.88,122910.82,0.0041,0.7682,552.88,502.89,1,0,355,491,0,23,0,1,NORMAL,0
INV-SYN-12014,TXN-SYN-12014,SUPP-TITAN-03,BUYER-OMEGA-01,FedEx International,1,338063.24,333211.93,-0.0144,1.19,786.74,744.88,1,0,357,492,0,15,1,0,NORMAL,0
INV-SYN-12015,TXN-SYN-12015,SUPP-GLOBAL-01,BUYER-VORTEX-02,DHL Global Express,1,114185.22,114621.2,0.0038,0.9552,504.24,338.02,0,0,314,478,0,16,1,0,NORMAL,0
INV-SYN-12016,TXN-SYN-12016,SUPP-IND-05,BUYER-GLOBAL-05,Maersk Ocean Freight,1,149419.41,147947.66,-0.0098,0.9247,783.86,677.9,1,0,356,440,0,22,0,0,NORMAL,0
INV-SYN-12017,TXN-SYN-12017,SUPP-NEXUS-02,BUYER-VORTEX-02,FedEx International,1,42417.92,42231.68,-0.0044,0.4968,305.51,245.59,0,0,273,479,0,15,0,0,NORMAL,0
INV-SYN-12018,TXN-SYN-12018,SUPP-GLOBAL-01,BUYER-VORTEX-02,FedEx International,1,139062.54,138674.35,-0.0028,1.1556,819.51,766.69,0,0,315,480,0,18,0,0,NORMAL,0
INV-SYN-12019,TXN-SYN-12019,SUPP-NEXUS-02,BUYER-OMEGA-01,DHL Global Express,1,58665.76,57938.84,-0.0124,0.6816,789.52,680.44,0,0,274,493,0,17,1,0,NORMAL,0
INV-SYN-12020,TXN-SYN-12020,SUPP-GLOBAL-01,BUYER-APEX-06,Kuehne+Nagel Logistics,1,121797.98,120696.44,-0.009,1.0058,916.8,753.54,0,0,316,460,0,12,0,0,NORMAL,0
INV-SYN-12021,TXN-SYN-12021,SUPP-NEXUS-02,BUYER-APEX-06,FedEx International,1,90894.26,90023.6,-0.0096,1.0591,942.14,779.19,0,0,275,461,0,19,1,0,NORMAL,0
INV-SYN-12022,TXN-SYN-12022,SUPP-GLOBAL-01,BUYER-VORTEX-02,FedEx International,1,160819.76,159389.41,-0.0089,1.3282,830.88,786.14,0,0,317,481,0,1,1,1,NORMAL,0
INV-SYN-12023,TXN-SYN-12023,SUPP-PACIFIC-08,BUYER-GLOBAL-05,Maersk Ocean Freight,1,50459.62,49708.72,-0.0149,0.6628,710.57,670.04,0,0,312,441,0,14,0,0,NORMAL,0
INV-SYN-12024,TXN-SYN-12024,SUPP-NEXUS-02,BUYER-OMEGA-01,DB Schenker,1,20835.37,20603.68,-0.0111,0.2424,772.32,725.7,0,0,276,494,0,2,1,1,NORMAL,0
INV-SYN-12025,TXN-SYN-12025,SUPP-GLOBAL-01,BUYER-OMEGA-01,FedEx International,1,125515.49,123619.12,-0.0151,1.0302,477.1,415.6,0,0,318,495,0,11,0,0,NORMAL,0
INV-SYN-12026,TXN-SYN-12026,SUPP-TITAN-03,BUYER-OMEGA-01,Maersk Ocean Freight,1,406035.78,408618.26,0.0064,1.4594,736.85,636.33,1,0,358,496,0,6,0,0,NORMAL,0
INV-SYN-12027,TXN-SYN-12027,SUPP-IND-05,BUYER-APEX-06,Kuehne+Nagel Logistics,1,209557.85,211392.16,0.0088,1.3212,791.06,625.32,1,0,357,462,0,7,0,0,NORMAL,0
INV-SYN-12028,TXN-SYN-12028,SUPP-PACIFIC-08,BUYER-APEX-06,DB Schenker,1,78931.11,77969.22,-0.0122,1.0396,853.94,801.43,0,0,313,463,0,7,0,0,NORMAL,0
INV-SYN-12029,TXN-SYN-12029,SUPP-NEXUS-02,BUYER-GLOBAL-05,DB Schenker,1,74552.73,73866.31,-0.0092,0.869,883.93,763.44,0,0,277,442,0,4,0,1,NORMAL,0
INV-SYN-12030,TXN-SYN-12030,SUPP-PREC-04,BUYER-VORTEX-02,DB Schenker,1,114169.16,113492.69,-0.0059,1.1947,822.47,763.33,0,0,330,482,0,10,0,0,NORMAL,0
INV-SYN-12031,TXN-SYN-12031,SUPP-GLOBAL-01,BUYER-VORTEX-02,DB Schenker,1,90793.61,90608.75,-0.002,0.7551,870.38,709.16,0,0,319,483,0,14,0,0,NORMAL,0
INV-SYN-12032,TXN-SYN-12032,SUPP-TITAN-03,BUYER-APEX-06,DB Schenker,1,313345.04,312095.83,-0.004,1.1146,821.99,674.82,1,0,359,464,0,10,0,0,NORMAL,0
INV-SYN-12033,TXN-SYN-12033,SUPP-NEXUS-02,BUYER-VORTEX-02,DHL Global Express,1,95741.24,95627.89,-0.0012,1.125,823.07,716.66,0,0,278,484,0,18,0,0,NORMAL,0
INV-SYN-12034,TXN-SYN-12034,SUPP-GLOBAL-01,BUYER-VORTEX-02,Kuehne+Nagel Logistics,1,151806.3,153230.21,0.0094,1.2769,874.21,819.61,0,0,320,485,0,9,0,0,NORMAL,0
INV-SYN-12035,TXN-SYN-12035,SUPP-GLOBAL-01,BUYER-VORTEX-02,DB Schenker,1,202789.8,204711.36,0.0095,1.7059,392.23,270.0,0,0,321,486,0,23,0,1,NORMAL,0
INV-SYN-12036,TXN-SYN-12036,SUPP-GLOBAL-01,BUYER-APEX-06,DHL Global Express,1,131772.48,132548.44,0.0059,1.1046,830.38,718.76,0,0,322,465,0,15,0,0,NORMAL,0
INV-SYN-12037,TXN-SYN-12037,SUPP-NEXUS-02,BUYER-VORTEX-02,Maersk Ocean Freight,1,74184.52,74008.9,-0.0024,0.8707,789.3,656.67,0,0,279,487,0,13,0,0,NORMAL,0
INV-SYN-12038,TXN-SYN-12038,SUPP-NEXUS-02,BUYER-GLOBAL-05,DHL Global Express,1,84456.55,85041.16,0.0069,1.0005,396.66,343.6,0,0,280,443,0,21,0,0,NORMAL,0
INV-SYN-12039,TXN-SYN-12039,SUPP-NEXUS-02,BUYER-APEX-06,DB Schenker,1,47407.14,47523.44,0.0025,0.5591,587.61,512.64,0,0,281,466,0,7,1,0,NORMAL,0
INV-SYN-12040,TXN-SYN-12040,SUPP-NEXUS-02,BUYER-OMEGA-01,Kuehne+Nagel Logistics,1,70237.35,69442.11,-0.0113,0.817,404.21,345.69,0,0,282,497,0,23,0,1,NORMAL,0
INV-SYN-12041,TXN-SYN-12041,SUPP-SUSP-06,BUYER-QUICK-04,None,0,607813.92,607813.92,0.0,1.5585,3.83,-1.0,6,5,40,86,0,11,1,0,RAPID_GHOST_SETTLEMENT,1
INV-SYN-12042,TXN-SYN-12042,SUPP-GLOBAL-01,BUYER-VORTEX-02,DHL Global Express,1,104277.35,103098.69,-0.0113,0.8592,505.96,422.84,0,0,323,488,0,16,1,0,NORMAL,0
INV-SYN-12043,TXN-SYN-12043,SUPP-IND-05,BUYER-APEX-06,Maersk Ocean Freight,1,166094.19,165662.9,-0.0026,1.0354,606.35,518.77,1,0,358,467,0,5,0,1,NORMAL,0
INV-SYN-12044,TXN-SYN-12044,SUPP-NEXUS-02,BUYER-OMEGA-01,DB Schenker,1,67523.58,67416.59,-0.0016,0.7931,745.51,650.61,0,0,283,498,0,21,0,0,NORMAL,0
INV-SYN-12045,TXN-SYN-12045,SUPP-GLOBAL-01,BUYER-GLOBAL-05,DB Schenker,1,153630.92,153701.0,0.0005,1.2808,774.7,661.19,0,0,324,444,0,22,0,0,NORMAL,0
INV-SYN-12046,TXN-SYN-12046,SUPP-PHANTOM-07,BUYER-STEEL-03,Unregistered Logistics,1,450000.0,450000.0,0.0,1.0,56.24,37.58,8,1,40,64,1,1,0,1,OFF_HOURS_ROUND_SUM,1
INV-SYN-12047,TXN-SYN-12047,SUPP-NEXUS-02,BUYER-VORTEX-02,DHL Global Express,1,84802.37,84549.42,-0.003,0.9947,810.23,771.49,0,0,284,489,0,14,0,0,NORMAL,0
INV-SYN-12048,TXN-SYN-12048,SUPP-TITAN-03,BUYER-OMEGA-01,Maersk Ocean Freight,1,257047.37,256568.64,-0.0019,0.9163,623.96,583.62,1,0,360,499,0,21,1,0,NORMAL,0
INV-SYN-12049,TXN-SYN-12049,SUPP-NEXUS-02,BUYER-VORTEX-02,Kuehne+Nagel Logistics,1,88297.8,86841.84,-0.0165,1.0217,457.34,371.02,0,0,285,490,0,8,1,0,NORMAL,0
INV-SYN-12050,TXN-SYN-12050,SUPP-NEXUS-02,BUYER-GLOBAL-05,FedEx International,1,102533.34,102527.72,-0.0001,1.2062,628.26,501.53,0,0,286,445,0,1,0,1,NORMAL,0
INV-SYN-12051,TXN-SYN-12051,SUPP-PREC-04,BUYER-VORTEX-02,Maersk Ocean Freight,1,74405.66,73302.28,-0.0148,0.7716,771.55,638.45,0,0,331,491,0,4,1,1,NORMAL,0
INV-SYN-12052,TXN-SYN-12052,SUPP-NEXUS-02,BUYER-OMEGA-01,DB Schenker,1,71015.02,69756.63,-0.0177,0.8207,688.09,548.62,0,0,287,500,0,23,0,1,NORMAL,0
INV-SYN-12053,TXN-SYN-12053,SUPP-PACIFIC-08,BUYER-GLOBAL-05,DB Schenker,1,69305.14,68344.77,-0.0139,0.9113,748.86,696.17,0,0,314,446,0,23,0,1,NORMAL,0
INV-SYN-12054,TXN-SYN-12054,SUPP-GLOBAL-01,BUYER-OMEGA-01,FedEx International,1,79623.87,79308.0,-0.004,0.6609,447.29,278.54,0,0,325,501,0,4,0,1,NORMAL,0
INV-SYN-12055,TXN-SYN-12055,SUPP-PACIFIC-08,BUYER-OMEGA-01,FedEx International,1,59638.92,58717.81,-0.0154,0.7829,893.43,709.27,0,0,315,502,0,0,0,1,NORMAL,0
INV-SYN-12056,TXN-SYN-12056,SUPP-SUSP-06,BUYER-STEEL-03,None,0,587093.62,587093.62,0.0,1.5054,2.95,-1.0,6,1,41,65,0,12,0,0,RAPID_GHOST_SETTLEMENT,1
INV-SYN-12057,TXN-SYN-12057,SUPP-IND-05,BUYER-APEX-06,DB Schenker,1,194975.57,192818.87,-0.0111,1.2051,343.16,305.84,1,0,359,468,0,0,1,1,NORMAL,0
INV-SYN-12058,TXN-SYN-12058,SUPP-TITAN-03,BUYER-GLOBAL-05,Maersk Ocean Freight,1,298379.29,292935.25,-0.0182,1.0462,774.3,690.05,1,0,361,447,0,23,1,1,NORMAL,0
INV-SYN-12059,TXN-SYN-12059,SUPP-PACIFIC-08,BUYER-OMEGA-01,DB Schenker,1,78629.81,77973.09,-0.0084,1.0396,914.26,789.34,0,0,316,503,0,10,0,0,NORMAL,0
INV-SYN-12060,TXN-SYN-12060,SUPP-PREC-04,BUYER-APEX-06,DB Schenker,1,115208.83,114565.19,-0.0056,1.2059,602.15,436.38,0,0,332,469,0,2,0,1,NORMAL,0
INV-SYN-12061,TXN-SYN-12061,SUPP-PACIFIC-08,BUYER-APEX-06,Maersk Ocean Freight,1,72424.28,71588.0,-0.0115,0.9545,876.8,705.04,0,0,317,470,0,6,1,0,NORMAL,0
INV-SYN-12062,TXN-SYN-12062,SUPP-GLOBAL-01,BUYER-APEX-06,DHL Global Express,1,131713.95,129939.94,-0.0135,1.0828,745.04,606.31,0,0,326,471,0,10,0,0,NORMAL,0
INV-SYN-12063,TXN-SYN-12063,SUPP-PACIFIC-08,BUYER-APEX-06,DHL Global Express,1,73064.59,71995.76,-0.0146,0.9599,489.54,423.38,0,0,318,472,0,9,0,0,NORMAL,0
INV-SYN-12064,TXN-SYN-12064,SUPP-GLOBAL-01,BUYER-OMEGA-01,DHL Global Express,1,127960.87,127749.99,-0.0016,1.0646,527.82,408.84,0,0,327,504,0,20,0,0,NORMAL,0
INV-SYN-12065,TXN-SYN-12065,SUPP-TITAN-03,BUYER-QUICK-04,DB Schenker,1,457289.25,525882.64,0.15,1.8782,118.65,0.88,1,5,362,87,0,3,1,1,SERIAL_COUNTERPARTY_SPIKE,1
INV-SYN-12066,TXN-SYN-12066,SUPP-PACIFIC-08,BUYER-OMEGA-01,DB Schenker,1,29272.18,29137.84,-0.0046,0.3885,319.01,251.94,0,0,319,505,0,12,0,0,NORMAL,0
INV-SYN-12067,TXN-SYN-12067,SUPP-NEXUS-02,BUYER-APEX-06,FedEx International,1,82146.57,80555.24,-0.0194,0.9477,807.1,663.74,0,0,288,473,0,23,0,1,NORMAL,0
INV-SYN-12068,TXN-SYN-12068,SUPP-SUSP-06,BUYER-APEX-06,None,0,250000.0,250000.0,0.0,0.641,18.06,-0.73,6,0,42,474,1,4,1,1,OFF_HOURS_ROUND_SUM,1
INV-SYN-12069,TXN-SYN-12069,SUPP-PACIFIC-08,BUYER-OMEGA-01,DB Schenker,1,92366.54,91016.49,-0.0146,1.2136,853.59,779.49,0,0,320,506,0,6,0,0,NORMAL,0
INV-SYN-12070,TXN-SYN-12070,SUPP-IND-05,BUYER-OMEGA-01,Kuehne+Nagel Logistics,1,198615.9,197939.52,-0.0034,1.2371,806.72,745.47,1,0,360,507,0,0,0,1,NORMAL,0
INV-SYN-12071,TXN-SYN-12071,SUPP-IND-05,BUYER-VORTEX-02,DHL Global Express,1,209445.23,208803.63,-0.0031,1.305,642.05,510.66,1,0,361,492,0,11,0,0,NORMAL,0
INV-SYN-12072,TXN-SYN-12072,SUPP-IND-05,BUYER-APEX-06,FedEx International,1,163546.3,162519.5,-0.0063,1.0157,858.72,754.68,1,0,362,475,0,16,0,0,NORMAL,0
INV-SYN-12073,TXN-SYN-12073,SUPP-NEXUS-02,BUYER-VORTEX-02,FedEx International,1,89192.96,88751.28,-0.005,1.0441,544.0,368.69,0,0,289,493,0,6,0,0,NORMAL,0
INV-SYN-12074,TXN-SYN-12074,SUPP-PREC-04,BUYER-APEX-06,DHL Global Express,1,80330.77,78924.91,-0.0175,0.8308,858.41,769.96,0,0,333,476,0,4,1,1,NORMAL,0
INV-SYN-12075,TXN-SYN-12075,SUPP-IND-05,BUYER-APEX-06,DB Schenker,1,147357.09,146420.82,-0.0064,0.9151,497.48,422.82,1,0,363,477,0,15,1,0,NORMAL,0
INV-SYN-12076,TXN-SYN-12076,SUPP-GLOBAL-01,BUYER-OMEGA-01,FedEx International,1,138473.13,136492.43,-0.0143,1.1374,500.23,360.68,0,0,328,508,0,16,0,0,NORMAL,0
INV-SYN-12077,TXN-SYN-12077,SUPP-NEXUS-02,BUYER-VORTEX-02,FedEx International,1,110582.54,110164.2,-0.0038,1.296,564.86,449.6,0,0,290,494,0,9,0,0,NORMAL,0
INV-SYN-12078,TXN-SYN-12078,SUPP-NEXUS-02,BUYER-APEX-06,Kuehne+Nagel Logistics,1,82036.77,82188.51,0.0018,0.9669,481.1,435.22,0,0,291,478,0,10,0,0,NORMAL,0
INV-SYN-12079,TXN-SYN-12079,SUPP-PACIFIC-08,BUYER-OMEGA-01,DHL Global Express,1,66558.95,67016.18,0.0069,0.8935,743.29,630.39,0,0,321,509,0,13,0,0,NORMAL,0
INV-SYN-12080,TXN-SYN-12080,SUPP-PREC-04,BUYER-GLOBAL-05,DB Schenker,1,95012.54,93588.44,-0.015,0.9851,688.62,553.59,0,0,334,448,0,19,0,0,NORMAL,0
INV-SYN-12081,TXN-SYN-12081,SUPP-PACIFIC-08,BUYER-GLOBAL-05,DB Schenker,1,86272.63,84741.45,-0.0177,1.1299,562.64,506.76,0,0,322,449,0,8,1,0,NORMAL,0
INV-SYN-12082,TXN-SYN-12082,SUPP-PREC-04,BUYER-OMEGA-01,DB Schenker,1,60708.45,60410.68,-0.0049,0.6359,544.66,491.4,0,0,335,510,0,18,0,0,NORMAL,0
INV-SYN-12083,TXN-SYN-12083,SUPP-IND-05,BUYER-VORTEX-02,FedEx International,1,68152.76,67400.85,-0.011,0.4213,819.73,680.65,1,0,364,495,0,15,1,0,NORMAL,0
INV-SYN-12084,TXN-SYN-12084,SUPP-IND-05,BUYER-QUICK-04,FedEx International,1,258531.28,297310.97,0.15,1.8582,131.46,48.74,1,5,365,88,0,21,0,0,SERIAL_COUNTERPARTY_SPIKE,1
INV-SYN-12085,TXN-SYN-12085,SUPP-GLOBAL-01,BUYER-VORTEX-02,DB Schenker,1,83378.63,82221.68,-0.0139,0.6852,711.51,579.3,0,0,329,496,0,18,0,0,NORMAL,0
INV-SYN-12086,TXN-SYN-12086,SUPP-NEXUS-02,BUYER-GLOBAL-05,DHL Global Express,1,74202.02,74058.83,-0.0019,0.8713,839.1,698.4,0,0,292,450,0,10,0,0,NORMAL,0
INV-SYN-12087,TXN-SYN-12087,SUPP-PACIFIC-08,BUYER-GLOBAL-05,Kuehne+Nagel Logistics,1,72229.12,72039.88,-0.0026,0.9605,531.69,400.87,0,0,323,451,0,5,1,1,NORMAL,0
INV-SYN-12088,TXN-SYN-12088,SUPP-PREC-04,BUYER-VORTEX-02,Maersk Ocean Freight,1,84235.35,83591.81,-0.0076,0.8799,405.84,277.76,0,0,336,497,0,6,1,0,NORMAL,0
INV-SYN-12089,TXN-SYN-12089,SUPP-PREC-04,BUYER-APEX-06,DB Schenker,1,129496.1,129091.18,-0.0031,1.3589,636.68,514.37,0,0,337,479,0,10,0,0,NORMAL,0
INV-SYN-12090,TXN-SYN-12090,SUPP-PACIFIC-08,BUYER-APEX-06,DB Schenker,1,81126.46,80360.49,-0.0094,1.0715,542.91,410.54,0,0,324,480,0,14,0,0,NORMAL,0
INV-SYN-12091,TXN-SYN-12091,SUPP-TITAN-03,BUYER-OMEGA-01,DB Schenker,1,301033.21,296760.42,-0.0142,1.0599,879.08,748.19,1,0,363,511,0,21,0,0,NORMAL,0
INV-SYN-12092,TXN-SYN-12092,SUPP-GLOBAL-01,BUYER-APEX-06,Maersk Ocean Freight,1,138666.21,137095.02,-0.0113,1.1425,471.26,363.75,0,0,330,481,0,11,1,0,NORMAL,0
INV-SYN-12093,TXN-SYN-12093,SUPP-PACIFIC-08,BUYER-OMEGA-01,DHL Global Express,1,53646.88,53045.45,-0.0112,0.7073,526.28,399.13,0,0,325,512,0,18,0,0,NORMAL,0
INV-SYN-12094,TXN-SYN-12094,SUPP-TITAN-03,BUYER-OMEGA-01,Kuehne+Nagel Logistics,1,352737.83,347446.75,-0.015,1.2409,901.34,765.5,1,0,364,513,0,18,1,0,NORMAL,0
INV-SYN-12095,TXN-SYN-12095,SUPP-TITAN-03,BUYER-VORTEX-02,Kuehne+Nagel Logistics,1,274696.5,276517.43,0.0066,0.9876,364.62,323.72,1,0,365,498,0,9,0,0,NORMAL,0
INV-SYN-12096,TXN-SYN-12096,SUPP-PREC-04,BUYER-OMEGA-01,DHL Global Express,1,110923.91,109670.06,-0.0113,1.1544,380.73,250.85,0,0,338,514,0,10,0,0,NORMAL,0
INV-SYN-12097,TXN-SYN-12097,SUPP-IND-05,BUYER-VORTEX-02,DHL Global Express,1,117125.71,117712.15,0.005,0.7357,794.04,702.1,1,0,366,499,0,12,1,0,NORMAL,0
INV-SYN-12098,TXN-SYN-12098,SUPP-GLOBAL-01,BUYER-VORTEX-02,Maersk Ocean Freight,1,73387.24,73690.69,0.0041,0.6141,727.52,640.05,0,0,331,500,0,2,0,1,NORMAL,0
INV-SYN-12099,TXN-SYN-12099,SUPP-IND-05,BUYER-VORTEX-02,DHL Global Express,1,192715.59,193121.6,0.0021,1.207,648.86,572.0,1,0,367,501,0,13,1,0,NORMAL,0
INV-SYN-12100,TXN-SYN-12100,SUPP-PREC-04,BUYER-VORTEX-02,Maersk Ocean Freight,1,103939.73,104746.68,0.0078,1.1026,894.86,789.12,0,0,339,502,0,11,1,0,NORMAL,0
INV-SYN-12101,TXN-SYN-12101,SUPP-GLOBAL-01,BUYER-OMEGA-01,Kuehne+Nagel Logistics,1,92938.45,92974.67,0.0004,0.7748,449.45,301.09,0,0,332,515,0,0,0,1,NORMAL,0
INV-SYN-12102,TXN-SYN-12102,SUPP-IND-05,BUYER-GLOBAL-05,Maersk Ocean Freight,1,125213.48,122774.15,-0.0195,0.7673,659.49,472.44,1,0,368,452,0,3,0,1,NORMAL,0
INV-SYN-12103,TXN-SYN-12103,SUPP-GLOBAL-01,BUYER-GLOBAL-05,DB Schenker,1,153763.04,151571.53,-0.0143,1.2631,743.35,638.98,0,0,333,453,0,14,1,0,NORMAL,0
INV-SYN-12104,TXN-SYN-12104,SUPP-TITAN-03,BUYER-APEX-06,DHL Global Express,1,196741.17,193112.0,-0.0184,0.6897,786.92,632.18,1,0,366,482,0,11,0,0,NORMAL,0
INV-SYN-12105,TXN-SYN-12105,SUPP-IND-05,BUYER-APEX-06,DHL Global Express,1,225706.92,227139.17,0.0063,1.4196,469.17,307.8,1,0,369,483,0,8,0,0,NORMAL,0
INV-SYN-12106,TXN-SYN-12106,SUPP-NEXUS-02,BUYER-APEX-06,Maersk Ocean Freight,1,65861.81,65903.83,0.0006,0.7753,834.79,791.36,0,0,293,484,0,4,0,1,NORMAL,0
INV-SYN-12107,TXN-SYN-12107,SUPP-TITAN-03,BUYER-GLOBAL-05,Kuehne+Nagel Logistics,1,324687.43,323992.33,-0.0021,1.1571,447.3,404.56,1,0,367,454,0,23,0,1,NORMAL,0
INV-SYN-12108,TXN-SYN-12108,SUPP-TITAN-03,BUYER-APEX-06,Maersk Ocean Freight,1,256996.71,259020.24,0.0079,0.9251,502.59,338.9,1,0,368,485,0,22,0,0,NORMAL,0
INV-SYN-12109,TXN-SYN-12109,SUPP-GLOBAL-01,BUYER-APEX-06,Maersk Ocean Freight,1,138095.62,138557.35,0.0033,1.1546,660.99,606.77,0,0,334,486,0,10,0,0,NORMAL,0
INV-SYN-12110,TXN-SYN-12110,SUPP-PREC-04,BUYER-APEX-06,FedEx International,1,82077.29,82731.71,0.008,0.8709,959.19,803.36,0,0,340,487,0,5,0,1,NORMAL,0
INV-SYN-12111,TXN-SYN-12111,SUPP-NEXUS-02,BUYER-OMEGA-01,Maersk Ocean Freight,1,81540.65,80721.46,-0.01,0.9497,573.36,503.75,0,0,294,516,0,1,1,1,NORMAL,0
INV-SYN-12112,TXN-SYN-12112,SUPP-GLOBAL-01,BUYER-GLOBAL-05,DB Schenker,1,121227.58,120550.16,-0.0056,1.0046,509.8,413.14,0,0,335,455,0,23,1,1,NORMAL,0
INV-SYN-12113,TXN-SYN-12113,SUPP-TITAN-03,BUYER-GLOBAL-05,DHL Global Express,1,209846.88,209432.11,-0.002,0.748,835.76,748.86,1,0,369,456,0,16,0,0,NORMAL,0
INV-SYN-12114,TXN-SYN-12114,SUPP-PREC-04,BUYER-QUICK-04,None,0,146511.32,146511.32,0.0,1.5422,3.78,-1.0,0,5,341,89,0,22,0,0,RAPID_GHOST_SETTLEMENT,1
INV-SYN-12115,TXN-SYN-12115,SUPP-NEXUS-02,BUYER-OMEGA-01,DHL Global Express,1,74094.21,74454.83,0.0049,0.8759,418.31,241.99,0,0,295,517,0,12,0,0,NORMAL,0
INV-SYN-12116,TXN-SYN-12116,SUPP-NEXUS-02,BUYER-APEX-06,DHL Global Express,1,80142.25,78983.8,-0.0145,0.9292,847.84,797.58,0,0,296,488,0,15,0,0,NORMAL,0
INV-SYN-12117,TXN-SYN-12117,SUPP-PREC-04,BUYER-VORTEX-02,Kuehne+Nagel Logistics,1,71384.2,71327.29,-0.0008,0.7508,671.59,536.79,0,0,342,503,0,19,0,0,NORMAL,0
INV-SYN-12118,TXN-SYN-12118,SUPP-PREC-04,BUYER-GLOBAL-05,Maersk Ocean Freight,1,34144.58,34020.54,-0.0036,0.3581,647.85,573.41,0,0,343,457,0,19,0,0,NORMAL,0
INV-SYN-12119,TXN-SYN-12119,SUPP-PACIFIC-08,BUYER-GLOBAL-05,Maersk Ocean Freight,1,71418.23,70356.17,-0.0149,0.9381,469.36,342.19,0,0,326,458,0,3,1,1,NORMAL,0
INV-SYN-12120,TXN-SYN-12120,SUPP-TITAN-03,BUYER-VORTEX-02,DB Schenker,1,448883.08,444115.42,-0.0106,1.5861,535.96,436.62,1,0,370,504,0,13,0,0,NORMAL,0
INV-SYN-12121,TXN-SYN-12121,SUPP-TITAN-03,BUYER-OMEGA-01,DB Schenker,1,334922.3,328773.85,-0.0184,1.1742,929.94,751.01,1,0,371,518,0,8,0,0,NORMAL,0
INV-SYN-12122,TXN-SYN-12122,SUPP-GLOBAL-01,BUYER-GLOBAL-05,Maersk Ocean Freight,1,119422.19,117366.02,-0.0172,0.9781,507.47,401.55,0,0,336,459,0,1,0,1,NORMAL,0
INV-SYN-12123,TXN-SYN-12123,SUPP-NEXUS-02,BUYER-GLOBAL-05,Kuehne+Nagel Logistics,1,79413.57,78674.92,-0.0093,0.9256,822.33,764.31,0,0,297,460,0,10,0,0,NORMAL,0
INV-SYN-12124,TXN-SYN-12124,SUPP-PACIFIC-08,BUYER-GLOBAL-05,Maersk Ocean Freight,1,75421.24,75699.1,0.0037,1.0093,696.3,588.35,0,0,327,461,0,21,0,0,NORMAL,0
INV-SYN-12125,TXN-SYN-12125,SUPP-PHANTOM-07,BUYER-QUICK-04,None,0,575828.76,575828.76,0.0,1.2796,1.54,-1.0,8,5,41,90,0,23,0,1,RAPID_GHOST_SETTLEMENT,1
INV-SYN-12126,TXN-SYN-12126,SUPP-IND-05,BUYER-OMEGA-01,DHL Global Express,1,112767.49,110934.38,-0.0163,0.6933,834.28,764.31,1,0,370,519,0,2,0,1,NORMAL,0
INV-SYN-12127,TXN-SYN-12127,SUPP-GLOBAL-01,BUYER-VORTEX-02,FedEx International,1,153429.65,153326.74,-0.0007,1.2777,675.55,496.27,0,0,337,505,0,21,1,0,NORMAL,0
INV-SYN-12128,TXN-SYN-12128,SUPP-PHANTOM-07,BUYER-STEEL-03,DB Schenker,1,530480.4,931269.13,0.7555,2.0695,355.79,291.08,8,1,42,66,0,16,0,0,AMOUNT_INFLATION,1
INV-SYN-12129,TXN-SYN-12129,SUPP-GLOBAL-01,BUYER-GLOBAL-05,DHL Global Express,1,141545.57,140560.96,-0.007,1.1713,513.37,428.08,0,0,338,462,0,10,0,0,NORMAL,0
INV-SYN-12130,TXN-SYN-12130,SUPP-GLOBAL-01,BUYER-APEX-06,FedEx International,1,133154.27,132123.36,-0.0077,1.101,961.7,795.95,0,0,339,489,0,19,0,0,NORMAL,0
INV-SYN-12131,TXN-SYN-12131,SUPP-PACIFIC-08,BUYER-VORTEX-02,DHL Global Express,1,75367.81,75682.34,0.0042,1.0091,662.98,547.13,0,0,328,506,0,13,0,0,NORMAL,0
INV-SYN-12132,TXN-SYN-12132,SUPP-GLOBAL-01,BUYER-GLOBAL-05,Kuehne+Nagel Logistics,1,140185.84,139393.93,-0.0056,1.1616,619.57,537.94,0,0,340,463,0,13,1,0,NORMAL,0
INV-SYN-12133,TXN-SYN-12133,SUPP-PACIFIC-08,BUYER-APEX-06,Kuehne+Nagel Logistics,1,86096.52,85353.25,-0.0086,1.138,654.67,593.31,0,0,329,490,0,15,0,0,NORMAL,0
INV-SYN-12134,TXN-SYN-12134,SUPP-GLOBAL-01,BUYER-GLOBAL-05,DB Schenker,1,109378.78,109861.03,0.0044,0.9155,642.66,585.36,0,0,341,464,0,7,0,0,NORMAL,0
INV-SYN-12135,TXN-SYN-12135,SUPP-PREC-04,BUYER-APEX-06,DB Schenker,1,81376.96,81961.33,0.0072,0.8628,629.28,585.07,0,0,344,491,0,0,0,1,NORMAL,0
INV-SYN-12136,TXN-SYN-12136,SUPP-GLOBAL-01,BUYER-OMEGA-01,Kuehne+Nagel Logistics,1,123055.69,122559.53,-0.004,1.0213,499.17,376.73,0,0,342,520,0,16,1,0,NORMAL,0
INV-SYN-12137,TXN-SYN-12137,SUPP-IND-05,BUYER-APEX-06,None,0,258948.3,258948.3,0.0,1.6184,0.88,-1.0,1,0,371,492,0,3,0,1,RAPID_GHOST_SETTLEMENT,1
INV-SYN-12138,TXN-SYN-12138,SUPP-IND-05,BUYER-APEX-06,Maersk Ocean Freight,1,110435.72,109189.48,-0.0113,0.6824,554.77,473.92,1,0,372,493,0,18,1,0,NORMAL,0
INV-SYN-12139,TXN-SYN-12139,SUPP-PACIFIC-08,BUYER-GLOBAL-05,DB Schenker,1,47483.9,47872.08,0.0082,0.6383,841.46,674.52,0,0,330,465,0,18,0,0,NORMAL,0
INV-SYN-12140,TXN-SYN-12140,SUPP-IND-05,BUYER-GLOBAL-05,Kuehne+Nagel Logistics,1,166590.43,166062.54,-0.0032,1.0379,609.94,437.16,1,0,373,466,0,6,1,0,NORMAL,0
INV-SYN-12141,TXN-SYN-12141,SUPP-PACIFIC-08,BUYER-GLOBAL-05,DHL Global Express,1,75954.14,74723.12,-0.0162,0.9963,862.41,745.55,0,0,331,467,0,13,0,0,NORMAL,0
INV-SYN-12142,TXN-SYN-12142,SUPP-GLOBAL-01,BUYER-VORTEX-02,DB Schenker,1,125200.25,124353.05,-0.0068,1.0363,732.6,605.52,0,0,343,507,0,7,1,0,NORMAL,0
INV-SYN-12143,TXN-SYN-12143,SUPP-NEXUS-02,BUYER-STEEL-03,None,0,139560.51,139560.51,0.0,1.6419,4.58,-1.0,0,1,298,67,0,2,0,1,RAPID_GHOST_SETTLEMENT,1
INV-SYN-12144,TXN-SYN-12144,SUPP-PREC-04,BUYER-OMEGA-01,DB Schenker,1,89698.95,90397.43,0.0078,0.9516,572.64,419.55,0,0,345,521,0,17,0,0,NORMAL,0
INV-SYN-12145,TXN-SYN-12145,SUPP-TITAN-03,BUYER-GLOBAL-05,FedEx International,1,384290.44,385711.25,0.0037,1.3775,655.26,495.27,1,0,372,468,0,12,1,0,NORMAL,0
INV-SYN-12146,TXN-SYN-12146,SUPP-NEXUS-02,BUYER-APEX-06,FedEx International,1,50980.79,50121.47,-0.0169,0.5897,687.34,622.92,0,0,299,494,0,6,0,0,NORMAL,0
INV-SYN-12147,TXN-SYN-12147,SUPP-NEXUS-02,BUYER-GLOBAL-05,DHL Global Express,1,67394.44,67762.93,0.0055,0.7972,640.67,586.87,0,0,300,469,0,2,0,1,NORMAL,0
INV-SYN-12148,TXN-SYN-12148,SUPP-IND-05,BUYER-APEX-06,Maersk Ocean Freight,1,155869.81,153125.5,-0.0176,0.957,769.32,585.86,1,0,374,495,0,21,0,0,NORMAL,0
INV-SYN-12149,TXN-SYN-12149,SUPP-GLOBAL-01,BUYER-GLOBAL-05,None,0,119021.99,119021.99,0.0,0.9918,2.5,-1.0,0,0,344,470,0,1,0,1,RAPID_GHOST_SETTLEMENT,1
INV-SYN-12150,TXN-SYN-12150,SUPP-IND-05,BUYER-OMEGA-01,Kuehne+Nagel Logistics,1,152965.82,150584.79,-0.0156,0.9412,761.51,591.12,1,0,375,522,0,1,0,1,NORMAL,0
INV-SYN-12151,TXN-SYN-12151,SUPP-NEXUS-02,BUYER-GLOBAL-05,DB Schenker,1,120306.24,120892.34,0.0049,1.4223,647.92,563.08,0,0,301,471,0,14,0,0,NORMAL,0
INV-SYN-12152,TXN-SYN-12152,SUPP-GLOBAL-01,BUYER-APEX-06,Maersk Ocean Freight,1,120626.59,118257.08,-0.0196,0.9855,523.53,357.1,0,0,345,496,0,4,0,1,NORMAL,0
INV-SYN-12153,TXN-SYN-12153,SUPP-TITAN-03,BUYER-OMEGA-01,None,0,488967.38,488967.38,0.0,1.7463,0.86,-1.0,1,0,373,523,0,4,1,1,RAPID_GHOST_SETTLEMENT,1
INV-SYN-12154,TXN-SYN-12154,SUPP-NEXUS-02,BUYER-VORTEX-02,Maersk Ocean Freight,1,58221.5,58777.09,0.0095,0.6915,533.69,449.74,0,0,302,508,0,2,0,1,NORMAL,0
INV-SYN-12155,TXN-SYN-12155,SUPP-NEXUS-02,BUYER-APEX-06,DB Schenker,1,71902.32,70591.69,-0.0182,0.8305,837.42,718.56,0,0,303,497,0,1,0,1,NORMAL,0
INV-SYN-12156,TXN-SYN-12156,SUPP-IND-05,BUYER-OMEGA-01,Maersk Ocean Freight,1,144992.14,143517.89,-0.0102,0.897,540.48,367.31,1,0,376,524,0,22,1,0,NORMAL,0
INV-SYN-12157,TXN-SYN-12157,SUPP-PREC-04,BUYER-VORTEX-02,DB Schenker,1,87454.27,88081.61,0.0072,0.9272,719.21,537.71,0,0,346,509,0,13,0,0,NORMAL,0
INV-SYN-12158,TXN-SYN-12158,SUPP-PREC-04,BUYER-APEX-06,Maersk Ocean Freight,1,125439.04,124585.57,-0.0068,1.3114,615.65,545.79,0,0,347,498,0,12,1,0,NORMAL,0
INV-SYN-12159,TXN-SYN-12159,SUPP-IND-05,BUYER-APEX-06,DB Schenker,1,182307.64,179804.48,-0.0137,1.1238,349.96,276.21,1,0,377,499,0,19,0,0,NORMAL,0
INV-SYN-12160,TXN-SYN-12160,SUPP-GLOBAL-01,BUYER-GLOBAL-05,Kuehne+Nagel Logistics,1,86656.26,87458.94,0.0093,0.7288,482.55,294.21,0,0,346,472,0,11,0,0,NORMAL,0
INV-SYN-12161,TXN-SYN-12161,SUPP-SUSP-06,BUYER-STEEL-03,None,0,450000.0,450000.0,0.0,1.1538,33.38,0.32,6,1,43,68,1,3,0,1,OFF_HOURS_ROUND_SUM,1
INV-SYN-12162,TXN-SYN-12162,SUPP-GLOBAL-01,BUYER-OMEGA-01,DB Schenker,1,134946.65,133244.03,-0.0126,1.1104,450.77,265.55,0,0,347,525,0,5,0,1,NORMAL,0
INV-SYN-12163,TXN-SYN-12163,SUPP-IND-05,BUYER-STEEL-03,None,0,304562.38,304562.38,0.0,1.9035,2.4,-1.0,1,1,378,69,0,4,0,1,RAPID_GHOST_SETTLEMENT,1
INV-SYN-12164,TXN-SYN-12164,SUPP-PACIFIC-08,BUYER-APEX-06,FedEx International,1,104635.14,103619.5,-0.0097,1.3816,627.65,552.74,0,0,332,500,0,19,0,0,NORMAL,0
INV-SYN-12165,TXN-SYN-12165,SUPP-PREC-04,BUYER-GLOBAL-05,DHL Global Express,1,70891.51,71211.23,0.0045,0.7496,403.52,260.98,0,0,348,473,0,14,0,0,NORMAL,0
INV-SYN-12166,TXN-SYN-12166,SUPP-GLOBAL-01,BUYER-APEX-06,Maersk Ocean Freight,1,95674.27,94688.81,-0.0103,0.7891,736.34,561.25,0,0,348,501,0,19,0,0,NORMAL,0
INV-SYN-12167,TXN-SYN-12167,SUPP-PACIFIC-08,BUYER-GLOBAL-05,DHL Global Express,1,51420.42,50801.73,-0.012,0.6774,450.63,262.48,0,0,333,474,0,6,0,0,NORMAL,0
INV-SYN-12168,TXN-SYN-12168,SUPP-PACIFIC-08,BUYER-OMEGA-01,FedEx International,1,70612.13,71276.16,0.0094,0.9503,569.25,531.96,0,0,334,526,0,3,0,1,NORMAL,0
INV-SYN-12169,TXN-SYN-12169,SUPP-NEXUS-02,BUYER-APEX-06,Maersk Ocean Freight,1,94910.12,95452.67,0.0057,1.123,792.34,620.26,0,0,304,502,0,21,0,0,NORMAL,0
INV-SYN-12170,TXN-SYN-12170,SUPP-PACIFIC-08,BUYER-GLOBAL-05,DB Schenker,1,93512.52,93125.94,-0.0041,1.2417,556.52,430.19,0,0,335,475,0,7,0,0,NORMAL,0
INV-SYN-12171,TXN-SYN-12171,SUPP-NEXUS-02,BUYER-OMEGA-01,Kuehne+Nagel Logistics,1,83386.04,83157.06,-0.0027,0.9783,524.28,481.28,0,0,305,527,0,20,1,0,NORMAL,0
INV-SYN-12172,TXN-SYN-12172,SUPP-PACIFIC-08,BUYER-OMEGA-01,Maersk Ocean Freight,1,69002.86,67981.2,-0.0148,0.9064,922.8,803.09,0,0,336,528,0,9,1,0,NORMAL,0
INV-SYN-12173,TXN-SYN-12173,SUPP-IND-05,BUYER-APEX-06,Maersk Ocean Freight,1,166070.32,167089.17,0.0061,1.0443,460.82,307.13,1,0,379,503,0,18,0,0,NORMAL,0
INV-SYN-12174,TXN-SYN-12174,SUPP-PACIFIC-08,BUYER-VORTEX-02,Kuehne+Nagel Logistics,1,59341.07,59519.54,0.003,0.7936,441.34,321.47,0,0,337,510,0,13,0,0,NORMAL,0
INV-SYN-12175,TXN-SYN-12175,SUPP-PREC-04,BUYER-OMEGA-01,Kuehne+Nagel Logistics,1,144626.54,145588.01,0.0066,1.5325,762.95,723.63,0,0,349,529,0,0,1,1,NORMAL,0
INV-SYN-12176,TXN-SYN-12176,SUPP-IND-05,BUYER-OMEGA-01,Maersk Ocean Freight,1,95693.56,95954.49,0.0027,0.5997,872.3,705.4,1,0,380,530,0,15,0,0,NORMAL,0
INV-SYN-12177,TXN-SYN-12177,SUPP-GLOBAL-01,BUYER-VORTEX-02,DB Schenker,1,125542.22,123815.76,-0.0138,1.0318,895.29,780.69,0,0,349,511,0,8,0,0,NORMAL,0
INV-SYN-12178,TXN-SYN-12178,SUPP-IND-05,BUYER-APEX-06,Maersk Ocean Freight,1,240944.25,239521.91,-0.0059,1.497,954.78,817.08,1,0,381,504,0,2,1,1,NORMAL,0
INV-SYN-12179,TXN-SYN-12179,SUPP-NEXUS-02,BUYER-VORTEX-02,DHL Global Express,1,85144.5,84166.95,-0.0115,0.9902,847.72,737.64,0,0,306,512,0,10,1,0,NORMAL,0
INV-SYN-12180,TXN-SYN-12180,SUPP-TITAN-03,BUYER-STEEL-03,Unregistered Logistics,1,250000.0,250000.0,0.0,0.8929,75.52,40.6,1,1,374,70,1,4,0,1,OFF_HOURS_ROUND_SUM,1
INV-SYN-12181,TXN-SYN-12181,SUPP-IND-05,BUYER-QUICK-04,None,0,259192.8,259192.8,0.0,1.62,4.66,-1.0,1,5,382,91,0,8,1,0,RAPID_GHOST_SETTLEMENT,1
INV-SYN-12182,TXN-SYN-12182,SUPP-IND-05,BUYER-VORTEX-02,Kuehne+Nagel Logistics,1,152784.33,333495.4,1.1828,2.0843,250.41,168.22,1,0,383,513,0,18,1,0,AMOUNT_INFLATION,1
INV-SYN-12183,TXN-SYN-12183,SUPP-TITAN-03,BUYER-GLOBAL-05,DB Schenker,1,376099.39,369215.99,-0.0183,1.3186,886.98,743.32,1,0,375,476,0,2,1,1,NORMAL,0
INV-SYN-12184,TXN-SYN-12184,SUPP-TITAN-03,BUYER-OMEGA-01,FedEx International,1,125169.67,123265.44,-0.0152,0.4402,838.03,744.11,1,0,376,531,0,8,1,0,NORMAL,0
INV-SYN-12185,TXN-SYN-12185,SUPP-PACIFIC-08,BUYER-OMEGA-01,DHL Global Express,1,103751.88,103179.34,-0.0055,1.3757,944.97,812.85,0,0,338,532,0,20,0,0,NORMAL,0
INV-SYN-12186,TXN-SYN-12186,SUPP-NEXUS-02,BUYER-VORTEX-02,DB Schenker,1,54740.91,54539.44,-0.0037,0.6416,786.75,678.11,0,0,307,514,0,11,1,0,NORMAL,0
INV-SYN-12187,TXN-SYN-12187,SUPP-IND-05,BUYER-APEX-06,DB Schenker,1,149333.91,148093.43,-0.0083,0.9256,560.02,484.12,1,0,384,505,0,5,0,1,NORMAL,0
INV-SYN-12188,TXN-SYN-12188,SUPP-NEXUS-02,BUYER-VORTEX-02,FedEx International,1,75878.56,76618.81,0.0098,0.9014,518.66,351.31,0,0,308,515,0,11,0,0,NORMAL,0
INV-SYN-12189,TXN-SYN-12189,SUPP-GLOBAL-01,BUYER-GLOBAL-05,FedEx International,1,137656.6,137769.05,0.0008,1.1481,632.59,491.53,0,0,350,477,0,4,0,1,NORMAL,0
INV-SYN-12190,TXN-SYN-12190,SUPP-GLOBAL-01,BUYER-OMEGA-01,DHL Global Express,1,72056.27,71275.49,-0.0108,0.594,770.56,652.53,0,0,351,533,0,13,0,0,NORMAL,0
INV-SYN-12191,TXN-SYN-12191,SUPP-NEXUS-02,BUYER-OMEGA-01,FedEx International,1,94821.17,93349.48,-0.0155,1.0982,371.95,273.65,0,0,309,534,0,6,0,0,NORMAL,0
INV-SYN-12192,TXN-SYN-12192,SUPP-NEXUS-02,BUYER-OMEGA-01,Kuehne+Nagel Logistics,1,128016.58,126743.66,-0.0099,1.4911,935.58,775.96,0,0,310,535,0,11,0,0,NORMAL,0
INV-SYN-12193,TXN-SYN-12193,SUPP-PREC-04,BUYER-VORTEX-02,DB Schenker,1,62624.62,62049.21,-0.0092,0.6531,689.88,590.04,0,0,350,516,0,22,1,0,NORMAL,0
INV-SYN-12194,TXN-SYN-12194,SUPP-GLOBAL-01,BUYER-GLOBAL-05,DHL Global Express,1,125691.19,125458.34,-0.0019,1.0455,577.64,536.96,0,0,352,478,0,10,0,0,NORMAL,0
INV-SYN-12195,TXN-SYN-12195,SUPP-NEXUS-02,BUYER-GLOBAL-05,Kuehne+Nagel Logistics,1,70932.88,70712.46,-0.0031,0.8319,407.64,369.71,0,0,311,479,0,4,0,1,NORMAL,0
INV-SYN-12196,TXN-SYN-12196,SUPP-PREC-04,BUYER-OMEGA-01,FedEx International,1,105114.82,105468.09,0.0034,1.1102,474.23,336.15,0,0,351,536,0,10,1,0,NORMAL,0
INV-SYN-12197,TXN-SYN-12197,SUPP-GLOBAL-01,BUYER-VORTEX-02,DB Schenker,1,120574.43,119539.93,-0.0086,0.9962,566.0,523.57,0,0,353,517,0,19,0,0,NORMAL,0
INV-SYN-12198,TXN-SYN-12198,SUPP-GLOBAL-01,BUYER-APEX-06,Maersk Ocean Freight,1,100755.39,99301.4,-0.0144,0.8275,469.62,429.73,0,0,354,506,0,12,0,0,NORMAL,0
INV-SYN-12199,TXN-SYN-12199,SUPP-IND-05,BUYER-OMEGA-01,DHL Global Express,1,179514.89,359909.64,1.0049,2.2494,391.15,290.63,1,0,385,537,0,23,0,1,AMOUNT_INFLATION,1
INV-SYN-12200,TXN-SYN-12200,SUPP-GLOBAL-01,BUYER-APEX-06,FedEx International,1,174130.44,171927.05,-0.0127,1.4327,779.42,735.03,0,0,355,507,0,12,1,0,NORMAL,0
INV-SYN-12201,TXN-SYN-12201,SUPP-TITAN-03,BUYER-GLOBAL-05,Maersk Ocean Freight,1,266636.73,268748.55,0.0079,0.9598,383.09,326.53,1,0,377,480,0,23,0,1,NORMAL,0
INV-SYN-12202,TXN-SYN-12202,SUPP-PACIFIC-08,BUYER-APEX-06,DB Schenker,1,88495.46,87634.37,-0.0097,1.1685,471.42,401.93,0,0,339,508,0,6,0,0,NORMAL,0
INV-SYN-12203,TXN-SYN-12203,SUPP-GLOBAL-01,BUYER-VORTEX-02,DHL Global Express,1,81201.81,81803.99,0.0074,0.6817,729.64,590.0,0,0,356,518,0,2,0,1,NORMAL,0
INV-SYN-12204,TXN-SYN-12204,SUPP-TITAN-03,BUYER-APEX-06,DB Schenker,1,213049.45,211820.97,-0.0058,0.7565,317.69,253.56,1,0,378,509,0,9,1,0,NORMAL,0
INV-SYN-12205,TXN-SYN-12205,SUPP-PACIFIC-08,BUYER-VORTEX-02,FedEx International,1,83857.62,83754.08,-0.0012,1.1167,879.04,793.77,0,0,340,519,0,2,0,1,NORMAL,0
INV-SYN-12206,TXN-SYN-12206,SUPP-PREC-04,BUYER-APEX-06,DB Schenker,1,130247.76,129462.18,-0.006,1.3628,418.13,254.46,0,0,352,510,0,8,1,0,NORMAL,0
INV-SYN-12207,TXN-SYN-12207,SUPP-PACIFIC-08,BUYER-VORTEX-02,DB Schenker,1,81667.75,80879.52,-0.0097,1.0784,707.99,564.03,0,0,341,520,0,19,0,0,NORMAL,0
INV-SYN-12208,TXN-SYN-12208,SUPP-TITAN-03,BUYER-STEEL-03,DB Schenker,1,258085.94,443293.45,0.7176,1.5832,589.28,451.99,1,1,379,71,0,8,0,0,AMOUNT_INFLATION,1
INV-SYN-12209,TXN-SYN-12209,SUPP-GLOBAL-01,BUYER-VORTEX-02,Maersk Ocean Freight,1,119978.74,119524.59,-0.0038,0.996,778.62,679.5,0,0,357,521,0,16,0,0,NORMAL,0
INV-SYN-12210,TXN-SYN-12210,SUPP-IND-05,BUYER-APEX-06,DB Schenker,1,109983.69,109618.55,-0.0033,0.6851,804.1,644.68,1,0,386,511,0,16,1,0,NORMAL,0
INV-SYN-12211,TXN-SYN-12211,SUPP-NEXUS-02,BUYER-VORTEX-02,DB Schenker,1,97845.95,98821.85,0.01,1.1626,732.94,555.31,0,0,312,522,0,5,0,1,NORMAL,0
INV-SYN-12212,TXN-SYN-12212,SUPP-TITAN-03,BUYER-APEX-06,DB Schenker,1,341763.31,340169.04,-0.0047,1.2149,897.85,825.85,1,0,380,512,0,12,0,0,NORMAL,0
INV-SYN-12213,TXN-SYN-12213,SUPP-IND-05,BUYER-OMEGA-01,DB Schenker,1,141916.39,141167.2,-0.0053,0.8823,451.05,318.38,1,0,387,538,0,22,0,0,NORMAL,0
INV-SYN-12214,TXN-SYN-12214,SUPP-PREC-04,BUYER-GLOBAL-05,DB Schenker,1,83836.5,83175.02,-0.0079,0.8755,950.94,799.97,0,0,353,481,0,12,0,0,NORMAL,0
INV-SYN-12215,TXN-SYN-12215,SUPP-NEXUS-02,BUYER-APEX-06,FedEx International,1,90649.91,90823.13,0.0019,1.0685,767.2,711.25,0,0,313,513,0,13,1,0,NORMAL,0
INV-SYN-12216,TXN-SYN-12216,SUPP-NEXUS-02,BUYER-GLOBAL-05,DHL Global Express,1,75719.71,75363.51,-0.0047,0.8866,620.69,542.5,0,0,314,482,0,23,0,1,NORMAL,0
INV-SYN-12217,TXN-SYN-12217,SUPP-GLOBAL-01,BUYER-VORTEX-02,Kuehne+Nagel Logistics,1,118016.02,117524.31,-0.0042,0.9794,438.19,352.49,0,0,358,523,0,14,0,0,NORMAL,0
INV-SYN-12218,TXN-SYN-12218,SUPP-TITAN-03,BUYER-STEEL-03,None,0,845602.25,972442.59,0.15,3.473,74.44,36.2,1,1,381,72,0,1,0,1,SERIAL_COUNTERPARTY_SPIKE,1
INV-SYN-12219,TXN-SYN-12219,SUPP-TITAN-03,BUYER-OMEGA-01,DHL Global Express,1,262708.2,263454.52,0.0028,0.9409,287.21,250.9,1,0,382,539,0,18,1,0,NORMAL,0
INV-SYN-12220,TXN-SYN-12220,SUPP-IND-05,BUYER-APEX-06,Kuehne+Nagel Logistics,1,145666.39,144027.75,-0.0112,0.9002,659.5,512.06,1,0,388,514,0,2,0,1,NORMAL,0
INV-SYN-12221,TXN-SYN-12221,SUPP-IND-05,BUYER-OMEGA-01,DB Schenker,1,134098.33,131429.88,-0.0199,0.8214,956.85,839.56,1,0,389,540,0,18,0,0,NORMAL,0
INV-SYN-12222,TXN-SYN-12222,SUPP-GLOBAL-01,BUYER-GLOBAL-05,DHL Global Express,1,142325.76,142887.9,0.0039,1.1907,510.3,470.69,0,0,359,483,0,21,0,0,NORMAL,0
INV-SYN-12223,TXN-SYN-12223,SUPP-PACIFIC-08,BUYER-VORTEX-02,Kuehne+Nagel Logistics,1,71602.05,70468.3,-0.0158,0.9396,798.44,685.3,0,0,342,524,0,14,0,0,NORMAL,0
INV-SYN-12224,TXN-SYN-12224,SUPP-PHANTOM-07,BUYER-GLOBAL-05,Maersk Ocean Freight,1,376945.53,743729.96,0.973,1.6527,433.97,315.6,8,0,43,484,0,13,0,0,AMOUNT_INFLATION,1
INV-SYN-12225,TXN-SYN-12225,SUPP-GLOBAL-01,BUYER-APEX-06,DHL Global Express,1,159639.12,157682.01,-0.0123,1.314,328.05,253.83,0,0,360,515,0,5,0,1,NORMAL,0
INV-SYN-12226,TXN-SYN-12226,SUPP-IND-05,BUYER-GLOBAL-05,DHL Global Express,1,216784.12,214068.08,-0.0125,1.3379,728.33,673.81,1,0,390,485,0,4,0,1,NORMAL,0
INV-SYN-12227,TXN-SYN-12227,SUPP-NEXUS-02,BUYER-APEX-06,Maersk Ocean Freight,1,72241.0,71004.5,-0.0171,0.8353,469.13,295.48,0,0,315,516,0,10,0,0,NORMAL,0
INV-SYN-12228,TXN-SYN-12228,SUPP-IND-05,BUYER-GLOBAL-05,DB Schenker,1,85338.4,84475.78,-0.0101,0.528,875.79,817.71,1,0,391,486,0,17,0,0,NORMAL,0
INV-SYN-12229,TXN-SYN-12229,SUPP-TITAN-03,BUYER-VORTEX-02,DHL Global Express,1,350525.96,345504.11,-0.0143,1.2339,357.57,281.05,1,0,383,525,0,12,0,0,NORMAL,0
INV-SYN-12230,TXN-SYN-12230,SUPP-NEXUS-02,BUYER-GLOBAL-05,Kuehne+Nagel Logistics,1,70451.62,69629.59,-0.0117,0.8192,533.13,432.99,0,0,316,487,0,8,0,0,NORMAL,0
INV-SYN-12231,TXN-SYN-12231,SUPP-IND-05,BUYER-GLOBAL-05,Kuehne+Nagel Logistics,1,191625.02,192912.19,0.0067,1.2057,577.81,499.17,1,0,392,488,0,10,0,0,NORMAL,0
INV-SYN-12232,TXN-SYN-12232,SUPP-NEXUS-02,BUYER-OMEGA-01,DHL Global Express,1,43135.29,42985.01,-0.0035,0.5057,803.72,726.07,0,0,317,541,0,9,0,0,NORMAL,0
INV-SYN-12233,TXN-SYN-12233,SUPP-PACIFIC-08,BUYER-OMEGA-01,FedEx International,1,91736.2,90320.36,-0.0154,1.2043,605.5,548.0,0,0,343,542,0,11,0,0,NORMAL,0
INV-SYN-12234,TXN-SYN-12234,SUPP-IND-05,BUYER-GLOBAL-05,FedEx International,1,111553.12,109821.68,-0.0155,0.6864,435.15,260.21,1,0,393,489,0,6,0,0,NORMAL,0
INV-SYN-12235,TXN-SYN-12235,SUPP-TITAN-03,BUYER-OMEGA-01,Kuehne+Nagel Logistics,1,331153.49,331373.65,0.0007,1.1835,553.6,376.44,1,0,384,543,0,17,1,0,NORMAL,0
INV-SYN-12236,TXN-SYN-12236,SUPP-TITAN-03,BUYER-VORTEX-02,Maersk Ocean Freight,1,280999.11,276725.98,-0.0152,0.9883,1018.61,837.45,1,0,385,526,0,0,0,1,NORMAL,0
INV-SYN-12237,TXN-SYN-12237,SUPP-GLOBAL-01,BUYER-OMEGA-01,DB Schenker,1,91381.82,89991.36,-0.0152,0.7499,861.02,810.25,0,0,361,544,0,7,0,0,NORMAL,0
INV-SYN-12238,TXN-SYN-12238,SUPP-SUSP-06,BUYER-STEEL-03,Maersk Ocean Freight,1,350313.96,726058.28,1.0726,1.8617,368.03,244.54,6,1,44,73,0,10,0,0,AMOUNT_INFLATION,1
INV-SYN-12239,TXN-SYN-12239,SUPP-GLOBAL-01,BUYER-GLOBAL-05,DHL Global Express,1,140589.55,141541.01,0.0068,1.1795,330.35,276.5,0,0,362,490,0,11,0,0,NORMAL,0
INV-SYN-12240,TXN-SYN-12240,SUPP-IND-05,BUYER-VORTEX-02,DHL Global Express,1,164235.78,162254.29,-0.0121,1.0141,390.86,291.15,1,0,394,527,0,21,0,0,NORMAL,0
INV-SYN-12241,TXN-SYN-12241,SUPP-IND-05,BUYER-STEEL-03,None,0,227451.56,227451.56,0.0,1.4216,4.57,-1.0,1,1,395,74,0,23,0,1,RAPID_GHOST_SETTLEMENT,1
INV-SYN-12242,TXN-SYN-12242,SUPP-IND-05,BUYER-APEX-06,Maersk Ocean Freight,1,239057.62,234918.85,-0.0173,1.4682,848.48,807.9,1,0,396,517,0,18,0,0,NORMAL,0
INV-SYN-12243,TXN-SYN-12243,SUPP-PACIFIC-08,BUYER-GLOBAL-05,Maersk Ocean Freight,1,45670.47,45764.68,0.0021,0.6102,478.53,374.63,0,0,344,491,0,11,0,0,NORMAL,0
INV-SYN-12244,TXN-SYN-12244,SUPP-PACIFIC-08,BUYER-GLOBAL-05,Maersk Ocean Freight,1,105322.74,105508.34,0.0018,1.4068,820.48,633.05,0,0,345,492,0,0,0,1,NORMAL,0
INV-SYN-12245,TXN-SYN-12245,SUPP-NEXUS-02,BUYER-APEX-06,Kuehne+Nagel Logistics,1,87217.56,86045.61,-0.0134,1.0123,870.04,735.13,0,0,318,518,0,19,1,0,NORMAL,0
INV-SYN-12246,TXN-SYN-12246,SUPP-GLOBAL-01,BUYER-OMEGA-01,Kuehne+Nagel Logistics,1,93036.48,92104.9,-0.01,0.7675,708.57,671.51,0,0,363,545,0,18,0,0,NORMAL,0
INV-SYN-12247,TXN-SYN-12247,SUPP-PACIFIC-08,BUYER-VORTEX-02,Maersk Ocean Freight,1,50056.62,49519.7,-0.0107,0.6603,548.8,380.93,0,0,346,528,0,18,1,0,NORMAL,0
INV-SYN-12248,TXN-SYN-12248,SUPP-IND-05,BUYER-APEX-06,FedEx International,1,152435.18,153955.75,0.01,0.9622,923.54,804.12,1,0,397,519,0,16,0,0,NORMAL,0
INV-SYN-12249,TXN-SYN-12249,SUPP-GLOBAL-01,BUYER-VORTEX-02,Kuehne+Nagel Logistics,1,147649.5,147656.2,0.0,1.2305,896.71,832.12,0,0,364,529,0,18,0,0,NORMAL,0
INV-SYN-12250,TXN-SYN-12250,SUPP-IND-05,BUYER-APEX-06,Maersk Ocean Freight,1,154898.04,155069.63,0.0011,0.9692,895.57,799.13,1,0,398,520,0,4,0,1,NORMAL,0
INV-SYN-12251,TXN-SYN-12251,SUPP-PREC-04,BUYER-VORTEX-02,DB Schenker,1,130889.93,129356.14,-0.0117,1.3616,815.54,767.59,0,0,354,530,0,12,0,0,NORMAL,0
INV-SYN-12252,TXN-SYN-12252,SUPP-PREC-04,BUYER-APEX-06,Maersk Ocean Freight,1,60534.58,60857.19,0.0053,0.6406,683.24,523.98,0,0,355,521,0,13,1,0,NORMAL,0
INV-SYN-12253,TXN-SYN-12253,SUPP-GLOBAL-01,BUYER-VORTEX-02,DHL Global Express,1,119637.33,119538.43,-0.0008,0.9962,580.08,487.67,0,0,365,531,0,17,0,0,NORMAL,0
INV-SYN-12254,TXN-SYN-12254,SUPP-GLOBAL-01,BUYER-GLOBAL-05,FedEx International,1,82428.2,81974.94,-0.0055,0.6831,398.34,315.33,0,0,366,493,0,6,0,0,NORMAL,0
INV-SYN-12255,TXN-SYN-12255,SUPP-SUSP-06,BUYER-STEEL-03,Kuehne+Nagel Logistics,1,899875.26,1034856.55,0.15,2.6535,231.18,154.6,6,1,45,75,0,22,1,0,SERIAL_COUNTERPARTY_SPIKE,1
INV-SYN-12256,TXN-SYN-12256,SUPP-NEXUS-02,BUYER-OMEGA-01,DB Schenker,1,103846.36,103754.55,-0.0009,1.2206,850.54,682.95,0,0,319,546,0,8,0,0,NORMAL,0
INV-SYN-12257,TXN-SYN-12257,SUPP-TITAN-03,BUYER-VORTEX-02,Kuehne+Nagel Logistics,1,250546.67,249856.4,-0.0028,0.8923,698.8,635.95,1,0,386,532,0,4,0,1,NORMAL,0
INV-SYN-12258,TXN-SYN-12258,SUPP-TITAN-03,BUYER-GLOBAL-05,DB Schenker,1,97705.03,96008.7,-0.0174,0.3429,591.14,535.83,1,0,387,494,0,2,0,1,NORMAL,0
INV-SYN-12259,TXN-SYN-12259,SUPP-NEXUS-02,BUYER-OMEGA-01,Kuehne+Nagel Logistics,1,89227.65,88684.07,-0.0061,1.0433,416.49,380.1,0,0,320,547,0,12,1,0,NORMAL,0
INV-SYN-12260,TXN-SYN-12260,SUPP-NEXUS-02,BUYER-GLOBAL-05,DB Schenker,1,94280.69,94626.57,0.0037,1.1133,837.84,723.77,0,0,321,495,0,21,0,0,NORMAL,0
INV-SYN-12261,TXN-SYN-12261,SUPP-PACIFIC-08,BUYER-OMEGA-01,DB Schenker,1,82580.53,81615.73,-0.0117,1.0882,414.93,253.92,0,0,347,548,0,20,0,0,NORMAL,0
INV-SYN-12262,TXN-SYN-12262,SUPP-PREC-04,BUYER-APEX-06,DHL Global Express,1,124349.83,124750.73,0.0032,1.3132,820.12,729.94,0,0,356,522,0,17,0,0,NORMAL,0
INV-SYN-12263,TXN-SYN-12263,SUPP-GLOBAL-01,BUYER-VORTEX-02,FedEx International,1,87868.39,88259.87,0.0045,0.7355,727.79,633.91,0,0,367,533,0,20,0,0,NORMAL,0
INV-SYN-12264,TXN-SYN-12264,SUPP-IND-05,BUYER-STEEL-03,DB Schenker,1,287490.77,330614.39,0.15,2.0663,160.69,65.26,1,1,399,76,0,23,0,1,SERIAL_COUNTERPARTY_SPIKE,1
INV-SYN-12265,TXN-SYN-12265,SUPP-GLOBAL-01,BUYER-VORTEX-02,DB Schenker,1,155775.23,153129.29,-0.017,1.2761,620.91,471.03,0,0,368,534,0,9,0,0,NORMAL,0
INV-SYN-12266,TXN-SYN-12266,SUPP-GLOBAL-01,BUYER-VORTEX-02,DB Schenker,1,66642.37,67307.8,0.01,0.5609,575.49,508.03,0,0,369,535,0,9,0,0,NORMAL,0
INV-SYN-12267,TXN-SYN-12267,SUPP-IND-05,BUYER-OMEGA-01,DHL Global Express,1,172786.07,173516.55,0.0042,1.0845,406.97,365.91,1,0,400,549,0,14,1,0,NORMAL,0
INV-SYN-12268,TXN-SYN-12268,SUPP-PREC-04,BUYER-OMEGA-01,DHL Global Express,1,83025.73,83233.82,0.0025,0.8761,707.25,593.82,0,0,357,550,0,18,0,0,NORMAL,0
INV-SYN-12269,TXN-SYN-12269,SUPP-PREC-04,BUYER-APEX-06,Kuehne+Nagel Logistics,1,93063.84,93294.31,0.0025,0.982,944.47,770.46,0,0,358,523,0,7,0,0,NORMAL,0
INV-SYN-12270,TXN-SYN-12270,SUPP-NEXUS-02,BUYER-GLOBAL-05,DHL Global Express,1,92388.13,92250.03,-0.0015,1.0853,826.25,673.06,0,0,322,496,0,23,1,1,NORMAL,0
INV-SYN-12271,TXN-SYN-12271,SUPP-TITAN-03,BUYER-OMEGA-01,Kuehne+Nagel Logistics,1,245894.0,243077.74,-0.0115,0.8681,921.48,732.89,1,0,388,551,0,22,0,0,NORMAL,0
INV-SYN-12272,TXN-SYN-12272,SUPP-TITAN-03,BUYER-GLOBAL-05,Kuehne+Nagel Logistics,1,232700.43,232435.29,-0.0011,0.8301,492.45,444.44,1,0,389,497,0,8,0,0,NORMAL,0
INV-SYN-12273,TXN-SYN-12273,SUPP-TITAN-03,BUYER-VORTEX-02,DB Schenker,1,282390.67,276934.6,-0.0193,0.9891,737.02,557.09,1,0,390,536,0,8,0,0,NORMAL,0
INV-SYN-12274,TXN-SYN-12274,SUPP-PREC-04,BUYER-OMEGA-01,DHL Global Express,1,69177.91,69411.85,0.0034,0.7307,798.44,669.04,0,0,359,552,0,7,0,0,NORMAL,0
INV-SYN-12275,TXN-SYN-12275,SUPP-PREC-04,BUYER-OMEGA-01,DB Schenker,1,69211.65,68047.06,-0.0168,0.7163,346.93,306.64,0,0,360,553,0,8,0,0,NORMAL,0
INV-SYN-12276,TXN-SYN-12276,SUPP-IND-05,BUYER-APEX-06,DB Schenker,1,187174.93,184299.71,-0.0154,1.1519,942.9,767.47,1,0,401,524,0,15,0,0,NORMAL,0
INV-SYN-12277,TXN-SYN-12277,SUPP-IND-05,BUYER-APEX-06,FedEx International,1,114048.24,113445.19,-0.0053,0.709,585.91,531.1,1,0,402,525,0,10,0,0,NORMAL,0
INV-SYN-12278,TXN-SYN-12278,SUPP-NEXUS-02,BUYER-OMEGA-01,DHL Global Express,1,99159.14,98423.06,-0.0074,1.1579,519.91,349.24,0,0,323,554,0,14,1,0,NORMAL,0
INV-SYN-12279,TXN-SYN-12279,SUPP-TITAN-03,BUYER-OMEGA-01,Maersk Ocean Freight,1,312381.39,312846.69,0.0015,1.1173,612.46,519.31,1,0,391,555,0,16,1,0,NORMAL,0
INV-SYN-12280,TXN-SYN-12280,SUPP-IND-05,BUYER-OMEGA-01,Maersk Ocean Freight,1,90967.73,90925.88,-0.0005,0.5683,496.88,356.49,1,0,403,556,0,23,0,1,NORMAL,0
INV-SYN-12281,TXN-SYN-12281,SUPP-NEXUS-02,BUYER-VORTEX-02,DHL Global Express,1,70601.75,71231.54,0.0089,0.838,535.74,474.42,0,0,324,537,0,21,0,0,NORMAL,0
INV-SYN-12282,TXN-SYN-12282,SUPP-GLOBAL-01,BUYER-APEX-06,Kuehne+Nagel Logistics,1,155823.28,156275.56,0.0029,1.3023,517.78,395.75,0,0,370,526,0,5,1,1,NORMAL,0
INV-SYN-12283,TXN-SYN-12283,SUPP-PACIFIC-08,BUYER-APEX-06,Maersk Ocean Freight,1,56603.15,56831.0,0.004,0.7577,422.21,279.78,0,0,348,527,0,16,0,0,NORMAL,0
INV-SYN-12284,TXN-SYN-12284,SUPP-IND-05,BUYER-OMEGA-01,Maersk Ocean Freight,1,141423.83,142200.41,0.0055,0.8888,836.83,658.19,1,0,404,557,0,23,0,1,NORMAL,0
INV-SYN-12285,TXN-SYN-12285,SUPP-NEXUS-02,BUYER-OMEGA-01,Maersk Ocean Freight,1,94818.79,95015.44,0.0021,1.1178,900.91,734.07,0,0,325,558,0,16,0,0,NORMAL,0
INV-SYN-12286,TXN-SYN-12286,SUPP-PREC-04,BUYER-OMEGA-01,Maersk Ocean Freight,1,113605.52,114495.31,0.0078,1.2052,337.8,267.85,0,0,361,559,0,18,0,0,NORMAL,0
INV-SYN-12287,TXN-SYN-12287,SUPP-PACIFIC-08,BUYER-GLOBAL-05,DHL Global Express,1,70283.65,69208.04,-0.0153,0.9228,780.37,612.0,0,0,349,498,0,22,1,0,NORMAL,0
INV-SYN-12288,TXN-SYN-12288,SUPP-NEXUS-02,BUYER-VORTEX-02,FedEx International,1,72302.91,72712.03,0.0057,0.8554,368.68,254.15,0,0,326,538,0,12,1,0,NORMAL,0
INV-SYN-12289,TXN-SYN-12289,SUPP-TITAN-03,BUYER-OMEGA-01,DHL Global Express,1,379565.89,378814.58,-0.002,1.3529,592.12,429.84,1,0,392,560,0,20,1,0,NORMAL,0
INV-SYN-12290,TXN-SYN-12290,SUPP-NEXUS-02,BUYER-OMEGA-01,Kuehne+Nagel Logistics,1,121951.62,120860.03,-0.009,1.4219,718.93,671.82,0,0,327,561,0,20,1,0,NORMAL,0
INV-SYN-12291,TXN-SYN-12291,SUPP-PACIFIC-08,BUYER-APEX-06,FedEx International,1,93353.59,92618.75,-0.0079,1.2349,800.54,640.65,0,0,350,528,0,18,1,0,NORMAL,0
INV-SYN-12292,TXN-SYN-12292,SUPP-IND-05,BUYER-GLOBAL-05,Maersk Ocean Freight,1,163412.73,162840.54,-0.0035,1.0178,300.83,250.25,1,0,405,499,0,12,0,0,NORMAL,0
INV-SYN-12293,TXN-SYN-12293,SUPP-GLOBAL-01,BUYER-GLOBAL-05,FedEx International,1,95752.03,95045.22,-0.0074,0.792,690.27,534.35,0,0,371,500,0,14,1,0,NORMAL,0
INV-SYN-12294,TXN-SYN-12294,SUPP-IND-05,BUYER-APEX-06,DB Schenker,1,126782.22,124711.66,-0.0163,0.7794,551.88,442.18,1,0,406,529,0,7,0,0,NORMAL,0
INV-SYN-12295,TXN-SYN-12295,SUPP-PACIFIC-08,BUYER-OMEGA-01,Kuehne+Nagel Logistics,1,84797.14,85061.1,0.0031,1.1341,615.02,437.71,0,0,351,562,0,20,0,0,NORMAL,0
INV-SYN-12296,TXN-SYN-12296,SUPP-GLOBAL-01,BUYER-VORTEX-02,DB Schenker,1,132551.95,131380.65,-0.0088,1.0948,422.87,299.08,0,0,372,539,0,10,1,0,NORMAL,0
INV-SYN-12297,TXN-SYN-12297,SUPP-TITAN-03,BUYER-GLOBAL-05,DB Schenker,1,378111.9,380237.82,0.0056,1.358,652.88,517.12,1,0,393,501,0,2,0,1,NORMAL,0
INV-SYN-12298,TXN-SYN-12298,SUPP-NEXUS-02,BUYER-APEX-06,Maersk Ocean Freight,1,98822.06,97722.08,-0.0111,1.1497,784.69,703.02,0,0,328,530,0,5,0,1,NORMAL,0
INV-SYN-12299,TXN-SYN-12299,SUPP-PREC-04,BUYER-APEX-06,DHL Global Express,1,59301.84,58181.06,-0.0189,0.6124,302.48,256.39,0,0,362,531,0,23,0,1,NORMAL,0
INV-SYN-12300,TXN-SYN-12300,SUPP-NEXUS-02,BUYER-OMEGA-01,Maersk Ocean Freight,1,107353.89,106700.68,-0.0061,1.2553,785.24,692.82,0,0,329,563,0,13,1,0,NORMAL,0
INV-SYN-12301,TXN-SYN-12301,SUPP-PREC-04,BUYER-VORTEX-02,Kuehne+Nagel Logistics,1,71296.06,71415.82,0.0017,0.7517,500.61,430.83,0,0,363,540,0,0,0,1,NORMAL,0
INV-SYN-12302,TXN-SYN-12302,SUPP-NEXUS-02,BUYER-OMEGA-01,DHL Global Express,1,76840.61,77352.37,0.0067,0.91,826.58,744.32,0,0,330,564,0,23,0,1,NORMAL,0
INV-SYN-12303,TXN-SYN-12303,SUPP-IND-05,BUYER-GLOBAL-05,FedEx International,1,170008.01,170033.78,0.0002,1.0627,673.37,577.57,1,0,407,502,0,10,1,0,NORMAL,0
INV-SYN-12304,TXN-SYN-12304,SUPP-TITAN-03,BUYER-GLOBAL-05,FedEx International,1,419696.72,416268.98,-0.0082,1.4867,894.48,776.1,1,0,394,503,0,17,0,0,NORMAL,0
INV-SYN-12305,TXN-SYN-12305,SUPP-NEXUS-02,BUYER-GLOBAL-05,FedEx International,1,151085.77,150097.8,-0.0065,1.7659,349.03,246.17,0,0,331,504,0,6,0,0,NORMAL,0
INV-SYN-12306,TXN-SYN-12306,SUPP-PACIFIC-08,BUYER-APEX-06,FedEx International,1,86376.06,85021.21,-0.0157,1.1336,989.36,805.85,0,0,352,532,0,11,1,0,NORMAL,0
INV-SYN-12307,TXN-SYN-12307,SUPP-NEXUS-02,BUYER-APEX-06,FedEx International,1,81107.07,81167.81,0.0007,0.9549,462.6,370.73,0,0,332,533,0,14,1,0,NORMAL,0
INV-SYN-12308,TXN-SYN-12308,SUPP-IND-05,BUYER-APEX-06,Kuehne+Nagel Logistics,1,181380.23,182301.07,0.0051,1.1394,908.3,777.55,1,0,408,534,0,1,0,1,NORMAL,0
INV-SYN-12309,TXN-SYN-12309,SUPP-SUSP-06,BUYER-QUICK-04,None,0,583033.29,583033.29,0.0,1.495,3.62,-1.0,6,5,46,92,0,19,1,0,RAPID_GHOST_SETTLEMENT,1
INV-SYN-12310,TXN-SYN-12310,SUPP-PREC-04,BUYER-QUICK-04,None,0,125132.85,125132.85,0.0,1.3172,3.1,-1.0,0,5,364,93,0,2,0,1,RAPID_GHOST_SETTLEMENT,1
INV-SYN-12311,TXN-SYN-12311,SUPP-PACIFIC-08,BUYER-OMEGA-01,Kuehne+Nagel Logistics,1,108660.21,107554.17,-0.0102,1.4341,980.11,810.93,0,0,353,565,0,22,1,0,NORMAL,0
INV-SYN-12312,TXN-SYN-12312,SUPP-GLOBAL-01,BUYER-GLOBAL-05,Kuehne+Nagel Logistics,1,126902.12,126862.42,-0.0003,1.0572,360.84,274.66,0,0,373,505,0,23,0,1,NORMAL,0
INV-SYN-12313,TXN-SYN-12313,SUPP-PHANTOM-07,BUYER-QUICK-04,None,0,711144.09,711144.09,0.0,1.5803,0.85,-1.0,8,5,44,94,0,6,1,0,RAPID_GHOST_SETTLEMENT,1
INV-SYN-12314,TXN-SYN-12314,SUPP-PACIFIC-08,BUYER-OMEGA-01,FedEx International,1,87486.08,87786.83,0.0034,1.1705,602.62,526.11,0,0,354,566,0,17,0,0,NORMAL,0
INV-SYN-12315,TXN-SYN-12315,SUPP-PREC-04,BUYER-VORTEX-02,FedEx International,1,105012.68,103562.17,-0.0138,1.0901,390.57,345.26,0,0,365,541,0,13,1,0,NORMAL,0
INV-SYN-12316,TXN-SYN-12316,SUPP-PACIFIC-08,BUYER-VORTEX-02,Kuehne+Nagel Logistics,1,90730.13,89205.18,-0.0168,1.1894,785.78,738.08,0,0,355,542,0,10,0,0,NORMAL,0
INV-SYN-12317,TXN-SYN-12317,SUPP-PACIFIC-08,BUYER-APEX-06,Kuehne+Nagel Logistics,1,63426.5,62387.62,-0.0164,0.8318,451.35,338.63,0,0,356,535,0,3,1,1,NORMAL,0
INV-SYN-12318,TXN-SYN-12318,SUPP-TITAN-03,BUYER-VORTEX-02,Maersk Ocean Freight,1,240918.88,240026.48,-0.0037,0.8572,796.08,742.29,1,0,395,543,0,13,0,0,NORMAL,0
INV-SYN-12319,TXN-SYN-12319,SUPP-PREC-04,BUYER-VORTEX-02,Kuehne+Nagel Logistics,1,68871.34,67856.98,-0.0147,0.7143,865.37,813.21,0,0,366,544,0,21,1,0,NORMAL,0
INV-SYN-12320,TXN-SYN-12320,SUPP-GLOBAL-01,BUYER-VORTEX-02,FedEx International,1,133185.04,133743.64,0.0042,1.1145,753.33,688.13,0,0,374,545,0,8,1,0,NORMAL,0
INV-SYN-12321,TXN-SYN-12321,SUPP-IND-05,BUYER-OMEGA-01,Kuehne+Nagel Logistics,1,191157.46,192950.32,0.0094,1.2059,478.7,401.18,1,0,409,567,0,22,0,0,NORMAL,0
INV-SYN-12322,TXN-SYN-12322,SUPP-GLOBAL-01,BUYER-OMEGA-01,Kuehne+Nagel Logistics,1,133733.19,131159.92,-0.0192,1.093,817.27,770.12,0,0,375,568,0,10,1,0,NORMAL,0
INV-SYN-12323,TXN-SYN-12323,SUPP-GLOBAL-01,BUYER-VORTEX-02,Kuehne+Nagel Logistics,1,170234.77,167240.6,-0.0176,1.3937,952.38,772.26,0,0,376,546,0,9,0,0,NORMAL,0
INV-SYN-12324,TXN-SYN-12324,SUPP-GLOBAL-01,BUYER-GLOBAL-05,FedEx International,1,119832.12,120819.64,0.0082,1.0068,446.64,365.21,0,0,377,506,0,23,1,1,NORMAL,0
INV-SYN-12325,TXN-SYN-12325,SUPP-PREC-04,BUYER-APEX-06,FedEx International,1,110882.61,111714.74,0.0075,1.1759,846.46,751.69,0,0,367,536,0,17,0,0,NORMAL,0
INV-SYN-12326,TXN-SYN-12326,SUPP-PACIFIC-08,BUYER-QUICK-04,DB Schenker,1,119161.46,137035.68,0.15,1.8271,109.35,84.83,0,5,357,95,0,10,0,0,SERIAL_COUNTERPARTY_SPIKE,1
INV-SYN-12327,TXN-SYN-12327,SUPP-IND-05,BUYER-OMEGA-01,DHL Global Express,1,144516.01,144904.32,0.0027,0.9057,420.48,333.76,1,0,410,569,0,5,0,1,NORMAL,0
INV-SYN-12328,TXN-SYN-12328,SUPP-TITAN-03,BUYER-GLOBAL-05,FedEx International,1,328687.64,328065.99,-0.0019,1.1717,467.49,316.33,1,0,396,507,0,12,0,0,NORMAL,0
INV-SYN-12329,TXN-SYN-12329,SUPP-PACIFIC-08,BUYER-VORTEX-02,DHL Global Express,1,90920.66,90447.66,-0.0052,1.206,456.42,336.04,0,0,358,547,0,15,0,0,NORMAL,0
INV-SYN-12330,TXN-SYN-12330,SUPP-IND-05,BUYER-OMEGA-01,Maersk Ocean Freight,1,148241.32,146264.71,-0.0133,0.9142,962.71,824.96,1,0,411,570,0,11,0,0,NORMAL,0
INV-SYN-12331,TXN-SYN-12331,SUPP-IND-05,BUYER-APEX-06,Kuehne+Nagel Logistics,1,157136.03,157908.1,0.0049,0.9869,625.17,477.08,1,0,412,537,0,12,0,0,NORMAL,0
INV-SYN-12332,TXN-SYN-12332,SUPP-TITAN-03,BUYER-VORTEX-02,Maersk Ocean Freight,1,173748.84,171140.2,-0.015,0.6112,962.88,826.34,1,0,397,548,0,9,0,0,NORMAL,0
INV-SYN-12333,TXN-SYN-12333,SUPP-IND-05,BUYER-APEX-06,DHL Global Express,1,145718.83,146078.4,0.0025,0.913,639.06,511.59,1,0,413,538,0,22,0,0,NORMAL,0
INV-SYN-12334,TXN-SYN-12334,SUPP-GLOBAL-01,BUYER-APEX-06,Maersk Ocean Freight,1,146711.49,143789.54,-0.0199,1.1982,844.84,692.12,0,0,378,539,0,6,0,0,NORMAL,0
INV-SYN-12335,TXN-SYN-12335,SUPP-GLOBAL-01,BUYER-VORTEX-02,DHL Global Express,1,137256.15,134553.15,-0.0197,1.1213,726.55,579.03,0,0,379,549,0,16,0,0,NORMAL,0
INV-SYN-12336,TXN-SYN-12336,SUPP-NEXUS-02,BUYER-OMEGA-01,Maersk Ocean Freight,1,95639.15,95940.36,0.0031,1.1287,946.31,769.27,0,0,333,571,0,8,1,0,NORMAL,0
INV-SYN-12337,TXN-SYN-12337,SUPP-NEXUS-02,BUYER-OMEGA-01,DB Schenker,1,86057.69,85736.39,-0.0037,1.0087,553.67,375.1,0,0,334,572,0,7,0,0,NORMAL,0
INV-SYN-12338,TXN-SYN-12338,SUPP-NEXUS-02,BUYER-GLOBAL-05,FedEx International,1,85150.09,84078.73,-0.0126,0.9892,449.84,386.81,0,0,335,508,0,22,1,0,NORMAL,0
INV-SYN-12339,TXN-SYN-12339,SUPP-GLOBAL-01,BUYER-OMEGA-01,Maersk Ocean Freight,1,100190.37,99311.42,-0.0088,0.8276,584.14,446.43,0,0,380,573,0,19,0,0,NORMAL,0
INV-SYN-12340,TXN-SYN-12340,SUPP-GLOBAL-01,BUYER-OMEGA-01,Maersk Ocean Freight,1,140964.85,141230.08,0.0019,1.1769,627.47,437.14,0,0,381,574,0,7,1,0,NORMAL,0
INV-SYN-12341,TXN-SYN-12341,SUPP-PACIFIC-08,BUYER-OMEGA-01,DB Schenker,1,82893.24,82242.08,-0.0079,1.0966,839.79,725.12,0,0,359,575,0,9,1,0,NORMAL,0
INV-SYN-12342,TXN-SYN-12342,SUPP-TITAN-03,BUYER-VORTEX-02,FedEx International,1,314441.32,315275.09,0.0027,1.126,491.04,416.73,1,0,398,550,0,15,0,0,NORMAL,0
INV-SYN-12343,TXN-SYN-12343,SUPP-NEXUS-02,BUYER-APEX-06,DB Schenker,1,73821.76,73656.61,-0.0022,0.8665,312.62,255.99,0,0,336,540,0,16,0,0,NORMAL,0
INV-SYN-12344,TXN-SYN-12344,SUPP-IND-05,BUYER-VORTEX-02,Maersk Ocean Freight,1,73866.28,74231.89,0.0049,0.4639,453.31,294.28,1,0,414,551,0,8,0,0,NORMAL,0
INV-SYN-12345,TXN-SYN-12345,SUPP-IND-05,BUYER-OMEGA-01,Maersk Ocean Freight,1,203886.11,201847.29,-0.01,1.2615,913.96,784.6,1,0,415,576,0,8,0,0,NORMAL,0
INV-SYN-12346,TXN-SYN-12346,SUPP-IND-05,BUYER-VORTEX-02,Kuehne+Nagel Logistics,1,140846.5,138527.76,-0.0165,0.8658,554.76,480.89,1,0,416,552,0,4,0,1,NORMAL,0
INV-SYN-12347,TXN-SYN-12347,SUPP-GLOBAL-01,BUYER-APEX-06,DHL Global Express,1,94116.73,93894.61,-0.0024,0.7825,863.19,783.85,0,0,382,541,0,14,1,0,NORMAL,0
INV-SYN-12348,TXN-SYN-12348,SUPP-PREC-04,BUYER-VORTEX-02,DB Schenker,1,111470.12,112139.94,0.006,1.1804,497.87,361.89,0,0,368,553,0,12,0,0,NORMAL,0
INV-SYN-12349,TXN-SYN-12349,SUPP-PREC-04,BUYER-GLOBAL-05,FedEx International,1,85689.7,86024.31,0.0039,0.9055,604.72,477.31,0,0,369,509,0,11,1,0,NORMAL,0
INV-SYN-12350,TXN-SYN-12350,SUPP-GLOBAL-01,BUYER-VORTEX-02,FedEx International,1,151798.09,150457.91,-0.0088,1.2538,955.21,806.49,0,0,383,554,0,1,1,1,NORMAL,0
INV-SYN-12351,TXN-SYN-12351,SUPP-TITAN-03,BUYER-APEX-06,Kuehne+Nagel Logistics,1,323190.42,323201.21,0.0,1.1543,506.48,391.12,1,0,399,542,0,10,1,0,NORMAL,0
INV-SYN-12352,TXN-SYN-12352,SUPP-GLOBAL-01,BUYER-VORTEX-02,Kuehne+Nagel Logistics,1,140507.08,141449.98,0.0067,1.1787,827.6,725.19,0,0,384,555,0,11,0,0,NORMAL,0
INV-SYN-12353,TXN-SYN-12353,SUPP-NEXUS-02,BUYER-OMEGA-01,DB Schenker,1,55973.44,55849.89,-0.0022,0.6571,920.37,781.43,0,0,337,577,0,2,0,1,NORMAL,0
INV-SYN-12354,TXN-SYN-12354,SUPP-TITAN-03,BUYER-VORTEX-02,DHL Global Express,1,364836.08,359630.44,-0.0143,1.2844,598.3,452.3,1,0,400,556,0,7,1,0,NORMAL,0
INV-SYN-12355,TXN-SYN-12355,SUPP-NEXUS-02,BUYER-GLOBAL-05,FedEx International,1,90551.57,89603.84,-0.0105,1.0542,378.48,300.22,0,0,338,510,0,14,1,0,NORMAL,0
INV-SYN-12356,TXN-SYN-12356,SUPP-PACIFIC-08,BUYER-OMEGA-01,Kuehne+Nagel Logistics,1,68076.05,68075.08,-0.0,0.9077,574.77,531.07,0,0,360,578,0,0,1,1,NORMAL,0
INV-SYN-12357,TXN-SYN-12357,SUPP-IND-05,BUYER-APEX-06,FedEx International,1,165735.54,163718.18,-0.0122,1.0232,595.07,464.62,1,0,417,543,0,11,0,0,NORMAL,0
INV-SYN-12358,TXN-SYN-12358,SUPP-PACIFIC-08,BUYER-GLOBAL-05,DB Schenker,1,41695.59,41053.47,-0.0154,0.5474,432.33,381.76,0,0,361,511,0,17,0,0,NORMAL,0
INV-SYN-12359,TXN-SYN-12359,SUPP-TITAN-03,BUYER-GLOBAL-05,FedEx International,1,308605.7,307430.23,-0.0038,1.098,734.65,681.57,1,0,401,512,0,3,1,1,NORMAL,0
INV-SYN-12360,TXN-SYN-12360,SUPP-GLOBAL-01,BUYER-GLOBAL-05,Kuehne+Nagel Logistics,1,89118.85,88628.08,-0.0055,0.7386,662.89,620.43,0,0,385,513,0,15,1,0,NORMAL,0
INV-SYN-12361,TXN-SYN-12361,SUPP-IND-05,BUYER-VORTEX-02,DB Schenker,1,105893.19,106572.9,0.0064,0.6661,747.92,593.74,1,0,418,557,0,18,1,0,NORMAL,0
INV-SYN-12362,TXN-SYN-12362,SUPP-IND-05,BUYER-APEX-06,DHL Global Express,1,99105.63,98187.82,-0.0093,0.6137,471.89,339.56,1,0,419,544,0,7,0,0,NORMAL,0
INV-SYN-12363,TXN-SYN-12363,SUPP-PREC-04,BUYER-GLOBAL-05,Maersk Ocean Freight,1,121426.35,119999.36,-0.0118,1.2632,795.74,621.92,0,0,370,514,0,21,0,0,NORMAL,0
INV-SYN-12364,TXN-SYN-12364,SUPP-TITAN-03,BUYER-VORTEX-02,Maersk Ocean Freight,1,235951.56,235065.46,-0.0038,0.8395,847.42,659.68,1,0,402,558,0,14,0,0,NORMAL,0
INV-SYN-12365,TXN-SYN-12365,SUPP-PHANTOM-07,BUYER-STEEL-03,None,0,450000.0,450000.0,0.0,1.0,49.99,14.29,8,1,45,77,1,3,0,1,OFF_HOURS_ROUND_SUM,1
INV-SYN-12366,TXN-SYN-12366,SUPP-NEXUS-02,BUYER-GLOBAL-05,FedEx International,1,73614.22,72318.95,-0.0176,0.8508,700.62,573.27,0,0,339,515,0,13,0,0,NORMAL,0
INV-SYN-12367,TXN-SYN-12367,SUPP-NEXUS-02,BUYER-VORTEX-02,FedEx International,1,48718.64,47756.87,-0.0197,0.5618,504.18,451.6,0,0,340,559,0,21,0,0,NORMAL,0
INV-SYN-12368,TXN-SYN-12368,SUPP-PACIFIC-08,BUYER-APEX-06,FedEx International,1,54065.17,54415.93,0.0065,0.7255,654.26,571.48,0,0,362,545,0,7,0,0,NORMAL,0
INV-SYN-12369,TXN-SYN-12369,SUPP-NEXUS-02,BUYER-GLOBAL-05,FedEx International,1,111261.0,111192.42,-0.0006,1.3081,765.89,715.75,0,0,341,516,0,21,1,0,NORMAL,0
INV-SYN-12370,TXN-SYN-12370,SUPP-NEXUS-02,BUYER-GLOBAL-05,DHL Global Express,1,81687.16,81449.61,-0.0029,0.9582,776.14,712.84,0,0,342,517,0,18,0,0,NORMAL,0
INV-SYN-12371,TXN-SYN-12371,SUPP-PHANTOM-07,BUYER-QUICK-04,Maersk Ocean Freight,1,690798.26,794418.0,0.15,1.7654,221.83,109.65,8,5,46,96,0,1,1,1,SERIAL_COUNTERPARTY_SPIKE,1
INV-SYN-12372,TXN-SYN-12372,SUPP-GLOBAL-01,BUYER-STEEL-03,None,0,143112.2,143112.2,0.0,1.1926,4.26,-1.0,0,1,386,78,0,21,0,0,RAPID_GHOST_SETTLEMENT,1
INV-SYN-12373,TXN-SYN-12373,SUPP-PACIFIC-08,BUYER-OMEGA-01,DHL Global Express,1,84408.43,83306.73,-0.0131,1.1108,632.63,584.95,0,0,363,579,0,19,0,0,NORMAL,0
INV-SYN-12374,TXN-SYN-12374,SUPP-NEXUS-02,BUYER-GLOBAL-05,FedEx International,1,108744.72,108327.39,-0.0038,1.2744,482.44,418.73,0,0,343,518,0,11,0,0,NORMAL,0
INV-SYN-12375,TXN-SYN-12375,SUPP-PREC-04,BUYER-OMEGA-01,DHL Global Express,1,129401.86,129111.56,-0.0022,1.3591,752.54,656.9,0,0,371,580,0,14,0,0,NORMAL,0
INV-SYN-12376,TXN-SYN-12376,SUPP-PREC-04,BUYER-OMEGA-01,DHL Global Express,1,86455.49,85098.74,-0.0157,0.8958,544.02,432.22,0,0,372,581,0,3,0,1,NORMAL,0
INV-SYN-12377,TXN-SYN-12377,SUPP-TITAN-03,BUYER-APEX-06,FedEx International,1,187176.66,354718.84,0.8951,1.2669,350.58,260.73,1,0,403,546,0,15,0,0,AMOUNT_INFLATION,1
INV-SYN-12378,TXN-SYN-12378,SUPP-NEXUS-02,BUYER-GLOBAL-05,FedEx International,1,76213.87,75998.44,-0.0028,0.8941,431.54,359.93,0,0,344,519,0,21,0,0,NORMAL,0
INV-SYN-12379,TXN-SYN-12379,SUPP-PREC-04,BUYER-OMEGA-01,FedEx International,1,101181.66,100449.95,-0.0072,1.0574,702.85,643.98,0,0,373,582,0,18,1,0,NORMAL,0
INV-SYN-12380,TXN-SYN-12380,SUPP-NEXUS-02,BUYER-VORTEX-02,DB Schenker,1,64520.12,63451.67,-0.0166,0.7465,531.68,395.39,0,0,345,560,0,4,0,1,NORMAL,0
INV-SYN-12381,TXN-SYN-12381,SUPP-PHANTOM-07,BUYER-STEEL-03,Maersk Ocean Freight,1,597101.55,686666.78,0.15,1.5259,197.81,162.64,8,1,47,79,0,21,0,0,SERIAL_COUNTERPARTY_SPIKE,1
INV-SYN-12382,TXN-SYN-12382,SUPP-PREC-04,BUYER-VORTEX-02,Maersk Ocean Freight,1,103164.96,103139.66,-0.0002,1.0857,622.55,525.97,0,0,374,561,0,18,1,0,NORMAL,0
INV-SYN-12383,TXN-SYN-12383,SUPP-PREC-04,BUYER-OMEGA-01,DB Schenker,1,93844.51,93917.37,0.0008,0.9886,574.64,415.39,0,0,375,583,0,3,0,1,NORMAL,0
INV-SYN-12384,TXN-SYN-12384,SUPP-IND-05,BUYER-OMEGA-01,Kuehne+Nagel Logistics,1,161311.88,162344.27,0.0064,1.0147,598.86,436.68,1,0,420,584,0,10,0,0,NORMAL,0
INV-SYN-12385,TXN-SYN-12385,SUPP-TITAN-03,BUYER-OMEGA-01,Kuehne+Nagel Logistics,1,226905.33,225371.77,-0.0068,0.8049,803.52,611.83,1,0,404,585,0,1,0,1,NORMAL,0
INV-SYN-12386,TXN-SYN-12386,SUPP-IND-05,BUYER-VORTEX-02,FedEx International,1,150783.97,150922.69,0.0009,0.9433,454.64,412.22,1,0,421,562,0,9,0,0,NORMAL,0
INV-SYN-12387,TXN-SYN-12387,SUPP-NEXUS-02,BUYER-APEX-06,Kuehne+Nagel Logistics,1,65360.05,65565.6,0.0031,0.7714,389.06,340.93,0,0,346,547,0,16,0,0,NORMAL,0
INV-SYN-12388,TXN-SYN-12388,SUPP-TITAN-03,BUYER-GLOBAL-05,Kuehne+Nagel Logistics,1,342313.89,338910.34,-0.0099,1.2104,650.19,583.56,1,0,405,520,0,18,0,0,NORMAL,0
INV-SYN-12389,TXN-SYN-12389,SUPP-PREC-04,BUYER-OMEGA-01,Maersk Ocean Freight,1,119587.17,120331.53,0.0062,1.2666,843.76,687.21,0,0,376,586,0,20,0,0,NORMAL,0
INV-SYN-12390,TXN-SYN-12390,SUPP-PREC-04,BUYER-VORTEX-02,Kuehne+Nagel Logistics,1,51153.04,51001.35,-0.003,0.5369,423.59,343.77,0,0,377,563,0,17,0,0,NORMAL,0
INV-SYN-12391,TXN-SYN-12391,SUPP-IND-05,BUYER-APEX-06,DHL Global Express,1,122819.57,121344.09,-0.012,0.7584,735.21,597.37,1,0,422,548,0,7,0,0,NORMAL,0
INV-SYN-12392,TXN-SYN-12392,SUPP-SUSP-06,BUYER-QUICK-04,None,0,250000.0,250000.0,0.0,0.641,37.48,-0.66,6,5,47,97,1,0,1,1,OFF_HOURS_ROUND_SUM,1
INV-SYN-12393,TXN-SYN-12393,SUPP-IND-05,BUYER-OMEGA-01,Kuehne+Nagel Logistics,1,133999.04,131449.71,-0.019,0.8216,718.02,560.18,1,0,423,587,0,6,0,0,NORMAL,0
INV-SYN-12394,TXN-SYN-12394,SUPP-TITAN-03,BUYER-APEX-06,Kuehne+Nagel Logistics,1,274159.34,272695.84,-0.0053,0.9739,819.24,682.22,1,0,406,549,0,10,0,0,NORMAL,0
INV-SYN-12395,TXN-SYN-12395,SUPP-TITAN-03,BUYER-VORTEX-02,Maersk Ocean Freight,1,178524.83,180075.42,0.0087,0.6431,484.89,367.37,1,0,407,564,0,13,0,0,NORMAL,0
INV-SYN-12396,TXN-SYN-12396,SUPP-GLOBAL-01,BUYER-APEX-06,Maersk Ocean Freight,1,92344.21,90725.47,-0.0175,0.756,920.46,767.08,0,0,387,550,0,15,1,0,NORMAL,0
INV-SYN-12397,TXN-SYN-12397,SUPP-TITAN-03,BUYER-APEX-06,FedEx International,1,209722.98,206355.08,-0.0161,0.737,655.27,482.48,1,0,408,551,0,3,1,1,NORMAL,0
INV-SYN-12398,TXN-SYN-12398,SUPP-NEXUS-02,BUYER-QUICK-04,DB Schenker,1,89404.43,174105.05,0.9474,2.0483,452.03,325.65,0,5,347,98,0,14,0,0,AMOUNT_INFLATION,1
INV-SYN-12399,TXN-SYN-12399,SUPP-GLOBAL-01,BUYER-VORTEX-02,DHL Global Express,1,122080.33,123024.63,0.0077,1.0252,308.7,246.66,0,0,388,565,0,17,0,0,NORMAL,0
INV-SYN-12400,TXN-SYN-12400,SUPP-SUSP-06,BUYER-QUICK-04,FedEx International,1,484017.79,556620.46,0.15,1.4272,198.49,139.61,6,5,48,99,0,12,0,0,SERIAL_COUNTERPARTY_SPIKE,1
INV-SYN-12401,TXN-SYN-12401,SUPP-PREC-04,BUYER-OMEGA-01,Kuehne+Nagel Logistics,1,99199.5,97324.15,-0.0189,1.0245,546.32,400.21,0,0,378,588,0,7,0,0,NORMAL,0
INV-SYN-12402,TXN-SYN-12402,SUPP-PREC-04,BUYER-VORTEX-02,FedEx International,1,82016.35,81351.26,-0.0081,0.8563,389.91,253.35,0,0,379,566,0,16,1,0,NORMAL,0
INV-SYN-12403,TXN-SYN-12403,SUPP-PREC-04,BUYER-APEX-06,FedEx International,1,88548.19,89135.26,0.0066,0.9383,404.58,349.82,0,0,380,552,0,15,1,0,NORMAL,0
INV-SYN-12404,TXN-SYN-12404,SUPP-NEXUS-02,BUYER-APEX-06,Maersk Ocean Freight,1,120560.86,121251.51,0.0057,1.4265,883.81,705.66,0,0,348,553,0,17,0,0,NORMAL,0
INV-SYN-12405,TXN-SYN-12405,SUPP-IND-05,BUYER-OMEGA-01,Kuehne+Nagel Logistics,1,213618.44,212243.52,-0.0064,1.3265,574.4,437.46,1,0,424,589,0,15,0,0,NORMAL,0
INV-SYN-12406,TXN-SYN-12406,SUPP-IND-05,BUYER-GLOBAL-05,Kuehne+Nagel Logistics,1,108016.75,108475.84,0.0043,0.678,734.14,690.86,1,0,425,521,0,2,1,1,NORMAL,0
INV-SYN-12407,TXN-SYN-12407,SUPP-IND-05,BUYER-STEEL-03,DHL Global Express,1,423314.07,486811.18,0.15,3.0426,124.91,29.68,1,1,426,80,0,13,1,0,SERIAL_COUNTERPARTY_SPIKE,1
INV-SYN-12408,TXN-SYN-12408,SUPP-PACIFIC-08,BUYER-GLOBAL-05,DB Schenker,1,90213.69,90693.2,0.0053,1.2092,458.17,322.83,0,0,364,522,0,10,0,0,NORMAL,0
INV-SYN-12409,TXN-SYN-12409,SUPP-GLOBAL-01,BUYER-APEX-06,DHL Global Express,1,85552.1,85503.96,-0.0006,0.7125,690.56,567.04,0,0,389,554,0,19,1,0,NORMAL,0
INV-SYN-12410,TXN-SYN-12410,SUPP-PREC-04,BUYER-APEX-06,DHL Global Express,1,114445.97,113498.66,-0.0083,1.1947,762.67,697.52,0,0,381,555,0,4,0,1,NORMAL,0
INV-SYN-12411,TXN-SYN-12411,SUPP-PREC-04,BUYER-VORTEX-02,DHL Global Express,1,131525.88,132691.82,0.0089,1.3968,700.56,524.74,0,0,382,567,0,13,0,0,NORMAL,0
INV-SYN-12412,TXN-SYN-12412,SUPP-TITAN-03,BUYER-GLOBAL-05,DB Schenker,1,201421.86,427787.7,1.1238,1.5278,557.37,454.98,1,0,409,523,0,18,0,0,AMOUNT_INFLATION,1
INV-SYN-12413,TXN-SYN-12413,SUPP-PREC-04,BUYER-OMEGA-01,FedEx International,1,73209.31,72664.66,-0.0074,0.7649,789.93,703.57,0,0,383,590,0,15,0,0,NORMAL,0
INV-SYN-12414,TXN-SYN-12414,SUPP-NEXUS-02,BUYER-APEX-06,DB Schenker,1,106625.31,106852.01,0.0021,1.2571,673.57,493.73,0,0,349,556,0,5,0,1,NORMAL,0
INV-SYN-12415,TXN-SYN-12415,SUPP-TITAN-03,BUYER-GLOBAL-05,FedEx International,1,299004.67,298292.85,-0.0024,1.0653,731.38,670.78,1,0,410,524,0,11,1,0,NORMAL,0
INV-SYN-12416,TXN-SYN-12416,SUPP-IND-05,BUYER-VORTEX-02,Maersk Ocean Freight,1,182059.05,178893.58,-0.0174,1.1181,577.78,421.49,1,0,427,568,0,13,1,0,NORMAL,0
INV-SYN-12417,TXN-SYN-12417,SUPP-GLOBAL-01,BUYER-QUICK-04,Kuehne+Nagel Logistics,1,236312.37,271759.23,0.15,2.2647,82.67,1.18,0,5,390,100,0,7,0,0,SERIAL_COUNTERPARTY_SPIKE,1
INV-SYN-12418,TXN-SYN-12418,SUPP-TITAN-03,BUYER-APEX-06,DB Schenker,1,307348.71,304593.62,-0.009,1.0878,528.86,337.44,1,0,411,557,0,21,0,0,NORMAL,0
INV-SYN-12419,TXN-SYN-12419,SUPP-PREC-04,BUYER-QUICK-04,None,0,105924.9,105924.9,0.0,1.115,3.64,-1.0,0,5,384,101,0,4,0,1,RAPID_GHOST_SETTLEMENT,1
INV-SYN-12420,TXN-SYN-12420,SUPP-PACIFIC-08,BUYER-OMEGA-01,DB Schenker,1,94637.21,94274.12,-0.0038,1.257,856.65,756.02,0,0,365,591,0,14,0,0,NORMAL,0
INV-SYN-12421,TXN-SYN-12421,SUPP-GLOBAL-01,BUYER-APEX-06,FedEx International,1,155087.7,156423.85,0.0086,1.3035,724.97,646.68,0,0,391,558,0,21,0,0,NORMAL,0
INV-SYN-12422,TXN-SYN-12422,SUPP-TITAN-03,BUYER-OMEGA-01,DB Schenker,1,263942.65,263814.57,-0.0005,0.9422,868.01,792.6,1,0,412,592,0,2,0,1,NORMAL,0
INV-SYN-12423,TXN-SYN-12423,SUPP-PACIFIC-08,BUYER-VORTEX-02,DHL Global Express,1,74184.81,74156.73,-0.0004,0.9888,410.36,359.83,0,0,366,569,0,2,0,1,NORMAL,0
INV-SYN-12424,TXN-SYN-12424,SUPP-PREC-04,BUYER-OMEGA-01,FedEx International,1,58636.2,57559.17,-0.0184,0.6059,616.82,487.36,0,0,385,593,0,19,1,0,NORMAL,0
INV-SYN-12425,TXN-SYN-12425,SUPP-TITAN-03,BUYER-OMEGA-01,DB Schenker,1,315997.83,310132.19,-0.0186,1.1076,299.72,258.87,1,0,413,594,0,19,0,0,NORMAL,0
INV-SYN-12426,TXN-SYN-12426,SUPP-PACIFIC-08,BUYER-OMEGA-01,DB Schenker,1,85726.08,85045.7,-0.0079,1.1339,926.0,807.52,0,0,367,595,0,5,1,1,NORMAL,0
INV-SYN-12427,TXN-SYN-12427,SUPP-IND-05,BUYER-VORTEX-02,DB Schenker,1,157512.36,158002.51,0.0031,0.9875,601.69,435.75,1,0,428,570,0,2,0,1,NORMAL,0
INV-SYN-12428,TXN-SYN-12428,SUPP-GLOBAL-01,BUYER-OMEGA-01,Maersk Ocean Freight,1,153730.6,153037.31,-0.0045,1.2753,949.77,810.85,0,0,392,596,0,0,0,1,NORMAL,0
INV-SYN-12429,TXN-SYN-12429,SUPP-NEXUS-02,BUYER-APEX-06,DHL Global Express,1,77900.86,76550.41,-0.0173,0.9006,595.15,493.79,0,0,350,559,0,1,0,1,NORMAL,0
INV-SYN-12430,TXN-SYN-12430,SUPP-TITAN-03,BUYER-QUICK-04,None,0,530364.51,530364.51,0.0,1.8942,2.33,-1.0,1,5,414,102,0,1,0,1,RAPID_GHOST_SETTLEMENT,1
INV-SYN-12431,TXN-SYN-12431,SUPP-NEXUS-02,BUYER-OMEGA-01,FedEx International,1,63332.13,63073.2,-0.0041,0.742,782.09,614.94,0,0,351,597,0,22,1,0,NORMAL,0
INV-SYN-12432,TXN-SYN-12432,SUPP-PREC-04,BUYER-OMEGA-01,Kuehne+Nagel Logistics,1,94440.64,94831.05,0.0041,0.9982,547.88,356.77,0,0,386,598,0,9,0,0,NORMAL,0
INV-SYN-12433,TXN-SYN-12433,SUPP-TITAN-03,BUYER-GLOBAL-05,FedEx International,1,267795.2,265058.84,-0.0102,0.9466,753.95,625.16,1,0,415,525,0,4,0,1,NORMAL,0
INV-SYN-12434,TXN-SYN-12434,SUPP-TITAN-03,BUYER-APEX-06,Maersk Ocean Freight,1,295771.55,290576.82,-0.0176,1.0378,764.01,726.3,1,0,416,560,0,3,0,1,NORMAL,0
INV-SYN-12435,TXN-SYN-12435,SUPP-PACIFIC-08,BUYER-VORTEX-02,Kuehne+Nagel Logistics,1,68071.37,68052.91,-0.0003,0.9074,692.34,598.0,0,0,368,571,0,5,0,1,NORMAL,0
INV-SYN-12436,TXN-SYN-12436,SUPP-IND-05,BUYER-OMEGA-01,Maersk Ocean Freight,1,154741.1,152371.44,-0.0153,0.9523,459.95,389.19,1,0,429,599,0,10,0,0,NORMAL,0
INV-SYN-12437,TXN-SYN-12437,SUPP-NEXUS-02,BUYER-GLOBAL-05,DHL Global Express,1,102553.5,101748.67,-0.0078,1.197,553.31,389.96,0,0,352,526,0,2,0,1,NORMAL,0
INV-SYN-12438,TXN-SYN-12438,SUPP-PREC-04,BUYER-APEX-06,Kuehne+Nagel Logistics,1,84626.85,85265.67,0.0075,0.8975,512.76,430.95,0,0,387,561,0,2,0,1,NORMAL,0
INV-SYN-12439,TXN-SYN-12439,SUPP-PACIFIC-08,BUYER-GLOBAL-05,Kuehne+Nagel Logistics,1,44876.68,44456.89,-0.0094,0.5928,538.46,393.51,0,0,369,527,0,11,1,0,NORMAL,0
INV-SYN-12440,TXN-SYN-12440,SUPP-PACIFIC-08,BUYER-STEEL-03,None,0,184517.74,184517.74,0.0,2.4602,4.22,-1.0,0,1,370,81,0,12,1,0,RAPID_GHOST_SETTLEMENT,1
INV-SYN-12441,TXN-SYN-12441,SUPP-TITAN-03,BUYER-VORTEX-02,Kuehne+Nagel Logistics,1,376701.79,379048.02,0.0062,1.3537,514.17,389.26,1,0,417,572,0,22,0,0,NORMAL,0
INV-SYN-12442,TXN-SYN-12442,SUPP-TITAN-03,BUYER-GLOBAL-05,FedEx International,1,189541.61,188025.65,-0.008,0.6715,876.19,816.44,1,0,418,528,0,22,1,0,NORMAL,0
INV-SYN-12443,TXN-SYN-12443,SUPP-NEXUS-02,BUYER-APEX-06,DB Schenker,1,99656.29,98868.7,-0.0079,1.1632,930.41,822.09,0,0,353,562,0,20,1,0,NORMAL,0
INV-SYN-12444,TXN-SYN-12444,SUPP-PREC-04,BUYER-GLOBAL-05,DB Schenker,1,83054.35,81715.55,-0.0161,0.8602,856.67,729.96,0,0,388,529,0,2,0,1,NORMAL,0
INV-SYN-12445,TXN-SYN-12445,SUPP-PACIFIC-08,BUYER-VORTEX-02,DB Schenker,1,79940.39,78462.69,-0.0185,1.0462,630.69,554.66,0,0,371,573,0,10,0,0,NORMAL,0
INV-SYN-12446,TXN-SYN-12446,SUPP-NEXUS-02,BUYER-VORTEX-02,Kuehne+Nagel Logistics,1,91252.26,90970.31,-0.0031,1.0702,546.27,490.17,0,0,354,574,0,4,1,1,NORMAL,0
INV-SYN-12447,TXN-SYN-12447,SUPP-GLOBAL-01,BUYER-APEX-06,FedEx International,1,112967.77,112637.44,-0.0029,0.9386,875.2,775.52,0,0,393,563,0,1,1,1,NORMAL,0
INV-SYN-12448,TXN-SYN-12448,SUPP-PREC-04,BUYER-VORTEX-02,DB Schenker,1,76385.57,76547.29,0.0021,0.8058,548.18,388.77,0,0,389,575,0,16,1,0,NORMAL,0
INV-SYN-12449,TXN-SYN-12449,SUPP-TITAN-03,BUYER-APEX-06,Kuehne+Nagel Logistics,1,231662.13,229807.56,-0.008,0.8207,626.87,510.56,1,0,419,564,0,15,1,0,NORMAL,0
INV-SYN-12450,TXN-SYN-12450,SUPP-NEXUS-02,BUYER-GLOBAL-05,FedEx International,1,65530.92,65073.18,-0.007,0.7656,475.86,392.88,0,0,355,530,0,23,1,1,NORMAL,0
INV-SYN-12451,TXN-SYN-12451,SUPP-NEXUS-02,BUYER-OMEGA-01,DB Schenker,1,67323.78,67728.26,0.006,0.7968,803.09,727.86,0,0,356,600,0,8,0,0,NORMAL,0
INV-SYN-12452,TXN-SYN-12452,SUPP-GLOBAL-01,BUYER-GLOBAL-05,DB Schenker,1,117984.65,117493.41,-0.0042,0.9791,356.36,290.78,0,0,394,531,0,6,1,0,NORMAL,0
INV-SYN-12453,TXN-SYN-12453,SUPP-NEXUS-02,BUYER-APEX-06,Maersk Ocean Freight,1,69790.1,68403.55,-0.0199,0.8047,316.18,269.8,0,0,357,565,0,19,1,0,NORMAL,0
INV-SYN-12454,TXN-SYN-12454,SUPP-PACIFIC-08,BUYER-APEX-06,DHL Global Express,1,87788.48,86419.32,-0.0156,1.1523,946.19,813.95,0,0,372,566,0,22,0,0,NORMAL,0
INV-SYN-12455,TXN-SYN-12455,SUPP-IND-05,BUYER-STEEL-03,FedEx International,1,219489.85,351268.53,0.6004,2.1954,365.32,305.97,1,1,430,82,0,8,1,0,AMOUNT_INFLATION,1
INV-SYN-12456,TXN-SYN-12456,SUPP-IND-05,BUYER-APEX-06,Kuehne+Nagel Logistics,1,136797.87,137760.11,0.007,0.861,487.04,319.44,1,0,431,567,0,4,0,1,NORMAL,0
INV-SYN-12457,TXN-SYN-12457,SUPP-IND-05,BUYER-APEX-06,FedEx International,1,169576.18,170421.47,0.005,1.0651,781.23,685.37,1,0,432,568,0,21,0,0,NORMAL,0
INV-SYN-12458,TXN-SYN-12458,SUPP-PACIFIC-08,BUYER-VORTEX-02,FedEx International,1,84369.1,82710.46,-0.0197,1.1028,406.26,273.37,0,0,373,576,0,13,0,0,NORMAL,0
INV-SYN-12459,TXN-SYN-12459,SUPP-NEXUS-02,BUYER-VORTEX-02,Kuehne+Nagel Logistics,1,95030.05,93791.22,-0.013,1.1034,960.95,836.0,0,0,358,577,0,6,0,0,NORMAL,0
INV-SYN-12460,TXN-SYN-12460,SUPP-PREC-04,BUYER-OMEGA-01,Kuehne+Nagel Logistics,1,96803.94,95625.89,-0.0122,1.0066,492.36,315.06,0,0,390,601,0,22,0,0,NORMAL,0
INV-SYN-12461,TXN-SYN-12461,SUPP-IND-05,BUYER-OMEGA-01,FedEx International,1,189707.3,190792.27,0.0057,1.1925,866.37,767.61,1,0,433,602,0,21,0,0,NORMAL,0
INV-SYN-12462,TXN-SYN-12462,SUPP-GLOBAL-01,BUYER-APEX-06,Kuehne+Nagel Logistics,1,134467.47,132770.51,-0.0126,1.1064,791.31,609.41,0,0,395,569,0,2,1,1,NORMAL,0
INV-SYN-12463,TXN-SYN-12463,SUPP-PREC-04,BUYER-OMEGA-01,Kuehne+Nagel Logistics,1,65605.52,65140.93,-0.0071,0.6857,419.74,331.76,0,0,391,603,0,12,0,0,NORMAL,0
INV-SYN-12464,TXN-SYN-12464,SUPP-PACIFIC-08,BUYER-GLOBAL-05,Maersk Ocean Freight,1,91296.68,89489.17,-0.0198,1.1932,609.13,534.45,0,0,374,532,0,11,0,0,NORMAL,0
INV-SYN-12465,TXN-SYN-12465,SUPP-GLOBAL-01,BUYER-VORTEX-02,Kuehne+Nagel Logistics,1,146618.73,147928.18,0.0089,1.2327,774.72,636.29,0,0,396,578,0,7,0,0,NORMAL,0
INV-SYN-12466,TXN-SYN-12466,SUPP-TITAN-03,BUYER-APEX-06,FedEx International,1,226569.97,222390.86,-0.0184,0.7943,737.89,625.42,1,0,420,570,0,10,0,0,NORMAL,0
INV-SYN-12467,TXN-SYN-12467,SUPP-SUSP-06,BUYER-QUICK-04,None,0,699287.55,699287.55,0.0,1.793,1.16,-1.0,6,5,49,103,0,21,1,0,RAPID_GHOST_SETTLEMENT,1
INV-SYN-12468,TXN-SYN-12468,SUPP-TITAN-03,BUYER-OMEGA-01,Kuehne+Nagel Logistics,1,327833.03,326347.65,-0.0045,1.1655,330.36,264.19,1,0,421,604,0,2,1,1,NORMAL,0
INV-SYN-12469,TXN-SYN-12469,SUPP-TITAN-03,BUYER-VORTEX-02,Kuehne+Nagel Logistics,1,265348.03,266821.65,0.0056,0.9529,496.41,411.97,1,0,422,579,0,14,1,0,NORMAL,0
INV-SYN-12470,TXN-SYN-12470,SUPP-IND-05,BUYER-OMEGA-01,DB Schenker,1,202919.12,201864.24,-0.0052,1.2617,529.59,489.59,1,0,434,605,0,10,0,0,NORMAL,0
INV-SYN-12471,TXN-SYN-12471,SUPP-NEXUS-02,BUYER-VORTEX-02,DHL Global Express,1,135232.29,132794.14,-0.018,1.5623,842.21,655.1,0,0,359,580,0,15,0,0,NORMAL,0
INV-SYN-12472,TXN-SYN-12472,SUPP-PREC-04,BUYER-APEX-06,Kuehne+Nagel Logistics,1,76332.83,76586.39,0.0033,0.8062,748.82,617.92,0,0,392,571,0,1,0,1,NORMAL,0
INV-SYN-12473,TXN-SYN-12473,SUPP-PACIFIC-08,BUYER-GLOBAL-05,FedEx International,1,49105.41,49147.26,0.0009,0.6553,944.24,758.33,0,0,375,533,0,4,1,1,NORMAL,0
INV-SYN-12474,TXN-SYN-12474,SUPP-IND-05,BUYER-GLOBAL-05,Maersk Ocean Freight,1,172152.74,170525.94,-0.0094,1.0658,328.27,262.22,1,0,435,534,0,9,0,0,NORMAL,0
INV-SYN-12475,TXN-SYN-12475,SUPP-GLOBAL-01,BUYER-GLOBAL-05,DHL Global Express,1,141646.88,140277.07,-0.0097,1.169,798.31,677.35,0,0,397,535,0,9,0,0,NORMAL,0
INV-SYN-12476,TXN-SYN-12476,SUPP-GLOBAL-01,BUYER-GLOBAL-05,DB Schenker,1,113074.01,112345.45,-0.0064,0.9362,553.76,475.44,0,0,398,536,0,19,0,0,NORMAL,0
INV-SYN-12477,TXN-SYN-12477,SUPP-TITAN-03,BUYER-VORTEX-02,Kuehne+Nagel Logistics,1,381728.25,375433.24,-0.0165,1.3408,830.9,732.75,1,0,423,581,0,4,1,1,NORMAL,0
INV-SYN-12478,TXN-SYN-12478,SUPP-GLOBAL-01,BUYER-OMEGA-01,DHL Global Express,1,79841.83,79653.0,-0.0024,0.6638,845.29,670.09,0,0,399,606,0,11,0,0,NORMAL,0
INV-SYN-12479,TXN-SYN-12479,SUPP-TITAN-03,BUYER-GLOBAL-05,FedEx International,1,328504.3,324657.1,-0.0117,1.1595,641.39,602.52,1,0,424,537,0,8,0,0,NORMAL,0
INV-SYN-12480,TXN-SYN-12480,SUPP-PACIFIC-08,BUYER-VORTEX-02,FedEx International,1,63640.11,63902.83,0.0041,0.852,632.9,593.14,0,0,376,582,0,22,1,0,NORMAL,0
INV-SYN-12481,TXN-SYN-12481,SUPP-PREC-04,BUYER-VORTEX-02,DB Schenker,1,135835.23,136127.61,0.0022,1.4329,505.27,463.05,0,0,393,583,0,15,0,0,NORMAL,0
INV-SYN-12482,TXN-SYN-12482,SUPP-IND-05,BUYER-APEX-06,DHL Global Express,1,239700.61,236910.74,-0.0116,1.4807,823.69,636.04,1,0,436,572,0,6,0,0,NORMAL,0
INV-SYN-12483,TXN-SYN-12483,SUPP-IND-05,BUYER-OMEGA-01,Maersk Ocean Freight,1,129333.74,127995.25,-0.0103,0.8,425.19,294.33,1,0,437,607,0,21,0,0,NORMAL,0
INV-SYN-12484,TXN-SYN-12484,SUPP-PREC-04,BUYER-GLOBAL-05,FedEx International,1,81948.02,82052.82,0.0013,0.8637,741.66,673.42,0,0,394,538,0,22,0,0,NORMAL,0
INV-SYN-12485,TXN-SYN-12485,SUPP-TITAN-03,BUYER-APEX-06,Kuehne+Nagel Logistics,1,340171.15,333934.05,-0.0183,1.1926,485.61,419.99,1,0,425,573,0,22,0,0,NORMAL,0
INV-SYN-12486,TXN-SYN-12486,SUPP-GLOBAL-01,BUYER-OMEGA-01,DB Schenker,1,108386.08,108951.09,0.0052,0.9079,783.93,671.9,0,0,400,608,0,12,1,0,NORMAL,0
INV-SYN-12487,TXN-SYN-12487,SUPP-IND-05,BUYER-APEX-06,DHL Global Express,1,158183.55,155221.85,-0.0187,0.9701,661.93,599.69,1,0,438,574,0,19,1,0,NORMAL,0
INV-SYN-12488,TXN-SYN-12488,SUPP-IND-05,BUYER-OMEGA-01,Maersk Ocean Freight,1,161015.54,161287.1,0.0017,1.008,903.46,759.39,1,0,439,609,0,0,0,1,NORMAL,0
INV-SYN-12489,TXN-SYN-12489,SUPP-GLOBAL-01,BUYER-OMEGA-01,Kuehne+Nagel Logistics,1,62409.81,62764.6,0.0057,0.523,525.8,467.14,0,0,401,610,0,1,1,1,NORMAL,0
INV-SYN-12490,TXN-SYN-12490,SUPP-GLOBAL-01,BUYER-GLOBAL-05,Maersk Ocean Freight,1,119584.87,119179.04,-0.0034,0.9932,461.3,337.81,0,0,402,539,0,14,0,0,NORMAL,0
INV-SYN-12491,TXN-SYN-12491,SUPP-PREC-04,BUYER-VORTEX-02,Kuehne+Nagel Logistics,1,78618.97,77327.98,-0.0164,0.814,388.07,259.41,0,0,395,584,0,4,0,1,NORMAL,0
INV-SYN-12492,TXN-SYN-12492,SUPP-PREC-04,BUYER-VORTEX-02,Kuehne+Nagel Logistics,1,83288.33,82405.99,-0.0106,0.8674,776.57,646.87,0,0,396,585,0,22,0,0,NORMAL,0
INV-SYN-12493,TXN-SYN-12493,SUPP-PREC-04,BUYER-APEX-06,Kuehne+Nagel Logistics,1,129286.26,128109.85,-0.0091,1.3485,755.29,675.85,0,0,397,575,0,20,0,0,NORMAL,0
INV-SYN-12494,TXN-SYN-12494,SUPP-GLOBAL-01,BUYER-VORTEX-02,DHL Global Express,1,82304.79,82869.57,0.0069,0.6906,462.03,413.57,0,0,403,586,0,14,1,0,NORMAL,0
INV-SYN-12495,TXN-SYN-12495,SUPP-PACIFIC-08,BUYER-OMEGA-01,DB Schenker,1,90247.6,89992.1,-0.0028,1.1999,553.13,403.38,0,0,377,611,0,17,0,0,NORMAL,0
INV-SYN-12496,TXN-SYN-12496,SUPP-PREC-04,BUYER-APEX-06,FedEx International,1,88374.63,86957.82,-0.016,0.9153,535.59,436.03,0,0,398,576,0,11,0,0,NORMAL,0
INV-SYN-12497,TXN-SYN-12497,SUPP-IND-05,BUYER-APEX-06,FedEx International,1,148809.59,147455.28,-0.0091,0.9216,877.71,689.42,1,0,440,577,0,5,1,1,NORMAL,0
INV-SYN-12498,TXN-SYN-12498,SUPP-SUSP-06,BUYER-QUICK-04,Kuehne+Nagel Logistics,1,702533.17,807913.15,0.15,2.0716,80.13,6.51,6,5,50,104,0,4,0,1,SERIAL_COUNTERPARTY_SPIKE,1
INV-SYN-12499,TXN-SYN-12499,SUPP-GLOBAL-01,BUYER-APEX-06,DHL Global Express,1,130201.54,129145.19,-0.0081,1.0762,535.82,462.58,0,0,404,578,0,8,1,0,NORMAL,0
INV-SYN-12500,TXN-SYN-12500,SUPP-NEXUS-02,BUYER-OMEGA-01,DB Schenker,1,97125.53,96432.84,-0.0071,1.1345,733.65,567.01,0,0,360,612,0,6,0,0,NORMAL,0
INV-SYN-12501,TXN-SYN-12501,SUPP-GLOBAL-01,BUYER-OMEGA-01,FedEx International,1,149045.54,148687.72,-0.0024,1.2391,403.63,275.22,0,0,405,613,0,7,0,0,NORMAL,0
INV-SYN-12502,TXN-SYN-12502,SUPP-PACIFIC-08,BUYER-VORTEX-02,DB Schenker,1,68787.97,67707.65,-0.0157,0.9028,454.48,397.38,0,0,378,587,0,9,0,0,NORMAL,0
INV-SYN-12503,TXN-SYN-12503,SUPP-NEXUS-02,BUYER-VORTEX-02,Kuehne+Nagel Logistics,1,71989.97,71543.78,-0.0062,0.8417,751.55,657.67,0,0,361,588,0,0,0,1,NORMAL,0
INV-SYN-12504,TXN-SYN-12504,SUPP-TITAN-03,BUYER-VORTEX-02,Kuehne+Nagel Logistics,1,204039.46,203475.16,-0.0028,0.7267,429.6,265.0,1,0,426,589,0,6,0,0,NORMAL,0
INV-SYN-12505,TXN-SYN-12505,SUPP-IND-05,BUYER-APEX-06,Kuehne+Nagel Logistics,1,126983.58,127731.67,0.0059,0.7983,908.97,800.67,1,0,441,579,0,10,0,0,NORMAL,0
INV-SYN-12506,TXN-SYN-12506,SUPP-PACIFIC-08,BUYER-GLOBAL-05,FedEx International,1,130295.52,128758.11,-0.0118,1.7168,400.61,266.31,0,0,379,540,0,5,0,1,NORMAL,0
INV-SYN-12507,TXN-SYN-12507,SUPP-TITAN-03,BUYER-GLOBAL-05,DHL Global Express,1,367127.57,369980.84,0.0078,1.3214,385.73,314.61,1,0,427,541,0,21,0,0,NORMAL,0
INV-SYN-12508,TXN-SYN-12508,SUPP-GLOBAL-01,BUYER-OMEGA-01,Maersk Ocean Freight,1,79467.77,79297.49,-0.0021,0.6608,647.9,557.64,0,0,406,614,0,5,0,1,NORMAL,0
INV-SYN-12509,TXN-SYN-12509,SUPP-TITAN-03,BUYER-GLOBAL-05,FedEx International,1,187427.94,185918.04,-0.0081,0.664,697.63,598.27,1,0,428,542,0,22,0,0,NORMAL,0
INV-SYN-12510,TXN-SYN-12510,SUPP-PACIFIC-08,BUYER-GLOBAL-05,Maersk Ocean Freight,1,84034.99,83597.98,-0.0052,1.1146,772.87,659.65,0,0,380,543,0,5,0,1,NORMAL,0
INV-SYN-12511,TXN-SYN-12511,SUPP-IND-05,BUYER-QUICK-04,Maersk Ocean Freight,1,379832.94,436807.88,0.15,2.73,77.12,1.11,1,5,442,105,0,22,0,0,SERIAL_COUNTERPARTY_SPIKE,1
INV-SYN-12512,TXN-SYN-12512,SUPP-GLOBAL-01,BUYER-GLOBAL-05,Kuehne+Nagel Logistics,1,136466.52,136358.77,-0.0008,1.1363,403.83,249.62,0,0,407,544,0,13,0,0,NORMAL,0
INV-SYN-12513,TXN-SYN-12513,SUPP-NEXUS-02,BUYER-GLOBAL-05,DHL Global Express,1,79582.19,78140.69,-0.0181,0.9193,397.22,282.6,0,0,362,545,0,18,0,0,NORMAL,0
INV-SYN-12514,TXN-SYN-12514,SUPP-NEXUS-02,BUYER-OMEGA-01,DHL Global Express,1,82334.1,81256.51,-0.0131,0.956,643.13,493.9,0,0,363,615,0,18,0,0,NORMAL,0
INV-SYN-12515,TXN-SYN-12515,SUPP-GLOBAL-01,BUYER-GLOBAL-05,DHL Global Express,1,129836.39,128590.72,-0.0096,1.0716,568.7,464.05,0,0,408,546,0,13,0,0,NORMAL,0
INV-SYN-12516,TXN-SYN-12516,SUPP-NEXUS-02,BUYER-GLOBAL-05,Maersk Ocean Freight,1,86825.23,85633.61,-0.0137,1.0075,633.56,505.4,0,0,364,547,0,22,0,0,NORMAL,0
INV-SYN-12517,TXN-SYN-12517,SUPP-TITAN-03,BUYER-OMEGA-01,Maersk Ocean Freight,1,124648.97,125778.15,0.0091,0.4492,518.46,368.28,1,0,429,616,0,3,0,1,NORMAL,0
INV-SYN-12518,TXN-SYN-12518,SUPP-SUSP-06,BUYER-QUICK-04,None,0,750000.0,750000.0,0.0,1.9231,64.64,32.03,6,5,51,106,1,3,1,1,OFF_HOURS_ROUND_SUM,1
INV-SYN-12519,TXN-SYN-12519,SUPP-IND-05,BUYER-APEX-06,Kuehne+Nagel Logistics,1,125943.74,126234.4,0.0023,0.789,671.3,588.44,1,0,443,580,0,1,1,1,NORMAL,0
INV-SYN-12520,TXN-SYN-12520,SUPP-PHANTOM-07,BUYER-GLOBAL-05,Unregistered Logistics,1,750000.0,750000.0,0.0,1.6667,46.26,24.76,8,0,48,548,1,4,1,1,OFF_HOURS_ROUND_SUM,1
INV-SYN-12521,TXN-SYN-12521,SUPP-GLOBAL-01,BUYER-GLOBAL-05,FedEx International,1,209557.77,205675.77,-0.0185,1.714,901.27,836.29,0,0,409,549,0,16,0,0,NORMAL,0
INV-SYN-12522,TXN-SYN-12522,SUPP-PACIFIC-08,BUYER-APEX-06,Maersk Ocean Freight,1,81890.28,82221.01,0.004,1.0963,436.45,386.62,0,0,381,581,0,4,0,1,NORMAL,0
INV-SYN-12523,TXN-SYN-12523,SUPP-GLOBAL-01,BUYER-OMEGA-01,Kuehne+Nagel Logistics,1,110594.11,108926.16,-0.0151,0.9077,663.46,533.32,0,0,410,617,0,8,1,0,NORMAL,0
INV-SYN-12524,TXN-SYN-12524,SUPP-NEXUS-02,BUYER-VORTEX-02,Kuehne+Nagel Logistics,1,104588.28,102947.26,-0.0157,1.2111,513.83,367.62,0,0,365,590,0,21,1,0,NORMAL,0
INV-SYN-12525,TXN-SYN-12525,SUPP-PACIFIC-08,BUYER-VORTEX-02,Maersk Ocean Freight,1,84050.4,84886.6,0.0099,1.1318,363.11,263.95,0,0,382,591,0,1,1,1,NORMAL,0
INV-SYN-12526,TXN-SYN-12526,SUPP-IND-05,BUYER-VORTEX-02,Kuehne+Nagel Logistics,1,176803.78,177315.2,0.0029,1.1082,628.85,465.64,1,0,444,592,0,12,1,0,NORMAL,0
INV-SYN-12527,TXN-SYN-12527,SUPP-IND-05,BUYER-VORTEX-02,DB Schenker,1,184274.02,183017.07,-0.0068,1.1439,979.11,799.83,1,0,445,593,0,14,0,0,NORMAL,0
INV-SYN-12528,TXN-SYN-12528,SUPP-SUSP-06,BUYER-OMEGA-01,None,0,658530.51,658530.51,0.0,1.6885,0.92,-1.0,6,0,52,618,0,4,1,1,RAPID_GHOST_SETTLEMENT,1
INV-SYN-12529,TXN-SYN-12529,SUPP-PACIFIC-08,BUYER-OMEGA-01,FedEx International,1,53795.84,53715.44,-0.0015,0.7162,621.32,549.76,0,0,383,619,0,11,0,0,NORMAL,0
INV-SYN-12530,TXN-SYN-12530,SUPP-TITAN-03,BUYER-VORTEX-02,DB Schenker,1,313154.25,309680.64,-0.0111,1.106,733.53,594.59,1,0,430,594,0,14,0,0,NORMAL,0
INV-SYN-12531,TXN-SYN-12531,SUPP-NEXUS-02,BUYER-OMEGA-01,DHL Global Express,1,65314.4,64955.05,-0.0055,0.7642,600.85,436.95,0,0,366,620,0,4,0,1,NORMAL,0
INV-SYN-12532,TXN-SYN-12532,SUPP-TITAN-03,BUYER-GLOBAL-05,Kuehne+Nagel Logistics,1,318885.89,316229.61,-0.0083,1.1294,612.88,434.16,1,0,431,550,0,8,1,0,NORMAL,0
INV-SYN-12533,TXN-SYN-12533,SUPP-IND-05,BUYER-OMEGA-01,DHL Global Express,1,123252.54,124334.94,0.0088,0.7771,725.37,669.97,1,0,446,621,0,11,0,0,NORMAL,0
INV-SYN-12534,TXN-SYN-12534,SUPP-PREC-04,BUYER-GLOBAL-05,Kuehne+Nagel Logistics,1,85087.54,83930.63,-0.0136,0.8835,895.87,835.74,0,0,399,551,0,9,0,0,NORMAL,0
INV-SYN-12535,TXN-SYN-12535,SUPP-PACIFIC-08,BUYER-VORTEX-02,FedEx International,1,69467.06,69104.64,-0.0052,0.9214,471.17,362.25,0,0,384,595,0,7,0,0,NORMAL,0
INV-SYN-12536,TXN-SYN-12536,SUPP-GLOBAL-01,BUYER-APEX-06,Kuehne+Nagel Logistics,1,149274.5,148556.04,-0.0048,1.238,666.86,481.09,0,0,411,582,0,22,0,0,NORMAL,0
INV-SYN-12537,TXN-SYN-12537,SUPP-TITAN-03,BUYER-APEX-06,DB Schenker,1,344291.81,345696.4,0.0041,1.2346,493.44,456.9,1,0,432,583,0,3,0,1,NORMAL,0
INV-SYN-12538,TXN-SYN-12538,SUPP-NEXUS-02,BUYER-APEX-06,DB Schenker,1,58528.51,57946.25,-0.0099,0.6817,626.91,542.05,0,0,367,584,0,3,0,1,NORMAL,0
INV-SYN-12539,TXN-SYN-12539,SUPP-TITAN-03,BUYER-VORTEX-02,Kuehne+Nagel Logistics,1,283845.39,278890.71,-0.0175,0.996,879.21,714.65,1,0,433,596,0,6,0,0,NORMAL,0
INV-SYN-12540,TXN-SYN-12540,SUPP-TITAN-03,BUYER-OMEGA-01,Kuehne+Nagel Logistics,1,230329.41,229150.53,-0.0051,0.8184,562.83,523.95,1,0,434,622,0,5,1,1,NORMAL,0
INV-SYN-12541,TXN-SYN-12541,SUPP-TITAN-03,BUYER-VORTEX-02,DHL Global Express,1,191904.66,190485.99,-0.0074,0.6803,839.03,745.11,1,0,435,597,0,10,0,0,NORMAL,0
INV-SYN-12542,TXN-SYN-12542,SUPP-PREC-04,BUYER-VORTEX-02,FedEx International,1,89845.85,88156.77,-0.0188,0.928,869.14,722.91,0,0,400,598,0,23,0,1,NORMAL,0
INV-SYN-12543,TXN-SYN-12543,SUPP-PACIFIC-08,BUYER-GLOBAL-05,Maersk Ocean Freight,1,69215.95,69480.06,0.0038,0.9264,990.76,807.52,0,0,385,552,0,3,0,1,NORMAL,0
INV-SYN-12544,TXN-SYN-12544,SUPP-PACIFIC-08,BUYER-OMEGA-01,Kuehne+Nagel Logistics,1,120500.93,119709.78,-0.0066,1.5961,712.56,627.41,0,0,386,623,0,16,0,0,NORMAL,0
INV-SYN-12545,TXN-SYN-12545,SUPP-NEXUS-02,BUYER-OMEGA-01,DB Schenker,1,94200.4,92931.3,-0.0135,1.0933,775.22,647.63,0,0,368,624,0,21,0,0,NORMAL,0
INV-SYN-12546,TXN-SYN-12546,SUPP-PACIFIC-08,BUYER-GLOBAL-05,DB Schenker,1,49169.67,49068.61,-0.0021,0.6542,836.41,788.34,0,0,387,553,0,22,0,0,NORMAL,0
INV-SYN-12547,TXN-SYN-12547,SUPP-IND-05,BUYER-APEX-06,Maersk Ocean Freight,1,137409.04,137711.72,0.0022,0.8607,423.17,248.52,1,0,447,585,0,12,0,0,NORMAL,0
INV-SYN-12548,TXN-SYN-12548,SUPP-TITAN-03,BUYER-VORTEX-02,Maersk Ocean Freight,1,351496.83,348863.55,-0.0075,1.2459,541.98,369.89,1,0,436,599,0,2,0,1,NORMAL,0
INV-SYN-12549,TXN-SYN-12549,SUPP-NEXUS-02,BUYER-VORTEX-02,FedEx International,1,129379.41,127790.35,-0.0123,1.5034,395.94,300.51,0,0,369,600,0,12,1,0,NORMAL,0
INV-SYN-12550,TXN-SYN-12550,SUPP-PACIFIC-08,BUYER-OMEGA-01,Maersk Ocean Freight,1,45262.81,45593.54,0.0073,0.6079,664.84,577.43,0,0,388,625,0,17,0,0,NORMAL,0
INV-SYN-12551,TXN-SYN-12551,SUPP-TITAN-03,BUYER-VORTEX-02,Kuehne+Nagel Logistics,1,148405.29,145455.37,-0.0199,0.5195,549.59,502.16,1,0,437,601,0,0,0,1,NORMAL,0
INV-SYN-12552,TXN-SYN-12552,SUPP-PACIFIC-08,BUYER-VORTEX-02,DB Schenker,1,110080.6,108516.71,-0.0142,1.4469,790.21,661.92,0,0,389,602,0,11,0,0,NORMAL,0
INV-SYN-12553,TXN-SYN-12553,SUPP-TITAN-03,BUYER-APEX-06,FedEx International,1,307272.99,308748.31,0.0048,1.1027,625.55,444.6,1,0,438,586,0,11,0,0,NORMAL,0
INV-SYN-12554,TXN-SYN-12554,SUPP-PACIFIC-08,BUYER-APEX-06,DB Schenker,1,58719.51,58771.33,0.0009,0.7836,750.63,704.61,0,0,390,587,0,17,0,0,NORMAL,0
INV-SYN-12555,TXN-SYN-12555,SUPP-IND-05,BUYER-VORTEX-02,DB Schenker,1,181385.16,178458.15,-0.0161,1.1154,735.6,629.36,1,0,448,603,0,20,1,0,NORMAL,0
INV-SYN-12556,TXN-SYN-12556,SUPP-GLOBAL-01,BUYER-GLOBAL-05,Kuehne+Nagel Logistics,1,40927.57,41303.12,0.0092,0.3442,634.55,553.29,0,0,412,554,0,16,1,0,NORMAL,0
INV-SYN-12557,TXN-SYN-12557,SUPP-PREC-04,BUYER-OMEGA-01,DB Schenker,1,95080.17,93748.84,-0.014,0.9868,774.3,625.46,0,0,401,626,0,19,0,0,NORMAL,0
INV-SYN-12558,TXN-SYN-12558,SUPP-PREC-04,BUYER-GLOBAL-05,Maersk Ocean Freight,1,102785.75,103750.52,0.0094,1.0921,604.36,474.85,0,0,402,555,0,23,1,1,NORMAL,0
INV-SYN-12559,TXN-SYN-12559,SUPP-PACIFIC-08,BUYER-GLOBAL-05,DB Schenker,1,92330.07,92385.56,0.0006,1.2318,838.3,705.03,0,0,391,556,0,12,0,0,NORMAL,0
INV-SYN-12560,TXN-SYN-12560,SUPP-IND-05,BUYER-GLOBAL-05,Kuehne+Nagel Logistics,1,192056.14,220864.56,0.15,1.3804,80.52,-20.67,1,0,449,557,0,1,0,1,SERIAL_COUNTERPARTY_SPIKE,1
INV-SYN-12561,TXN-SYN-12561,SUPP-IND-05,BUYER-OMEGA-01,Kuehne+Nagel Logistics,1,163427.49,160848.81,-0.0158,1.0053,368.5,319.45,1,0,450,627,0,14,1,0,NORMAL,0
INV-SYN-12562,TXN-SYN-12562,SUPP-GLOBAL-01,BUYER-APEX-06,DB Schenker,1,92237.26,92885.32,0.007,0.774,634.07,483.81,0,0,413,588,0,23,1,1,NORMAL,0
INV-SYN-12563,TXN-SYN-12563,SUPP-TITAN-03,BUYER-GLOBAL-05,Maersk Ocean Freight,1,297876.86,300201.39,0.0078,1.0721,620.4,436.67,1,0,439,558,0,18,0,0,NORMAL,0
INV-SYN-12564,TXN-SYN-12564,SUPP-TITAN-03,BUYER-APEX-06,Kuehne+Nagel Logistics,1,217325.76,219441.63,0.0097,0.7837,561.43,498.57,1,0,440,589,0,20,1,0,NORMAL,0
INV-SYN-12565,TXN-SYN-12565,SUPP-GLOBAL-01,BUYER-OMEGA-01,Kuehne+Nagel Logistics,1,107756.97,107295.04,-0.0043,0.8941,813.68,725.01,0,0,414,628,0,11,0,0,NORMAL,0
INV-SYN-12566,TXN-SYN-12566,SUPP-NEXUS-02,BUYER-GLOBAL-05,Maersk Ocean Freight,1,63838.92,63246.65,-0.0093,0.7441,493.91,393.21,0,0,370,559,0,21,1,0,NORMAL,0
INV-SYN-12567,TXN-SYN-12567,SUPP-GLOBAL-01,BUYER-VORTEX-02,DHL Global Express,1,139534.09,137817.91,-0.0123,1.1485,785.1,701.9,0,0,415,604,0,14,0,0,NORMAL,0
INV-SYN-12568,TXN-SYN-12568,SUPP-IND-05,BUYER-APEX-06,FedEx International,1,194338.04,190480.07,-0.0199,1.1905,522.02,360.95,1,0,451,590,0,21,0,0,NORMAL,0
INV-SYN-12569,TXN-SYN-12569,SUPP-PREC-04,BUYER-APEX-06,Kuehne+Nagel Logistics,1,89427.76,89719.83,0.0033,0.9444,926.85,760.36,0,0,403,591,0,3,0,1,NORMAL,0
INV-SYN-12570,TXN-SYN-12570,SUPP-PACIFIC-08,BUYER-OMEGA-01,DHL Global Express,1,75716.96,76379.48,0.0087,1.0184,868.82,769.14,0,0,392,629,0,22,0,0,NORMAL,0
INV-SYN-12571,TXN-SYN-12571,SUPP-TITAN-03,BUYER-GLOBAL-05,DHL Global Express,1,178598.6,176163.38,-0.0136,0.6292,480.32,344.02,1,0,441,560,0,10,0,0,NORMAL,0
INV-SYN-12572,TXN-SYN-12572,SUPP-SUSP-06,BUYER-GLOBAL-05,None,0,404536.3,404536.3,0.0,1.0373,3.24,-1.0,6,0,53,561,0,15,0,0,RAPID_GHOST_SETTLEMENT,1
INV-SYN-12573,TXN-SYN-12573,SUPP-TITAN-03,BUYER-OMEGA-01,Kuehne+Nagel Logistics,1,276485.68,276496.52,0.0,0.9875,660.67,622.78,1,0,442,630,0,15,0,0,NORMAL,0
INV-SYN-12574,TXN-SYN-12574,SUPP-IND-05,BUYER-APEX-06,DB Schenker,1,264831.72,266431.36,0.006,1.6652,945.99,766.58,1,0,452,592,0,19,1,0,NORMAL,0
INV-SYN-12575,TXN-SYN-12575,SUPP-NEXUS-02,BUYER-GLOBAL-05,FedEx International,1,61370.7,60424.71,-0.0154,0.7109,535.47,457.55,0,0,371,562,0,10,0,0,NORMAL,0
INV-SYN-12576,TXN-SYN-12576,SUPP-IND-05,BUYER-GLOBAL-05,Kuehne+Nagel Logistics,1,218567.09,216155.14,-0.011,1.351,541.43,362.79,1,0,453,563,0,6,0,0,NORMAL,0
INV-SYN-12577,TXN-SYN-12577,SUPP-PREC-04,BUYER-APEX-06,DB Schenker,1,118675.4,118115.63,-0.0047,1.2433,622.57,433.12,0,0,404,593,0,19,0,0,NORMAL,0
INV-SYN-12578,TXN-SYN-12578,SUPP-PACIFIC-08,BUYER-VORTEX-02,DB Schenker,1,80261.93,80286.4,0.0003,1.0705,911.6,737.03,0,0,393,605,0,18,1,0,NORMAL,0
INV-SYN-12579,TXN-SYN-12579,SUPP-IND-05,BUYER-OMEGA-01,DB Schenker,1,230344.82,232527.97,0.0095,1.4533,426.75,390.58,1,0,454,631,0,21,0,0,NORMAL,0
INV-SYN-12580,TXN-SYN-12580,SUPP-NEXUS-02,BUYER-OMEGA-01,DB Schenker,1,92907.24,93751.15,0.0091,1.103,691.47,600.28,0,0,372,632,0,22,0,0,NORMAL,0
INV-SYN-12581,TXN-SYN-12581,SUPP-NEXUS-02,BUYER-GLOBAL-05,Kuehne+Nagel Logistics,1,93269.63,93112.54,-0.0017,1.0954,526.6,354.73,0,0,373,564,0,9,0,0,NORMAL,0
INV-SYN-12582,TXN-SYN-12582,SUPP-TITAN-03,BUYER-VORTEX-02,Kuehne+Nagel Logistics,1,276281.55,271554.67,-0.0171,0.9698,674.78,522.7,1,0,443,606,0,12,0,0,NORMAL,0
INV-SYN-12583,TXN-SYN-12583,SUPP-IND-05,BUYER-APEX-06,DHL Global Express,1,208942.76,208585.44,-0.0017,1.3037,818.87,633.78,1,0,455,594,0,0,1,1,NORMAL,0
INV-SYN-12584,TXN-SYN-12584,SUPP-GLOBAL-01,BUYER-APEX-06,FedEx International,1,152894.08,154392.88,0.0098,1.2866,504.01,360.88,0,0,416,595,0,18,0,0,NORMAL,0
INV-SYN-12585,TXN-SYN-12585,SUPP-IND-05,BUYER-VORTEX-02,Kuehne+Nagel Logistics,1,134972.91,133569.19,-0.0104,0.8348,793.86,657.8,1,0,456,607,0,12,1,0,NORMAL,0
INV-SYN-12586,TXN-SYN-12586,SUPP-TITAN-03,BUYER-OMEGA-01,FedEx International,1,187652.7,184795.73,-0.0152,0.66,477.87,340.99,1,0,444,633,0,8,0,0,NORMAL,0
INV-SYN-12587,TXN-SYN-12587,SUPP-PREC-04,BUYER-OMEGA-01,DB Schenker,1,90179.21,89351.17,-0.0092,0.9405,815.63,694.05,0,0,405,634,0,4,0,1,NORMAL,0
INV-SYN-12588,TXN-SYN-12588,SUPP-NEXUS-02,BUYER-APEX-06,FedEx International,1,67999.18,67619.54,-0.0056,0.7955,479.98,299.19,0,0,374,596,0,3,0,1,NORMAL,0
INV-SYN-12589,TXN-SYN-12589,SUPP-PREC-04,BUYER-VORTEX-02,DB Schenker,1,93491.29,92698.34,-0.0085,0.9758,432.54,368.18,0,0,406,608,0,5,1,1,NORMAL,0
INV-SYN-12590,TXN-SYN-12590,SUPP-PACIFIC-08,BUYER-OMEGA-01,DHL Global Express,1,98201.97,99130.15,0.0095,1.3217,639.87,521.24,0,0,394,635,0,14,1,0,NORMAL,0
INV-SYN-12591,TXN-SYN-12591,SUPP-IND-05,BUYER-VORTEX-02,Maersk Ocean Freight,1,141707.93,139497.35,-0.0156,0.8719,828.53,733.02,1,0,457,609,0,2,0,1,NORMAL,0
INV-SYN-12592,TXN-SYN-12592,SUPP-IND-05,BUYER-GLOBAL-05,Kuehne+Nagel Logistics,1,158287.06,157727.16,-0.0035,0.9858,963.12,796.71,1,0,458,565,0,4,0,1,NORMAL,0
INV-SYN-12593,TXN-SYN-12593,SUPP-PHANTOM-07,BUYER-VORTEX-02,DB Schenker,1,456527.56,852727.96,0.8679,1.895,225.96,129.71,8,0,49,610,0,18,0,0,AMOUNT_INFLATION,1
INV-SYN-12594,TXN-SYN-12594,SUPP-IND-05,BUYER-STEEL-03,Maersk Ocean Freight,1,333853.43,383931.44,0.15,2.3996,192.03,84.23,1,1,459,83,0,17,0,0,SERIAL_COUNTERPARTY_SPIKE,1
INV-SYN-12595,TXN-SYN-12595,SUPP-PACIFIC-08,BUYER-APEX-06,Kuehne+Nagel Logistics,1,32870.82,33089.65,0.0067,0.4412,910.43,830.66,0,0,395,597,0,7,0,0,NORMAL,0
INV-SYN-12596,TXN-SYN-12596,SUPP-IND-05,BUYER-GLOBAL-05,Kuehne+Nagel Logistics,1,135731.99,133304.84,-0.0179,0.8332,697.25,537.84,1,0,460,566,0,3,1,1,NORMAL,0
INV-SYN-12597,TXN-SYN-12597,SUPP-TITAN-03,BUYER-VORTEX-02,DB Schenker,1,294789.86,289578.51,-0.0177,1.0342,728.16,564.47,1,0,445,611,0,1,0,1,NORMAL,0
INV-SYN-12598,TXN-SYN-12598,SUPP-PACIFIC-08,BUYER-OMEGA-01,DHL Global Express,1,97501.48,97742.15,0.0025,1.3032,559.84,451.65,0,0,396,636,0,21,0,0,NORMAL,0
INV-SYN-12599,TXN-SYN-12599,SUPP-GLOBAL-01,BUYER-GLOBAL-05,Maersk Ocean Freight,1,105242.93,103321.44,-0.0183,0.861,672.6,545.96,0,0,417,567,0,4,0,1,NORMAL,0
INV-SYN-12600,TXN-SYN-12600,SUPP-IND-05,BUYER-APEX-06,Maersk Ocean Freight,1,84937.89,85345.87,0.0048,0.5334,639.07,570.3,1,0,461,598,0,11,0,0,NORMAL,0
INV-SYN-12601,TXN-SYN-12601,SUPP-IND-05,BUYER-STEEL-03,FedEx International,1,328741.54,378052.77,0.15,2.3628,139.06,92.23,1,1,462,84,0,5,0,1,SERIAL_COUNTERPARTY_SPIKE,1
INV-SYN-12602,TXN-SYN-12602,SUPP-TITAN-03,BUYER-APEX-06,None,0,750000.0,750000.0,0.0,2.6786,30.54,-13.09,1,0,446,599,1,0,0,1,OFF_HOURS_ROUND_SUM,1
INV-SYN-12603,TXN-SYN-12603,SUPP-IND-05,BUYER-APEX-06,FedEx International,1,112413.33,112809.49,0.0035,0.7051,780.62,729.29,1,0,463,600,0,10,0,0,NORMAL,0
INV-SYN-12604,TXN-SYN-12604,SUPP-GLOBAL-01,BUYER-APEX-06,DB Schenker,1,101269.64,100464.92,-0.0079,0.8372,409.57,261.99,0,0,418,601,0,4,0,1,NORMAL,0
INV-SYN-12605,TXN-SYN-12605,SUPP-GLOBAL-01,BUYER-OMEGA-01,FedEx International,1,114464.24,112628.08,-0.016,0.9386,704.73,593.69,0,0,419,637,0,5,0,1,NORMAL,0
INV-SYN-12606,TXN-SYN-12606,SUPP-NEXUS-02,BUYER-APEX-06,DB Schenker,1,72149.18,72640.08,0.0068,0.8546,708.58,637.65,0,0,375,602,0,15,0,0,NORMAL,0
INV-SYN-12607,TXN-SYN-12607,SUPP-PREC-04,BUYER-GLOBAL-05,Maersk Ocean Freight,1,42617.81,42346.06,-0.0064,0.4457,309.75,266.54,0,0,407,568,0,6,0,0,NORMAL,0
INV-SYN-12608,TXN-SYN-12608,SUPP-PREC-04,BUYER-GLOBAL-05,FedEx International,1,116305.32,116122.2,-0.0016,1.2223,1008.44,837.93,0,0,408,569,0,21,1,0,NORMAL,0
INV-SYN-12609,TXN-SYN-12609,SUPP-NEXUS-02,BUYER-GLOBAL-05,Kuehne+Nagel Logistics,1,112091.09,111349.35,-0.0066,1.31,542.53,381.68,0,0,376,570,0,6,1,0,NORMAL,0
INV-SYN-12610,TXN-SYN-12610,SUPP-GLOBAL-01,BUYER-VORTEX-02,DHL Global Express,1,139545.66,139510.22,-0.0003,1.1626,607.0,433.74,0,0,420,612,0,3,1,1,NORMAL,0
INV-SYN-12611,TXN-SYN-12611,SUPP-TITAN-03,BUYER-OMEGA-01,DHL Global Express,1,200362.0,200968.89,0.003,0.7177,559.12,454.49,1,0,447,638,0,13,0,0,NORMAL,0
INV-SYN-12612,TXN-SYN-12612,SUPP-PHANTOM-07,BUYER-STEEL-03,None,0,300000.0,300000.0,0.0,0.6667,17.47,-7.77,8,1,50,85,1,0,0,1,OFF_HOURS_ROUND_SUM,1
INV-SYN-12613,TXN-SYN-12613,SUPP-GLOBAL-01,BUYER-GLOBAL-05,DHL Global Express,1,119804.36,120599.01,0.0066,1.005,875.88,691.53,0,0,421,571,0,7,0,0,NORMAL,0
INV-SYN-12614,TXN-SYN-12614,SUPP-NEXUS-02,BUYER-GLOBAL-05,Kuehne+Nagel Logistics,1,97724.38,96351.7,-0.014,1.1335,427.88,308.3,0,0,377,572,0,14,0,0,NORMAL,0
INV-SYN-12615,TXN-SYN-12615,SUPP-PACIFIC-08,BUYER-APEX-06,DHL Global Express,1,87531.38,87819.65,0.0033,1.1709,719.54,589.67,0,0,397,603,0,15,1,0,NORMAL,0
INV-SYN-12616,TXN-SYN-12616,SUPP-PREC-04,BUYER-APEX-06,FedEx International,1,77563.37,77263.34,-0.0039,0.8133,551.57,379.27,0,0,409,604,0,23,0,1,NORMAL,0
INV-SYN-12617,TXN-SYN-12617,SUPP-IND-05,BUYER-QUICK-04,Maersk Ocean Freight,1,310583.28,357170.77,0.15,2.2323,199.9,173.52,1,5,464,107,0,21,1,0,SERIAL_COUNTERPARTY_SPIKE,1
INV-SYN-12618,TXN-SYN-12618,SUPP-NEXUS-02,BUYER-APEX-06,DHL Global Express,1,94717.21,94036.97,-0.0072,1.1063,362.35,279.84,0,0,378,605,0,6,0,0,NORMAL,0
INV-SYN-12619,TXN-SYN-12619,SUPP-NEXUS-02,BUYER-VORTEX-02,DB Schenker,1,115936.22,115286.16,-0.0056,1.3563,791.45,637.14,0,0,379,613,0,9,0,0,NORMAL,0
INV-SYN-12620,TXN-SYN-12620,SUPP-GLOBAL-01,BUYER-GLOBAL-05,FedEx International,1,141135.2,140421.99,-0.0051,1.1702,707.52,600.85,0,0,422,573,0,6,0,0,NORMAL,0
INV-SYN-12621,TXN-SYN-12621,SUPP-PACIFIC-08,BUYER-VORTEX-02,DB Schenker,1,89794.81,88627.98,-0.013,1.1817,819.82,704.41,0,0,398,614,0,6,0,0,NORMAL,0
INV-SYN-12622,TXN-SYN-12622,SUPP-NEXUS-02,BUYER-OMEGA-01,Maersk Ocean Freight,1,86781.32,87206.2,0.0049,1.026,880.76,793.06,0,0,380,639,0,20,0,0,NORMAL,0
INV-SYN-12623,TXN-SYN-12623,SUPP-PACIFIC-08,BUYER-GLOBAL-05,FedEx International,1,101446.11,102448.18,0.0099,1.366,491.43,420.05,0,0,399,574,0,18,1,0,NORMAL,0
INV-SYN-12624,TXN-SYN-12624,SUPP-PREC-04,BUYER-GLOBAL-05,DB Schenker,1,104731.87,103727.36,-0.0096,1.0919,539.73,388.46,0,0,410,575,0,1,1,1,NORMAL,0
INV-SYN-12625,TXN-SYN-12625,SUPP-PREC-04,BUYER-APEX-06,Maersk Ocean Freight,1,74549.16,74101.63,-0.006,0.78,785.16,716.83,0,0,411,606,0,23,1,1,NORMAL,0
INV-SYN-12626,TXN-SYN-12626,SUPP-IND-05,BUYER-STEEL-03,Unregistered Logistics,1,500000.0,500000.0,0.0,3.125,30.61,15.65,1,1,465,86,1,2,0,1,OFF_HOURS_ROUND_SUM,1
INV-SYN-12627,TXN-SYN-12627,SUPP-IND-05,BUYER-OMEGA-01,FedEx International,1,187916.13,186649.31,-0.0067,1.1666,867.06,778.54,1,0,466,640,0,19,0,0,NORMAL,0
INV-SYN-12628,TXN-SYN-12628,SUPP-GLOBAL-01,BUYER-OMEGA-01,Maersk Ocean Freight,1,106708.68,106341.0,-0.0034,0.8862,911.45,774.74,0,0,423,641,0,17,1,0,NORMAL,0
INV-SYN-12629,TXN-SYN-12629,SUPP-GLOBAL-01,BUYER-VORTEX-02,Kuehne+Nagel Logistics,1,105615.21,104452.97,-0.011,0.8704,550.62,471.96,0,0,424,615,0,15,0,0,NORMAL,0
INV-SYN-12630,TXN-SYN-12630,SUPP-IND-05,BUYER-VORTEX-02,None,0,292418.24,336280.98,0.15,2.1018,171.37,51.73,1,0,467,616,0,5,1,1,SERIAL_COUNTERPARTY_SPIKE,1
INV-SYN-12631,TXN-SYN-12631,SUPP-PACIFIC-08,BUYER-VORTEX-02,FedEx International,1,83684.71,82735.6,-0.0113,1.1031,958.02,822.66,0,0,400,617,0,16,0,0,NORMAL,0
INV-SYN-12632,TXN-SYN-12632,SUPP-GLOBAL-01,BUYER-VORTEX-02,DHL Global Express,1,125918.77,126621.68,0.0056,1.0552,675.35,585.08,0,0,425,618,0,20,0,0,NORMAL,0
INV-SYN-12633,TXN-SYN-12633,SUPP-PACIFIC-08,BUYER-APEX-06,FedEx International,1,80837.04,79674.19,-0.0144,1.0623,612.39,489.37,0,0,401,607,0,16,0,0,NORMAL,0
INV-SYN-12634,TXN-SYN-12634,SUPP-PREC-04,BUYER-APEX-06,Kuehne+Nagel Logistics,1,135373.99,135697.22,0.0024,1.4284,691.74,501.3,0,0,412,608,0,15,1,0,NORMAL,0
INV-SYN-12635,TXN-SYN-12635,SUPP-GLOBAL-01,BUYER-OMEGA-01,FedEx International,1,152146.29,150534.06,-0.0106,1.2545,504.22,406.73,0,0,426,642,0,16,0,0,NORMAL,0
INV-SYN-12636,TXN-SYN-12636,SUPP-GLOBAL-01,BUYER-VORTEX-02,FedEx International,1,125719.07,126366.35,0.0051,1.0531,458.05,401.2,0,0,427,619,0,20,0,0,NORMAL,0
INV-SYN-12637,TXN-SYN-12637,SUPP-IND-05,BUYER-OMEGA-01,Kuehne+Nagel Logistics,1,197652.42,199561.16,0.0097,1.2473,721.37,572.24,1,0,468,643,0,11,0,0,NORMAL,0
INV-SYN-12638,TXN-SYN-12638,SUPP-PREC-04,BUYER-APEX-06,Kuehne+Nagel Logistics,1,70477.56,70633.39,0.0022,0.7435,659.19,608.56,0,0,413,609,0,3,1,1,NORMAL,0
INV-SYN-12639,TXN-SYN-12639,SUPP-TITAN-03,BUYER-VORTEX-02,Maersk Ocean Freight,1,307854.89,304247.55,-0.0117,1.0866,515.22,416.26,1,0,448,620,0,1,0,1,NORMAL,0
INV-SYN-12640,TXN-SYN-12640,SUPP-IND-05,BUYER-VORTEX-02,Kuehne+Nagel Logistics,1,232372.25,233140.45,0.0033,1.4571,513.1,422.43,1,0,469,621,0,19,0,0,NORMAL,0
INV-SYN-12641,TXN-SYN-12641,SUPP-SUSP-06,BUYER-QUICK-04,DHL Global Express,1,763104.57,877570.26,0.15,2.2502,113.38,36.62,6,5,54,108,0,17,1,0,SERIAL_COUNTERPARTY_SPIKE,1
INV-SYN-12642,TXN-SYN-12642,SUPP-NEXUS-02,BUYER-APEX-06,Maersk Ocean Freight,1,66987.78,66788.72,-0.003,0.7857,839.08,681.04,0,0,381,610,0,2,0,1,NORMAL,0
INV-SYN-12643,TXN-SYN-12643,SUPP-PACIFIC-08,BUYER-APEX-06,FedEx International,1,62773.33,62711.26,-0.001,0.8362,715.15,623.62,0,0,402,611,0,16,0,0,NORMAL,0
INV-SYN-12644,TXN-SYN-12644,SUPP-PREC-04,BUYER-APEX-06,Maersk Ocean Freight,1,69121.22,69565.25,0.0064,0.7323,767.37,604.71,0,0,414,612,0,3,1,1,NORMAL,0
INV-SYN-12645,TXN-SYN-12645,SUPP-GLOBAL-01,BUYER-VORTEX-02,DB Schenker,1,96457.14,97331.27,0.0091,0.8111,613.43,434.03,0,0,428,622,0,15,0,0,NORMAL,0
INV-SYN-12646,TXN-SYN-12646,SUPP-SUSP-06,BUYER-STEEL-03,Unregistered Logistics,1,300000.0,300000.0,0.0,0.7692,15.55,-16.23,6,1,55,87,1,2,0,1,OFF_HOURS_ROUND_SUM,1
INV-SYN-12647,TXN-SYN-12647,SUPP-IND-05,BUYER-VORTEX-02,FedEx International,1,103777.32,102637.92,-0.011,0.6415,433.45,279.66,1,0,470,623,0,15,0,0,NORMAL,0
INV-SYN-12648,TXN-SYN-12648,SUPP-TITAN-03,BUYER-GLOBAL-05,Kuehne+Nagel Logistics,1,281093.28,281702.72,0.0022,1.0061,464.5,415.45,1,0,449,576,0,19,0,0,NORMAL,0
INV-SYN-12649,TXN-SYN-12649,SUPP-NEXUS-02,BUYER-VORTEX-02,DB Schenker,1,104173.39,102447.62,-0.0166,1.2053,659.48,514.79,0,0,382,624,0,21,1,0,NORMAL,0
INV-SYN-12650,TXN-SYN-12650,SUPP-IND-05,BUYER-APEX-06,DHL Global Express,1,123689.75,122391.56,-0.0105,0.7649,459.62,413.71,1,0,471,613,0,21,0,0,NORMAL,0
INV-SYN-12651,TXN-SYN-12651,SUPP-IND-05,BUYER-GLOBAL-05,Kuehne+Nagel Logistics,1,220771.36,219275.49,-0.0068,1.3705,434.35,296.86,1,0,472,577,0,13,1,0,NORMAL,0
INV-SYN-12652,TXN-SYN-12652,SUPP-NEXUS-02,BUYER-OMEGA-01,DHL Global Express,1,95854.33,96250.37,0.0041,1.1324,414.26,299.94,0,0,383,644,0,17,0,0,NORMAL,0
INV-SYN-12653,TXN-SYN-12653,SUPP-PACIFIC-08,BUYER-APEX-06,DHL Global Express,1,94323.39,92679.64,-0.0174,1.2357,502.9,434.74,0,0,403,614,0,9,1,0,NORMAL,0
INV-SYN-12654,TXN-SYN-12654,SUPP-GLOBAL-01,BUYER-GLOBAL-05,DHL Global Express,1,100264.96,99707.63,-0.0056,0.8309,907.53,807.17,0,0,429,578,0,17,0,0,NORMAL,0
INV-SYN-12655,TXN-SYN-12655,SUPP-GLOBAL-01,BUYER-APEX-06,DHL Global Express,1,145635.76,143062.16,-0.0177,1.1922,716.24,609.08,0,0,430,615,0,7,0,0,NORMAL,0
INV-SYN-12656,TXN-SYN-12656,SUPP-PREC-04,BUYER-GLOBAL-05,DHL Global Express,1,69066.57,67952.26,-0.0161,0.7153,638.64,483.93,0,0,415,579,0,11,1,0,NORMAL,0
INV-SYN-12657,TXN-SYN-12657,SUPP-IND-05,BUYER-OMEGA-01,FedEx International,1,195609.9,194208.24,-0.0072,1.2138,512.83,386.63,1,0,473,645,0,19,0,0,NORMAL,0
INV-SYN-12658,TXN-SYN-12658,SUPP-PACIFIC-08,BUYER-OMEGA-01,FedEx International,1,78221.99,77275.37,-0.0121,1.0303,393.59,247.34,0,0,404,646,0,18,0,0,NORMAL,0
INV-SYN-12659,TXN-SYN-12659,SUPP-GLOBAL-01,BUYER-OMEGA-01,Kuehne+Nagel Logistics,1,136597.54,134087.82,-0.0184,1.1174,950.16,764.57,0,0,431,647,0,15,0,0,NORMAL,0
INV-SYN-12660,TXN-SYN-12660,SUPP-PACIFIC-08,BUYER-GLOBAL-05,FedEx International,1,52957.6,51928.42,-0.0194,0.6924,427.84,340.92,0,0,405,580,0,12,0,0,NORMAL,0
INV-SYN-12661,TXN-SYN-12661,SUPP-PACIFIC-08,BUYER-OMEGA-01,Kuehne+Nagel Logistics,1,58217.44,58429.81,0.0036,0.7791,568.5,528.24,0,0,406,648,0,18,0,0,NORMAL,0
INV-SYN-12662,TXN-SYN-12662,SUPP-GLOBAL-01,BUYER-GLOBAL-05,FedEx International,1,137916.85,136481.52,-0.0104,1.1373,379.31,251.46,0,0,432,581,0,20,0,0,NORMAL,0
INV-SYN-12663,TXN-SYN-12663,SUPP-PREC-04,BUYER-APEX-06,FedEx International,1,72476.73,71474.68,-0.0138,0.7524,468.7,317.23,0,0,416,616,0,23,1,1,NORMAL,0
INV-SYN-12664,TXN-SYN-12664,SUPP-NEXUS-02,BUYER-GLOBAL-05,DB Schenker,1,94843.13,95766.56,0.0097,1.1267,390.5,318.3,0,0,384,582,0,18,0,0,NORMAL,0
INV-SYN-12665,TXN-SYN-12665,SUPP-PACIFIC-08,BUYER-VORTEX-02,DHL Global Express,1,49366.17,48938.33,-0.0087,0.6525,954.71,816.53,0,0,407,625,0,14,0,0,NORMAL,0
INV-SYN-12666,TXN-SYN-12666,SUPP-PACIFIC-08,BUYER-OMEGA-01,DB Schenker,1,90903.27,89395.74,-0.0166,1.1919,492.45,424.05,0,0,408,649,0,0,1,1,NORMAL,0
INV-SYN-12667,TXN-SYN-12667,SUPP-NEXUS-02,BUYER-OMEGA-01,DB Schenker,1,58808.88,58764.91,-0.0007,0.6914,560.02,467.3,0,0,385,650,0,14,0,0,NORMAL,0
INV-SYN-12668,TXN-SYN-12668,SUPP-GLOBAL-01,BUYER-VORTEX-02,Kuehne+Nagel Logistics,1,136569.0,136840.52,0.002,1.1403,723.21,647.56,0,0,433,626,0,23,1,1,NORMAL,0
INV-SYN-12669,TXN-SYN-12669,SUPP-TITAN-03,BUYER-VORTEX-02,Maersk Ocean Freight,1,323794.17,319121.86,-0.0144,1.1397,704.0,605.65,1,0,450,627,0,14,0,0,NORMAL,0
INV-SYN-12670,TXN-SYN-12670,SUPP-PREC-04,BUYER-OMEGA-01,FedEx International,1,78451.67,78256.29,-0.0025,0.8238,503.66,400.57,0,0,417,651,0,21,0,0,NORMAL,0
INV-SYN-12671,TXN-SYN-12671,SUPP-PACIFIC-08,BUYER-OMEGA-01,Kuehne+Nagel Logistics,1,85913.0,85698.24,-0.0025,1.1426,781.84,690.21,0,0,409,652,0,22,0,0,NORMAL,0
INV-SYN-12672,TXN-SYN-12672,SUPP-PACIFIC-08,BUYER-APEX-06,DB Schenker,1,79883.29,80363.32,0.006,1.0715,643.92,570.09,0,0,410,617,0,17,0,0,NORMAL,0
INV-SYN-12673,TXN-SYN-12673,SUPP-PACIFIC-08,BUYER-GLOBAL-05,Kuehne+Nagel Logistics,1,64896.72,64517.52,-0.0058,0.8602,813.1,740.9,0,0,411,583,0,23,1,1,NORMAL,0
INV-SYN-12674,TXN-SYN-12674,SUPP-GLOBAL-01,BUYER-GLOBAL-05,Kuehne+Nagel Logistics,1,89743.36,90633.47,0.0099,0.7553,651.72,462.56,0,0,434,584,0,4,0,1,NORMAL,0
INV-SYN-12675,TXN-SYN-12675,SUPP-TITAN-03,BUYER-OMEGA-01,FedEx International,1,142616.2,143032.77,0.0029,0.5108,558.69,461.84,1,0,451,653,0,1,0,1,NORMAL,0
INV-SYN-12676,TXN-SYN-12676,SUPP-NEXUS-02,BUYER-OMEGA-01,Maersk Ocean Freight,1,92430.06,91736.53,-0.0075,1.0793,606.46,523.64,0,0,386,654,0,4,1,1,NORMAL,0
INV-SYN-12677,TXN-SYN-12677,SUPP-PREC-04,BUYER-QUICK-04,Maersk Ocean Freight,1,118229.27,135963.66,0.15,1.4312,138.16,25.47,0,5,418,109,0,2,0,1,SERIAL_COUNTERPARTY_SPIKE,1
INV-SYN-12678,TXN-SYN-12678,SUPP-PACIFIC-08,BUYER-GLOBAL-05,Kuehne+Nagel Logistics,1,76787.7,76030.72,-0.0099,1.0137,439.92,316.37,0,0,412,585,0,19,0,0,NORMAL,0
INV-SYN-12679,TXN-SYN-12679,SUPP-PACIFIC-08,BUYER-GLOBAL-05,Kuehne+Nagel Logistics,1,70060.35,68983.02,-0.0154,0.9198,603.91,536.31,0,0,413,586,0,9,0,0,NORMAL,0
INV-SYN-12680,TXN-SYN-12680,SUPP-IND-05,BUYER-VORTEX-02,Kuehne+Nagel Logistics,1,187165.71,185324.49,-0.0098,1.1583,806.81,758.05,1,0,474,628,0,18,0,0,NORMAL,0
INV-SYN-12681,TXN-SYN-12681,SUPP-PACIFIC-08,BUYER-APEX-06,FedEx International,1,69336.65,69499.48,0.0023,0.9267,555.73,434.39,0,0,414,618,0,23,1,1,NORMAL,0
INV-SYN-12682,TXN-SYN-12682,SUPP-NEXUS-02,BUYER-GLOBAL-05,FedEx International,1,77999.23,77207.98,-0.0101,0.9083,794.11,641.25,0,0,387,587,0,6,1,0,NORMAL,0
INV-SYN-12683,TXN-SYN-12683,SUPP-GLOBAL-01,BUYER-APEX-06,Maersk Ocean Freight,1,141956.12,140791.92,-0.0082,1.1733,699.29,579.3,0,0,435,619,0,6,0,0,NORMAL,0
INV-SYN-12684,TXN-SYN-12684,SUPP-IND-05,BUYER-VORTEX-02,DHL Global Express,1,173402.32,173846.49,0.0026,1.0865,643.56,489.17,1,0,475,629,0,17,0,0,NORMAL,0
INV-SYN-12685,TXN-SYN-12685,SUPP-TITAN-03,BUYER-VORTEX-02,DB Schenker,1,302130.92,300621.11,-0.005,1.0736,685.3,633.47,1,0,452,630,0,17,0,0,NORMAL,0
INV-SYN-12686,TXN-SYN-12686,SUPP-PACIFIC-08,BUYER-APEX-06,FedEx International,1,83798.77,82738.32,-0.0127,1.1032,637.94,524.39,0,0,415,620,0,15,1,0,NORMAL,0
INV-SYN-12687,TXN-SYN-12687,SUPP-PREC-04,BUYER-OMEGA-01,DHL Global Express,1,58530.16,57651.12,-0.015,0.6069,971.29,805.79,0,0,419,655,0,10,0,0,NORMAL,0
INV-SYN-12688,TXN-SYN-12688,SUPP-TITAN-03,BUYER-APEX-06,DHL Global Express,1,332975.21,335894.66,0.0088,1.1996,750.56,573.56,1,0,453,621,0,10,0,0,NORMAL,0
INV-SYN-12689,TXN-SYN-12689,SUPP-NEXUS-02,BUYER-APEX-06,DHL Global Express,1,98014.96,97742.01,-0.0028,1.1499,881.81,827.43,0,0,388,622,0,7,0,0,NORMAL,0
INV-SYN-12690,TXN-SYN-12690,SUPP-PREC-04,BUYER-VORTEX-02,Kuehne+Nagel Logistics,1,70853.78,70069.82,-0.0111,0.7376,506.99,350.37,0,0,420,631,0,5,0,1,NORMAL,0
INV-SYN-12691,TXN-SYN-12691,SUPP-PACIFIC-08,BUYER-GLOBAL-05,FedEx International,1,70423.49,70596.73,0.0025,0.9413,663.83,473.16,0,0,416,588,0,16,1,0,NORMAL,0
INV-SYN-12692,TXN-SYN-12692,SUPP-PACIFIC-08,BUYER-GLOBAL-05,FedEx International,1,74262.99,73681.05,-0.0078,0.9824,777.79,598.71,0,0,417,589,0,18,0,0,NORMAL,0
INV-SYN-12693,TXN-SYN-12693,SUPP-PREC-04,BUYER-VORTEX-02,Maersk Ocean Freight,1,91805.7,91580.99,-0.0024,0.964,408.63,246.81,0,0,421,632,0,7,0,0,NORMAL,0
INV-SYN-12694,TXN-SYN-12694,SUPP-PREC-04,BUYER-GLOBAL-05,DHL Global Express,1,102929.17,102923.85,-0.0001,1.0834,539.9,348.91,0,0,422,590,0,20,0,0,NORMAL,0
INV-SYN-12695,TXN-SYN-12695,SUPP-PREC-04,BUYER-APEX-06,Kuehne+Nagel Logistics,1,128994.96,128609.87,-0.003,1.3538,560.69,510.9,0,0,423,623,0,17,0,0,NORMAL,0
INV-SYN-12696,TXN-SYN-12696,SUPP-PACIFIC-08,BUYER-OMEGA-01,Maersk Ocean Freight,1,95283.13,95918.69,0.0067,1.2789,443.38,372.4,0,0,418,656,0,2,1,1,NORMAL,0
INV-SYN-12697,TXN-SYN-12697,SUPP-GLOBAL-01,BUYER-OMEGA-01,DB Schenker,1,80633.42,79963.27,-0.0083,0.6664,319.01,256.52,0,0,436,657,0,6,0,0,NORMAL,0
INV-SYN-12698,TXN-SYN-12698,SUPP-PREC-04,BUYER-VORTEX-02,DHL Global Express,1,109774.16,108474.79,-0.0118,1.1418,484.09,356.81,0,0,424,633,0,1,0,1,NORMAL,0
INV-SYN-12699,TXN-SYN-12699,SUPP-NEXUS-02,BUYER-GLOBAL-05,Kuehne+Nagel Logistics,1,113239.83,111706.94,-0.0135,1.3142,919.09,739.94,0,0,389,591,0,13,1,0,NORMAL,0
INV-SYN-12700,TXN-SYN-12700,SUPP-PACIFIC-08,BUYER-VORTEX-02,Maersk Ocean Freight,1,82252.66,81282.82,-0.0118,1.0838,427.31,267.35,0,0,419,634,0,21,0,0,NORMAL,0
INV-SYN-12701,TXN-SYN-12701,SUPP-SUSP-06,BUYER-STEEL-03,FedEx International,1,916070.13,1053480.65,0.15,2.7012,238.99,211.37,6,1,56,88,0,23,0,1,SERIAL_COUNTERPARTY_SPIKE,1
INV-SYN-12702,TXN-SYN-12702,SUPP-IND-05,BUYER-OMEGA-01,DB Schenker,1,240490.82,235756.19,-0.0197,1.4735,717.89,637.75,1,0,476,658,0,6,0,0,NORMAL,0
INV-SYN-12703,TXN-SYN-12703,SUPP-GLOBAL-01,BUYER-OMEGA-01,FedEx International,1,150711.29,149105.69,-0.0107,1.2425,952.42,776.18,0,0,437,659,0,16,0,0,NORMAL,0
INV-SYN-12704,TXN-SYN-12704,SUPP-GLOBAL-01,BUYER-VORTEX-02,Kuehne+Nagel Logistics,1,127479.26,128106.94,0.0049,1.0676,896.59,795.5,0,0,438,635,0,16,0,0,NORMAL,0
INV-SYN-12705,TXN-SYN-12705,SUPP-PREC-04,BUYER-OMEGA-01,DHL Global Express,1,119820.85,117684.52,-0.0178,1.2388,520.72,387.87,0,0,425,660,0,22,0,0,NORMAL,0
INV-SYN-12706,TXN-SYN-12706,SUPP-NEXUS-02,BUYER-OMEGA-01,Maersk Ocean Freight,1,88078.87,88351.14,0.0031,1.0394,497.64,421.42,0,0,390,661,0,15,1,0,NORMAL,0
INV-SYN-12707,TXN-SYN-12707,SUPP-TITAN-03,BUYER-VORTEX-02,Kuehne+Nagel Logistics,1,281673.21,277810.31,-0.0137,0.9922,343.64,276.83,1,0,454,636,0,17,0,0,NORMAL,0
INV-SYN-12708,TXN-SYN-12708,SUPP-PREC-04,BUYER-OMEGA-01,FedEx International,1,86653.91,87362.42,0.0082,0.9196,920.77,792.47,0,0,426,662,0,22,0,0,NORMAL,0
INV-SYN-12709,TXN-SYN-12709,SUPP-PREC-04,BUYER-OMEGA-01,DHL Global Express,1,132131.07,132608.87,0.0036,1.3959,765.86,714.43,0,0,427,663,0,8,0,0,NORMAL,0
INV-SYN-12710,TXN-SYN-12710,SUPP-GLOBAL-01,BUYER-VORTEX-02,Maersk Ocean Freight,1,95447.14,95779.37,0.0035,0.7982,846.98,795.73,0,0,439,637,0,3,0,1,NORMAL,0
INV-SYN-12711,TXN-SYN-12711,SUPP-GLOBAL-01,BUYER-VORTEX-02,FedEx International,1,165971.03,164961.58,-0.0061,1.3747,993.71,822.39,0,0,440,638,0,14,0,0,NORMAL,0
INV-SYN-12712,TXN-SYN-12712,SUPP-IND-05,BUYER-OMEGA-01,Kuehne+Nagel Logistics,1,179994.56,177038.5,-0.0164,1.1065,917.75,750.65,1,0,477,664,0,19,0,0,NORMAL,0
INV-SYN-12713,TXN-SYN-12713,SUPP-TITAN-03,BUYER-GLOBAL-05,DB Schenker,1,182048.57,181054.11,-0.0055,0.6466,512.64,367.88,1,0,455,592,0,12,1,0,NORMAL,0
INV-SYN-12714,TXN-SYN-12714,SUPP-PREC-04,BUYER-APEX-06,Kuehne+Nagel Logistics,1,103731.67,102803.8,-0.0089,1.0821,447.88,352.51,0,0,428,624,0,12,0,0,NORMAL,0
INV-SYN-12715,TXN-SYN-12715,SUPP-GLOBAL-01,BUYER-VORTEX-02,Kuehne+Nagel Logistics,1,56999.2,57507.6,0.0089,0.4792,462.85,421.0,0,0,441,639,0,20,1,0,NORMAL,0
INV-SYN-12716,TXN-SYN-12716,SUPP-GLOBAL-01,BUYER-APEX-06,FedEx International,1,138765.24,138394.44,-0.0027,1.1533,705.51,624.85,0,0,442,625,0,16,1,0,NORMAL,0
INV-SYN-12717,TXN-SYN-12717,SUPP-SUSP-06,BUYER-OMEGA-01,DHL Global Express,1,476310.07,1146999.16,1.4081,2.941,336.86,267.95,6,0,57,665,0,18,0,0,AMOUNT_INFLATION,1
INV-SYN-12718,TXN-SYN-12718,SUPP-PACIFIC-08,BUYER-APEX-06,DB Schenker,1,63893.33,62971.12,-0.0144,0.8396,438.33,391.96,0,0,420,626,0,3,0,1,NORMAL,0
INV-SYN-12719,TXN-SYN-12719,SUPP-TITAN-03,BUYER-GLOBAL-05,Kuehne+Nagel Logistics,1,288648.34,285673.89,-0.0103,1.0203,837.95,683.76,1,0,456,593,0,13,0,0,NORMAL,0
INV-SYN-12720,TXN-SYN-12720,SUPP-GLOBAL-01,BUYER-QUICK-04,DB Schenker,1,178624.72,433052.92,1.4244,3.6088,427.78,335.0,0,5,443,110,0,23,0,1,AMOUNT_INFLATION,1
INV-SYN-12721,TXN-SYN-12721,SUPP-IND-05,BUYER-GLOBAL-05,Kuehne+Nagel Logistics,1,139770.13,140811.0,0.0074,0.8801,694.69,602.71,1,0,478,594,0,9,0,0,NORMAL,0
INV-SYN-12722,TXN-SYN-12722,SUPP-IND-05,BUYER-VORTEX-02,Maersk Ocean Freight,1,117643.7,115398.91,-0.0191,0.7212,552.14,499.61,1,0,479,640,0,3,0,1,NORMAL,0
INV-SYN-12723,TXN-SYN-12723,SUPP-TITAN-03,BUYER-APEX-06,FedEx International,1,383716.44,380233.0,-0.0091,1.358,865.8,751.04,1,0,457,627,0,20,0,0,NORMAL,0
INV-SYN-12724,TXN-SYN-12724,SUPP-NEXUS-02,BUYER-APEX-06,Kuehne+Nagel Logistics,1,126704.98,124499.38,-0.0174,1.4647,380.31,319.96,0,0,391,628,0,18,1,0,NORMAL,0
INV-SYN-12725,TXN-SYN-12725,SUPP-PACIFIC-08,BUYER-GLOBAL-05,DHL Global Express,1,75069.29,73626.21,-0.0192,0.9817,621.56,525.85,0,0,421,595,0,23,0,1,NORMAL,0
INV-SYN-12726,TXN-SYN-12726,SUPP-PACIFIC-08,BUYER-OMEGA-01,Maersk Ocean Freight,1,93964.93,94507.17,0.0058,1.2601,444.75,306.74,0,0,422,666,0,16,0,0,NORMAL,0
INV-SYN-12727,TXN-SYN-12727,SUPP-NEXUS-02,BUYER-OMEGA-01,Kuehne+Nagel Logistics,1,113506.36,112523.64,-0.0087,1.3238,893.82,756.69,0,0,392,667,0,11,1,0,NORMAL,0
INV-SYN-12728,TXN-SYN-12728,SUPP-TITAN-03,BUYER-OMEGA-01,DHL Global Express,1,228026.1,226967.73,-0.0046,0.8106,923.54,766.17,1,0,458,668,0,0,0,1,NORMAL,0
INV-SYN-12729,TXN-SYN-12729,SUPP-GLOBAL-01,BUYER-APEX-06,DHL Global Express,1,105440.82,105228.37,-0.002,0.8769,672.4,531.52,0,0,444,629,0,7,1,0,NORMAL,0
INV-SYN-12730,TXN-SYN-12730,SUPP-IND-05,BUYER-VORTEX-02,DHL Global Express,1,209234.98,207609.08,-0.0078,1.2976,379.01,313.03,1,0,480,641,0,6,0,0,NORMAL,0
INV-SYN-12731,TXN-SYN-12731,SUPP-PACIFIC-08,BUYER-VORTEX-02,FedEx International,1,106594.02,104918.87,-0.0157,1.3989,632.74,573.64,0,0,423,642,0,7,1,0,NORMAL,0
INV-SYN-12732,TXN-SYN-12732,SUPP-TITAN-03,BUYER-OMEGA-01,DB Schenker,1,319401.66,317527.18,-0.0059,1.134,526.71,355.56,1,0,459,669,0,17,1,0,NORMAL,0
INV-SYN-12733,TXN-SYN-12733,SUPP-IND-05,BUYER-GLOBAL-05,DB Schenker,1,124807.43,123333.15,-0.0118,0.7708,442.87,400.79,1,0,481,596,0,0,0,1,NORMAL,0
INV-SYN-12734,TXN-SYN-12734,SUPP-IND-05,BUYER-OMEGA-01,DHL Global Express,1,239482.44,241086.3,0.0067,1.5068,853.49,801.61,1,0,482,670,0,2,0,1,NORMAL,0
INV-SYN-12735,TXN-SYN-12735,SUPP-TITAN-03,BUYER-OMEGA-01,Maersk Ocean Freight,1,242832.04,244864.73,0.0084,0.8745,905.36,820.31,1,0,460,671,0,2,0,1,NORMAL,0
INV-SYN-12736,TXN-SYN-12736,SUPP-PREC-04,BUYER-VORTEX-02,DHL Global Express,1,87040.48,86979.02,-0.0007,0.9156,843.29,714.93,0,0,429,643,0,10,0,0,NORMAL,0
INV-SYN-12737,TXN-SYN-12737,SUPP-PREC-04,BUYER-GLOBAL-05,Kuehne+Nagel Logistics,1,103130.52,103234.3,0.001,1.0867,713.64,573.91,0,0,430,597,0,14,0,0,NORMAL,0
INV-SYN-12738,TXN-SYN-12738,SUPP-GLOBAL-01,BUYER-APEX-06,DHL Global Express,1,166624.81,163438.33,-0.0191,1.362,931.45,750.89,0,0,445,630,0,4,0,1,NORMAL,0
INV-SYN-12739,TXN-SYN-12739,SUPP-GLOBAL-01,BUYER-GLOBAL-05,Maersk Ocean Freight,1,145619.28,143963.73,-0.0114,1.1997,556.76,385.55,0,0,446,598,0,18,0,0,NORMAL,0
INV-SYN-12740,TXN-SYN-12740,SUPP-GLOBAL-01,BUYER-GLOBAL-05,DHL Global Express,1,132445.97,130298.68,-0.0162,1.0858,952.79,797.9,0,0,447,599,0,16,0,0,NORMAL,0
INV-SYN-12741,TXN-SYN-12741,SUPP-TITAN-03,BUYER-GLOBAL-05,FedEx International,1,312430.2,310024.4,-0.0077,1.1072,677.21,570.36,1,0,461,600,0,2,0,1,NORMAL,0
INV-SYN-12742,TXN-SYN-12742,SUPP-NEXUS-02,BUYER-OMEGA-01,FedEx International,1,85924.69,85943.94,0.0002,1.0111,434.05,253.54,0,0,393,672,0,20,0,0,NORMAL,0
INV-SYN-12743,TXN-SYN-12743,SUPP-NEXUS-02,BUYER-GLOBAL-05,DHL Global Express,1,96860.46,97575.46,0.0074,1.1479,780.44,644.21,0,0,394,601,0,14,0,0,NORMAL,0
INV-SYN-12744,TXN-SYN-12744,SUPP-NEXUS-02,BUYER-APEX-06,DHL Global Express,1,31246.85,31346.63,0.0032,0.3688,513.3,373.15,0,0,395,631,0,5,0,1,NORMAL,0
INV-SYN-12745,TXN-SYN-12745,SUPP-PACIFIC-08,BUYER-APEX-06,Kuehne+Nagel Logistics,1,69438.61,69961.58,0.0075,0.9328,671.13,597.76,0,0,424,632,0,14,0,0,NORMAL,0
INV-SYN-12746,TXN-SYN-12746,SUPP-GLOBAL-01,BUYER-GLOBAL-05,Kuehne+Nagel Logistics,1,127239.66,126804.05,-0.0034,1.0567,895.97,710.55,0,0,448,602,0,9,0,0,NORMAL,0
INV-SYN-12747,TXN-SYN-12747,SUPP-IND-05,BUYER-GLOBAL-05,FedEx International,1,113959.44,111751.55,-0.0194,0.6984,740.04,585.55,1,0,483,603,0,0,0,1,NORMAL,0
INV-SYN-12748,TXN-SYN-12748,SUPP-PACIFIC-08,BUYER-OMEGA-01,DHL Global Express,1,82243.56,82085.84,-0.0019,1.0945,756.75,653.68,0,0,425,673,0,6,0,0,NORMAL,0
INV-SYN-12749,TXN-SYN-12749,SUPP-TITAN-03,BUYER-VORTEX-02,Kuehne+Nagel Logistics,1,265687.01,266757.75,0.004,0.9527,382.95,280.01,1,0,462,644,0,23,0,1,NORMAL,0
INV-SYN-12750,TXN-SYN-12750,SUPP-SUSP-06,BUYER-STEEL-03,Unregistered Logistics,1,300000.0,300000.0,0.0,0.7692,41.44,27.88,6,1,58,89,1,3,0,1,OFF_HOURS_ROUND_SUM,1
INV-SYN-12751,TXN-SYN-12751,SUPP-PREC-04,BUYER-APEX-06,DHL Global Express,1,132359.22,130596.21,-0.0133,1.3747,558.87,419.3,0,0,431,633,0,23,1,1,NORMAL,0
INV-SYN-12752,TXN-SYN-12752,SUPP-IND-05,BUYER-OMEGA-01,Maersk Ocean Freight,1,141367.78,139473.25,-0.0134,0.8717,395.87,356.67,1,0,484,674,0,10,0,0,NORMAL,0
INV-SYN-12753,TXN-SYN-12753,SUPP-PACIFIC-08,BUYER-APEX-06,Kuehne+Nagel Logistics,1,72171.79,71076.36,-0.0152,0.9477,549.06,417.46,0,0,426,634,0,19,0,0,NORMAL,0
INV-SYN-12754,TXN-SYN-12754,SUPP-TITAN-03,BUYER-APEX-06,Maersk Ocean Freight,1,274823.67,273440.46,-0.005,0.9766,899.49,721.62,1,0,463,635,0,16,0,0,NORMAL,0
INV-SYN-12755,TXN-SYN-12755,SUPP-GLOBAL-01,BUYER-GLOBAL-05,Maersk Ocean Freight,1,106450.22,105088.9,-0.0128,0.8757,402.44,344.47,0,0,449,604,0,18,1,0,NORMAL,0
INV-SYN-12756,TXN-SYN-12756,SUPP-TITAN-03,BUYER-OMEGA-01,FedEx International,1,293651.75,290191.71,-0.0118,1.0364,531.57,424.69,1,0,464,675,0,13,0,0,NORMAL,0
INV-SYN-12757,TXN-SYN-12757,SUPP-PACIFIC-08,BUYER-GLOBAL-05,DHL Global Express,1,60782.21,61284.81,0.0083,0.8171,534.71,436.58,0,0,427,605,0,7,1,0,NORMAL,0
INV-SYN-12758,TXN-SYN-12758,SUPP-TITAN-03,BUYER-GLOBAL-05,DHL Global Express,1,200856.93,201936.6,0.0054,0.7212,597.76,470.5,1,0,465,606,0,20,0,0,NORMAL,0
INV-SYN-12759,TXN-SYN-12759,SUPP-PREC-04,BUYER-APEX-06,DHL Global Express,1,109789.39,108507.76,-0.0117,1.1422,477.05,383.5,0,0,432,636,0,6,0,0,NORMAL,0
INV-SYN-12760,TXN-SYN-12760,SUPP-NEXUS-02,BUYER-VORTEX-02,DB Schenker,1,98377.5,98241.49,-0.0014,1.1558,503.39,414.67,0,0,396,645,0,4,0,1,NORMAL,0
INV-SYN-12761,TXN-SYN-12761,SUPP-NEXUS-02,BUYER-VORTEX-02,FedEx International,1,67908.29,67206.44,-0.0103,0.7907,675.12,555.22,0,0,397,646,0,13,1,0,NORMAL,0
INV-SYN-12762,TXN-SYN-12762,SUPP-NEXUS-02,BUYER-OMEGA-01,Kuehne+Nagel Logistics,1,104026.3,104790.84,0.0073,1.2328,533.2,475.39,0,0,398,676,0,11,0,0,NORMAL,0
INV-SYN-12763,TXN-SYN-12763,SUPP-PACIFIC-08,BUYER-OMEGA-01,FedEx International,1,63157.92,62082.74,-0.017,0.8278,682.24,600.14,0,0,428,677,0,18,0,0,NORMAL,0
INV-SYN-12764,TXN-SYN-12764,SUPP-NEXUS-02,BUYER-OMEGA-01,FedEx International,1,90379.76,89676.44,-0.0078,1.055,903.59,783.1,0,0,399,678,0,1,0,1,NORMAL,0
INV-SYN-12765,TXN-SYN-12765,SUPP-TITAN-03,BUYER-VORTEX-02,FedEx International,1,337424.08,339784.5,0.007,1.2135,620.57,524.9,1,0,466,647,0,23,0,1,NORMAL,0
INV-SYN-12766,TXN-SYN-12766,SUPP-GLOBAL-01,BUYER-APEX-06,DHL Global Express,1,118991.62,117062.3,-0.0162,0.9755,914.08,822.71,0,0,450,637,0,22,1,0,NORMAL,0
INV-SYN-12767,TXN-SYN-12767,SUPP-GLOBAL-01,BUYER-VORTEX-02,Maersk Ocean Freight,1,133642.23,132974.47,-0.005,1.1081,327.68,244.55,0,0,451,648,0,15,0,0,NORMAL,0
INV-SYN-12768,TXN-SYN-12768,SUPP-NEXUS-02,BUYER-OMEGA-01,DB Schenker,1,74025.87,74036.44,0.0001,0.871,427.22,383.62,0,0,400,679,0,20,0,0,NORMAL,0
INV-SYN-12769,TXN-SYN-12769,SUPP-NEXUS-02,BUYER-VORTEX-02,DHL Global Express,1,80825.09,79755.84,-0.0132,0.9383,732.48,602.22,0,0,401,649,0,15,0,0,NORMAL,0
INV-SYN-12770,TXN-SYN-12770,SUPP-GLOBAL-01,BUYER-OMEGA-01,Maersk Ocean Freight,1,113824.22,112175.39,-0.0145,0.9348,624.93,498.17,0,0,452,680,0,6,1,0,NORMAL,0
INV-SYN-12771,TXN-SYN-12771,SUPP-PREC-04,BUYER-VORTEX-02,Maersk Ocean Freight,1,77268.76,76512.71,-0.0098,0.8054,807.63,660.01,0,0,433,650,0,10,0,0,NORMAL,0
INV-SYN-12772,TXN-SYN-12772,SUPP-GLOBAL-01,BUYER-GLOBAL-05,Kuehne+Nagel Logistics,1,114696.78,114466.36,-0.002,0.9539,624.0,587.62,0,0,453,607,0,10,0,0,NORMAL,0
INV-SYN-12773,TXN-SYN-12773,SUPP-IND-05,BUYER-VORTEX-02,FedEx International,1,98055.27,96934.46,-0.0114,0.6058,479.65,322.03,1,0,485,651,0,20,0,0,NORMAL,0
INV-SYN-12774,TXN-SYN-12774,SUPP-PHANTOM-07,BUYER-QUICK-04,Kuehne+Nagel Logistics,1,394745.2,662221.94,0.6776,1.4716,468.39,384.21,8,5,51,111,0,4,0,1,AMOUNT_INFLATION,1
INV-SYN-12775,TXN-SYN-12775,SUPP-NEXUS-02,BUYER-APEX-06,Maersk Ocean Freight,1,78946.4,79120.3,0.0022,0.9308,489.42,357.49,0,0,402,638,0,15,0,0,NORMAL,0
INV-SYN-12776,TXN-SYN-12776,SUPP-IND-05,BUYER-OMEGA-01,Kuehne+Nagel Logistics,1,149752.81,149768.14,0.0001,0.9361,1009.47,821.52,1,0,486,681,0,4,0,1,NORMAL,0
INV-SYN-12777,TXN-SYN-12777,SUPP-PACIFIC-08,BUYER-APEX-06,Kuehne+Nagel Logistics,1,70471.92,69791.02,-0.0097,0.9305,418.92,280.14,0,0,429,639,0,9,0,0,NORMAL,0
INV-SYN-12778,TXN-SYN-12778,SUPP-GLOBAL-01,BUYER-VORTEX-02,Kuehne+Nagel Logistics,1,118147.07,118695.39,0.0046,0.9891,705.55,568.46,0,0,454,652,0,18,0,0,NORMAL,0
INV-SYN-12779,TXN-SYN-12779,SUPP-PREC-04,BUYER-OMEGA-01,FedEx International,1,106386.74,106253.59,-0.0013,1.1185,341.87,281.55,0,0,434,682,0,0,1,1,NORMAL,0
INV-SYN-12780,TXN-SYN-12780,SUPP-GLOBAL-01,BUYER-APEX-06,DHL Global Express,1,146235.51,145710.94,-0.0036,1.2143,652.5,471.83,0,0,455,640,0,21,0,0,NORMAL,0
INV-SYN-12781,TXN-SYN-12781,SUPP-PREC-04,BUYER-APEX-06,Kuehne+Nagel Logistics,1,79568.08,78564.11,-0.0126,0.827,373.44,313.86,0,0,435,641,0,7,0,0,NORMAL,0
INV-SYN-12782,TXN-SYN-12782,SUPP-TITAN-03,BUYER-VORTEX-02,DB Schenker,1,195775.94,192671.28,-0.0159,0.6881,836.0,672.28,1,0,467,653,0,20,1,0,NORMAL,0
INV-SYN-12783,TXN-SYN-12783,SUPP-PACIFIC-08,BUYER-GLOBAL-05,Maersk Ocean Freight,1,55461.67,55869.23,0.0073,0.7449,796.55,747.48,0,0,430,608,0,3,0,1,NORMAL,0
INV-SYN-12784,TXN-SYN-12784,SUPP-IND-05,BUYER-GLOBAL-05,FedEx International,1,140511.88,137870.44,-0.0188,0.8617,694.61,512.13,1,0,487,609,0,6,0,0,NORMAL,0
INV-SYN-12785,TXN-SYN-12785,SUPP-TITAN-03,BUYER-VORTEX-02,FedEx International,1,255365.51,254378.83,-0.0039,0.9085,941.85,764.22,1,0,468,654,0,6,1,0,NORMAL,0
INV-SYN-12786,TXN-SYN-12786,SUPP-PACIFIC-08,BUYER-OMEGA-01,DB Schenker,1,60562.57,59823.08,-0.0122,0.7976,840.63,750.87,0,0,431,683,0,5,0,1,NORMAL,0
INV-SYN-12787,TXN-SYN-12787,SUPP-PREC-04,BUYER-VORTEX-02,Maersk Ocean Freight,1,64217.23,63855.2,-0.0056,0.6722,488.42,301.97,0,0,436,655,0,3,0,1,NORMAL,0
INV-SYN-12788,TXN-SYN-12788,SUPP-PACIFIC-08,BUYER-VORTEX-02,DHL Global Express,1,66447.73,66109.38,-0.0051,0.8815,858.86,769.43,0,0,432,656,0,21,0,0,NORMAL,0
INV-SYN-12789,TXN-SYN-12789,SUPP-TITAN-03,BUYER-VORTEX-02,Maersk Ocean Freight,1,292699.86,288070.47,-0.0158,1.0288,691.08,640.38,1,0,469,657,0,13,0,0,NORMAL,0
INV-SYN-12790,TXN-SYN-12790,SUPP-GLOBAL-01,BUYER-APEX-06,Maersk Ocean Freight,1,137850.88,135770.71,-0.0151,1.1314,453.16,350.39,0,0,456,642,0,6,0,0,NORMAL,0
INV-SYN-12791,TXN-SYN-12791,SUPP-PREC-04,BUYER-VORTEX-02,Kuehne+Nagel Logistics,1,81761.2,81030.58,-0.0089,0.853,511.5,349.85,0,0,437,658,0,6,0,0,NORMAL,0
INV-SYN-12792,TXN-SYN-12792,SUPP-TITAN-03,BUYER-GLOBAL-05,FedEx International,1,251090.15,247730.12,-0.0134,0.8848,695.42,533.41,1,0,470,610,0,13,0,0,NORMAL,0
INV-SYN-12793,TXN-SYN-12793,SUPP-TITAN-03,BUYER-APEX-06,Kuehne+Nagel Logistics,1,215131.12,215677.8,0.0025,0.7703,527.83,396.11,1,0,471,643,0,21,0,0,NORMAL,0
INV-SYN-12794,TXN-SYN-12794,SUPP-PREC-04,BUYER-GLOBAL-05,DB Schenker,1,94253.32,92819.94,-0.0152,0.9771,492.26,412.79,0,0,438,611,0,17,0,0,NORMAL,0
INV-SYN-12795,TXN-SYN-12795,SUPP-TITAN-03,BUYER-OMEGA-01,DHL Global Express,1,220610.0,218890.1,-0.0078,0.7818,872.69,815.14,1,0,472,684,0,9,0,0,NORMAL,0
INV-SYN-12796,TXN-SYN-12796,SUPP-IND-05,BUYER-VORTEX-02,Maersk Ocean Freight,1,182925.11,181564.92,-0.0074,1.1348,851.01,755.25,1,0,488,659,0,23,0,1,NORMAL,0
INV-SYN-12797,TXN-SYN-12797,SUPP-NEXUS-02,BUYER-OMEGA-01,Kuehne+Nagel Logistics,1,47050.34,47190.43,0.003,0.5552,819.69,666.58,0,0,403,685,0,7,0,0,NORMAL,0
INV-SYN-12798,TXN-SYN-12798,SUPP-NEXUS-02,BUYER-VORTEX-02,DB Schenker,1,77357.87,77440.23,0.0011,0.9111,838.34,706.58,0,0,404,660,0,16,0,0,NORMAL,0
INV-SYN-12799,TXN-SYN-12799,SUPP-TITAN-03,BUYER-GLOBAL-05,Maersk Ocean Freight,1,301077.51,295714.86,-0.0178,1.0561,628.03,502.25,1,0,473,612,0,9,1,0,NORMAL,0
INV-SYN-12800,TXN-SYN-12800,SUPP-PACIFIC-08,BUYER-GLOBAL-05,Maersk Ocean Freight,1,78446.9,77315.81,-0.0144,1.0309,934.63,775.79,0,0,433,613,0,20,0,0,NORMAL,0
INV-SYN-12801,TXN-SYN-12801,SUPP-PREC-04,BUYER-OMEGA-01,DB Schenker,1,158959.55,157425.06,-0.0097,1.6571,631.05,518.18,0,0,439,686,0,12,0,0,NORMAL,0
INV-SYN-12802,TXN-SYN-12802,SUPP-NEXUS-02,BUYER-GLOBAL-05,DHL Global Express,1,92433.25,92025.86,-0.0044,1.0827,660.28,515.37,0,0,405,614,0,14,0,0,NORMAL,0
INV-SYN-12803,TXN-SYN-12803,SUPP-NEXUS-02,BUYER-VORTEX-02,Kuehne+Nagel Logistics,1,63663.84,63402.24,-0.0041,0.7459,623.9,573.3,0,0,406,661,0,4,0,1,NORMAL,0
INV-SYN-12804,TXN-SYN-12804,SUPP-NEXUS-02,BUYER-VORTEX-02,DHL Global Express,1,82971.38,82917.72,-0.0006,0.9755,969.29,795.88,0,0,407,662,0,23,1,1,NORMAL,0
INV-SYN-12805,TXN-SYN-12805,SUPP-SUSP-06,BUYER-QUICK-04,FedEx International,1,327007.39,376058.5,0.15,0.9643,108.91,45.84,6,5,59,112,0,12,0,0,SERIAL_COUNTERPARTY_SPIKE,1
INV-SYN-12806,TXN-SYN-12806,SUPP-NEXUS-02,BUYER-APEX-06,FedEx International,1,83287.26,81903.42,-0.0166,0.9636,446.44,256.24,0,0,408,644,0,4,0,1,NORMAL,0
INV-SYN-12807,TXN-SYN-12807,SUPP-GLOBAL-01,BUYER-GLOBAL-05,Maersk Ocean Freight,1,95008.32,93873.22,-0.0119,0.7823,800.42,703.94,0,0,457,615,0,12,1,0,NORMAL,0
INV-SYN-12808,TXN-SYN-12808,SUPP-IND-05,BUYER-VORTEX-02,Kuehne+Nagel Logistics,1,196615.61,197123.3,0.0026,1.232,747.38,645.42,1,0,489,663,0,22,0,0,NORMAL,0
INV-SYN-12809,TXN-SYN-12809,SUPP-PREC-04,BUYER-OMEGA-01,DB Schenker,1,81948.42,81562.05,-0.0047,0.8585,785.56,603.15,0,0,440,687,0,10,0,0,NORMAL,0
INV-SYN-12810,TXN-SYN-12810,SUPP-TITAN-03,BUYER-QUICK-04,Unregistered Logistics,1,750000.0,750000.0,0.0,2.6786,73.54,28.51,1,5,474,113,1,2,0,1,OFF_HOURS_ROUND_SUM,1
INV-SYN-12811,TXN-SYN-12811,SUPP-IND-05,BUYER-VORTEX-02,Maersk Ocean Freight,1,134577.69,135864.41,0.0096,0.8492,760.04,580.96,1,0,490,664,0,23,0,1,NORMAL,0
INV-SYN-12812,TXN-SYN-12812,SUPP-GLOBAL-01,BUYER-OMEGA-01,DHL Global Express,1,172165.54,169474.1,-0.0156,1.4123,917.83,784.86,0,0,458,688,0,19,0,0,NORMAL,0
INV-SYN-12813,TXN-SYN-12813,SUPP-NEXUS-02,BUYER-GLOBAL-05,DHL Global Express,1,78173.59,78141.74,-0.0004,0.9193,461.31,286.47,0,0,409,616,0,12,1,0,NORMAL,0
INV-SYN-12814,TXN-SYN-12814,SUPP-TITAN-03,BUYER-GLOBAL-05,DB Schenker,1,408278.99,405933.76,-0.0057,1.4498,828.02,669.24,1,0,475,617,0,5,0,1,NORMAL,0
INV-SYN-12815,TXN-SYN-12815,SUPP-PACIFIC-08,BUYER-OMEGA-01,DB Schenker,1,90265.35,88592.16,-0.0185,1.1812,770.7,586.25,0,0,434,689,0,12,0,0,NORMAL,0
INV-SYN-12816,TXN-SYN-12816,SUPP-PACIFIC-08,BUYER-OMEGA-01,DHL Global Express,1,84038.75,83966.62,-0.0009,1.1196,448.72,403.16,0,0,435,690,0,9,0,0,NORMAL,0
INV-SYN-12817,TXN-SYN-12817,SUPP-GLOBAL-01,BUYER-GLOBAL-05,FedEx International,1,131061.99,131954.36,0.0068,1.0996,829.21,740.18,0,0,459,618,0,22,0,0,NORMAL,0
INV-SYN-12818,TXN-SYN-12818,SUPP-NEXUS-02,BUYER-OMEGA-01,Kuehne+Nagel Logistics,1,93368.19,93309.53,-0.0006,1.0978,542.29,431.83,0,0,410,691,0,3,1,1,NORMAL,0
INV-SYN-12819,TXN-SYN-12819,SUPP-IND-05,BUYER-OMEGA-01,Kuehne+Nagel Logistics,1,82893.1,82788.15,-0.0013,0.5174,587.67,549.79,1,0,491,692,0,5,0,1,NORMAL,0
INV-SYN-12820,TXN-SYN-12820,SUPP-TITAN-03,BUYER-APEX-06,Kuehne+Nagel Logistics,1,260478.16,256128.1,-0.0167,0.9147,736.51,569.35,1,0,476,645,0,5,0,1,NORMAL,0
INV-SYN-12821,TXN-SYN-12821,SUPP-GLOBAL-01,BUYER-OMEGA-01,Kuehne+Nagel Logistics,1,145354.74,145099.78,-0.0018,1.2092,774.33,714.19,0,0,460,693,0,2,0,1,NORMAL,0
INV-SYN-12822,TXN-SYN-12822,SUPP-PACIFIC-08,BUYER-OMEGA-01,FedEx International,1,74083.18,73949.04,-0.0018,0.986,674.49,530.24,0,0,436,694,0,0,0,1,NORMAL,0
INV-SYN-12823,TXN-SYN-12823,SUPP-TITAN-03,BUYER-QUICK-04,DB Schenker,1,286799.99,329819.99,0.15,1.1779,210.87,132.03,1,5,477,114,0,5,0,1,SERIAL_COUNTERPARTY_SPIKE,1
INV-SYN-12824,TXN-SYN-12824,SUPP-PREC-04,BUYER-APEX-06,FedEx International,1,93755.39,93949.96,0.0021,0.9889,453.22,335.9,0,0,441,646,0,14,0,0,NORMAL,0
INV-SYN-12825,TXN-SYN-12825,SUPP-GLOBAL-01,BUYER-APEX-06,Maersk Ocean Freight,1,171123.17,171393.97,0.0016,1.4283,992.7,821.79,0,0,461,647,0,9,0,0,NORMAL,0
INV-SYN-12826,TXN-SYN-12826,SUPP-IND-05,BUYER-VORTEX-02,DHL Global Express,1,209875.67,207287.38,-0.0123,1.2955,729.24,592.84,1,0,492,665,0,4,0,1,NORMAL,0
INV-SYN-12827,TXN-SYN-12827,SUPP-PREC-04,BUYER-GLOBAL-05,Maersk Ocean Freight,1,93527.4,92077.59,-0.0155,0.9692,904.77,811.11,0,0,442,619,0,11,0,0,NORMAL,0
INV-SYN-12828,TXN-SYN-12828,SUPP-NEXUS-02,BUYER-VORTEX-02,DHL Global Express,1,105218.3,104338.35,-0.0084,1.2275,659.75,520.87,0,0,411,666,0,6,0,0,NORMAL,0
INV-SYN-12829,TXN-SYN-12829,SUPP-PACIFIC-08,BUYER-APEX-06,DB Schenker,1,68127.99,66853.96,-0.0187,0.8914,870.92,728.63,0,0,437,648,0,14,0,0,NORMAL,0
INV-SYN-12830,TXN-SYN-12830,SUPP-PREC-04,BUYER-APEX-06,FedEx International,1,54533.05,54431.76,-0.0019,0.573,312.33,243.88,0,0,443,649,0,7,0,0,NORMAL,0
INV-SYN-12831,TXN-SYN-12831,SUPP-IND-05,BUYER-GLOBAL-05,Kuehne+Nagel Logistics,1,123021.36,123886.02,0.007,0.7743,800.45,692.37,1,0,493,620,0,2,1,1,NORMAL,0
INV-SYN-12832,TXN-SYN-12832,SUPP-PREC-04,BUYER-VORTEX-02,DHL Global Express,1,132118.61,129752.23,-0.0179,1.3658,432.64,338.76,0,0,444,667,0,2,0,1,NORMAL,0
INV-SYN-12833,TXN-SYN-12833,SUPP-NEXUS-02,BUYER-GLOBAL-05,DHL Global Express,1,79177.65,78607.1,-0.0072,0.9248,909.33,722.28,0,0,412,621,0,15,0,0,NORMAL,0
INV-SYN-12834,TXN-SYN-12834,SUPP-PREC-04,BUYER-VORTEX-02,Kuehne+Nagel Logistics,1,89219.63,87455.72,-0.0198,0.9206,493.95,315.04,0,0,445,668,0,6,1,0,NORMAL,0
INV-SYN-12835,TXN-SYN-12835,SUPP-TITAN-03,BUYER-STEEL-03,None,0,457178.75,457178.75,0.0,1.6328,4.07,-1.0,1,1,478,90,0,12,0,0,RAPID_GHOST_SETTLEMENT,1
INV-SYN-12836,TXN-SYN-12836,SUPP-PREC-04,BUYER-APEX-06,DB Schenker,1,140223.24,141415.67,0.0085,1.4886,469.58,415.49,0,0,446,650,0,14,0,0,NORMAL,0
INV-SYN-12837,TXN-SYN-12837,SUPP-TITAN-03,BUYER-VORTEX-02,Kuehne+Nagel Logistics,1,393817.12,391620.39,-0.0056,1.3986,473.67,359.05,1,0,479,669,0,10,0,0,NORMAL,0
INV-SYN-12838,TXN-SYN-12838,SUPP-IND-05,BUYER-OMEGA-01,DHL Global Express,1,248751.21,250547.69,0.0072,1.5659,795.21,736.37,1,0,494,695,0,2,1,1,NORMAL,0
INV-SYN-12839,TXN-SYN-12839,SUPP-PACIFIC-08,BUYER-GLOBAL-05,FedEx International,1,72017.9,71215.34,-0.0111,0.9495,854.35,773.07,0,0,438,622,0,23,0,1,NORMAL,0
INV-SYN-12840,TXN-SYN-12840,SUPP-GLOBAL-01,BUYER-GLOBAL-05,Kuehne+Nagel Logistics,1,128868.73,128160.32,-0.0055,1.068,995.45,831.27,0,0,462,623,0,19,0,0,NORMAL,0
INV-SYN-12841,TXN-SYN-12841,SUPP-GLOBAL-01,BUYER-APEX-06,Kuehne+Nagel Logistics,1,74500.72,74525.73,0.0003,0.621,431.88,305.0,0,0,463,651,0,1,0,1,NORMAL,0
INV-SYN-12842,TXN-SYN-12842,SUPP-TITAN-03,BUYER-APEX-06,Kuehne+Nagel Logistics,1,383385.41,380304.08,-0.008,1.3582,573.67,417.6,1,0,480,652,0,3,1,1,NORMAL,0
INV-SYN-12843,TXN-SYN-12843,SUPP-IND-05,BUYER-APEX-06,Maersk Ocean Freight,1,113288.82,111820.13,-0.013,0.6989,330.51,249.65,1,0,495,653,0,1,1,1,NORMAL,0
INV-SYN-12844,TXN-SYN-12844,SUPP-IND-05,BUYER-GLOBAL-05,FedEx International,1,168671.02,170034.74,0.0081,1.0627,998.83,831.85,1,0,496,624,0,5,0,1,NORMAL,0
INV-SYN-12845,TXN-SYN-12845,SUPP-PREC-04,BUYER-GLOBAL-05,FedEx International,1,68939.06,68509.35,-0.0062,0.7212,383.56,316.31,0,0,447,625,0,7,1,0,NORMAL,0
INV-SYN-12846,TXN-SYN-12846,SUPP-GLOBAL-01,BUYER-OMEGA-01,DHL Global Express,1,102334.0,101036.03,-0.0127,0.842,648.5,515.19,0,0,464,696,0,21,1,0,NORMAL,0
INV-SYN-12847,TXN-SYN-12847,SUPP-TITAN-03,BUYER-GLOBAL-05,DHL Global Express,1,221391.63,218579.38,-0.0127,0.7806,484.56,440.74,1,0,481,626,0,18,0,0,NORMAL,0
INV-SYN-12848,TXN-SYN-12848,SUPP-PACIFIC-08,BUYER-OMEGA-01,DHL Global Express,1,63602.34,64132.82,0.0083,0.8551,308.11,266.31,0,0,439,697,0,18,0,0,NORMAL,0
INV-SYN-12849,TXN-SYN-12849,SUPP-PREC-04,BUYER-VORTEX-02,Kuehne+Nagel Logistics,1,82195.84,80627.7,-0.0191,0.8487,490.29,449.19,0,0,448,670,0,1,0,1,NORMAL,0
INV-SYN-12850,TXN-SYN-12850,SUPP-IND-05,BUYER-VORTEX-02,DB Schenker,1,138069.25,138806.66,0.0053,0.8675,691.35,513.43,1,0,497,671,0,15,0,0,NORMAL,0
INV-SYN-12851,TXN-SYN-12851,SUPP-IND-05,BUYER-VORTEX-02,FedEx International,1,193333.36,191143.02,-0.0113,1.1946,568.96,454.89,1,0,498,672,0,4,1,1,NORMAL,0
INV-SYN-12852,TXN-SYN-12852,SUPP-GLOBAL-01,BUYER-VORTEX-02,DHL Global Express,1,86854.12,86603.43,-0.0029,0.7217,840.55,730.92,0,0,465,673,0,13,0,0,NORMAL,0
INV-SYN-12853,TXN-SYN-12853,SUPP-PREC-04,BUYER-VORTEX-02,Kuehne+Nagel Logistics,1,100237.86,100370.82,0.0013,1.0565,932.0,751.84,0,0,449,674,0,3,1,1,NORMAL,0
INV-SYN-12854,TXN-SYN-12854,SUPP-PACIFIC-08,BUYER-VORTEX-02,Kuehne+Nagel Logistics,1,97836.73,95947.34,-0.0193,1.2793,724.0,655.6,0,0,440,675,0,3,0,1,NORMAL,0
INV-SYN-12855,TXN-SYN-12855,SUPP-PACIFIC-08,BUYER-APEX-06,Maersk Ocean Freight,1,65377.57,64356.87,-0.0156,0.8581,592.59,475.71,0,0,441,654,0,14,0,0,NORMAL,0
INV-SYN-12856,TXN-SYN-12856,SUPP-TITAN-03,BUYER-GLOBAL-05,Kuehne+Nagel Logistics,1,229745.68,229232.74,-0.0022,0.8187,703.85,641.89,1,0,482,627,0,3,1,1,NORMAL,0
INV-SYN-12857,TXN-SYN-12857,SUPP-TITAN-03,BUYER-OMEGA-01,FedEx International,1,263863.28,258858.18,-0.019,0.9245,425.85,252.47,1,0,483,698,0,8,1,0,NORMAL,0
INV-SYN-12858,TXN-SYN-12858,SUPP-PREC-04,BUYER-OMEGA-01,DHL Global Express,1,123018.47,123018.0,-0.0,1.2949,526.59,431.78,0,0,450,699,0,21,0,0,NORMAL,0
INV-SYN-12859,TXN-SYN-12859,SUPP-IND-05,BUYER-OMEGA-01,FedEx International,1,167764.31,166109.75,-0.0099,1.0382,605.83,537.3,1,0,499,700,0,16,0,0,NORMAL,0
INV-SYN-12860,TXN-SYN-12860,SUPP-GLOBAL-01,BUYER-APEX-06,FedEx International,1,104063.57,102615.79,-0.0139,0.8551,877.91,833.01,0,0,466,655,0,6,0,0,NORMAL,0
INV-SYN-12861,TXN-SYN-12861,SUPP-TITAN-03,BUYER-APEX-06,FedEx International,1,313871.37,316158.64,0.0073,1.1291,822.59,727.09,1,0,484,656,0,21,0,0,NORMAL,0
INV-SYN-12862,TXN-SYN-12862,SUPP-GLOBAL-01,BUYER-OMEGA-01,DB Schenker,1,86931.24,85290.98,-0.0189,0.7108,637.36,593.19,0,0,467,701,0,14,0,0,NORMAL,0
INV-SYN-12863,TXN-SYN-12863,SUPP-GLOBAL-01,BUYER-APEX-06,Maersk Ocean Freight,1,140440.79,140695.49,0.0018,1.1725,914.45,752.16,0,0,468,657,0,19,1,0,NORMAL,0
INV-SYN-12864,TXN-SYN-12864,SUPP-IND-05,BUYER-OMEGA-01,Maersk Ocean Freight,1,176344.29,176222.77,-0.0007,1.1014,843.36,659.41,1,0,500,702,0,3,1,1,NORMAL,0
INV-SYN-12865,TXN-SYN-12865,SUPP-TITAN-03,BUYER-OMEGA-01,FedEx International,1,258453.41,260113.57,0.0064,0.929,744.62,615.0,1,0,485,703,0,7,0,0,NORMAL,0
INV-SYN-12866,TXN-SYN-12866,SUPP-GLOBAL-01,BUYER-VORTEX-02,Kuehne+Nagel Logistics,1,94842.43,93692.5,-0.0121,0.7808,560.71,490.3,0,0,469,676,0,8,0,0,NORMAL,0
INV-SYN-12867,TXN-SYN-12867,SUPP-GLOBAL-01,BUYER-VORTEX-02,DHL Global Express,1,93399.57,92635.3,-0.0082,0.772,666.38,547.11,0,0,470,677,0,1,1,1,NORMAL,0
INV-SYN-12868,TXN-SYN-12868,SUPP-GLOBAL-01,BUYER-VORTEX-02,DHL Global Express,1,136044.52,136076.0,0.0002,1.134,552.21,449.27,0,0,471,678,0,6,0,0,NORMAL,0
INV-SYN-12869,TXN-SYN-12869,SUPP-IND-05,BUYER-GLOBAL-05,Kuehne+Nagel Logistics,1,209159.22,210586.5,0.0068,1.3162,937.18,748.08,1,0,501,628,0,11,0,0,NORMAL,0
INV-SYN-12870,TXN-SYN-12870,SUPP-TITAN-03,BUYER-VORTEX-02,DHL Global Express,1,235388.46,236529.21,0.0048,0.8447,1019.35,827.69,1,0,486,679,0,13,0,0,NORMAL,0
INV-SYN-12871,TXN-SYN-12871,SUPP-PACIFIC-08,BUYER-VORTEX-02,DB Schenker,1,83594.75,83782.88,0.0023,1.1171,536.9,499.59,0,0,442,680,0,20,0,0,NORMAL,0
INV-SYN-12872,TXN-SYN-12872,SUPP-PACIFIC-08,BUYER-QUICK-04,Maersk Ocean Freight,1,35868.24,71426.38,0.9914,0.9524,313.17,170.38,0,5,443,115,0,21,0,0,AMOUNT_INFLATION,1
INV-SYN-12873,TXN-SYN-12873,SUPP-IND-05,BUYER-QUICK-04,Unregistered Logistics,1,750000.0,750000.0,0.0,4.6875,63.34,25.11,1,5,502,116,1,0,0,1,OFF_HOURS_ROUND_SUM,1
INV-SYN-12874,TXN-SYN-12874,SUPP-PREC-04,BUYER-APEX-06,Kuehne+Nagel Logistics,1,94262.35,92655.06,-0.0171,0.9753,875.1,761.84,0,0,451,658,0,10,1,0,NORMAL,0
INV-SYN-12875,TXN-SYN-12875,SUPP-NEXUS-02,BUYER-VORTEX-02,Maersk Ocean Freight,1,65669.23,64821.15,-0.0129,0.7626,375.73,254.74,0,0,413,681,0,22,0,0,NORMAL,0
INV-SYN-12876,TXN-SYN-12876,SUPP-PACIFIC-08,BUYER-APEX-06,Kuehne+Nagel Logistics,1,57440.51,57639.8,0.0035,0.7685,404.33,343.14,0,0,444,659,0,21,0,0,NORMAL,0
INV-SYN-12877,TXN-SYN-12877,SUPP-NEXUS-02,BUYER-VORTEX-02,DB Schenker,1,70809.68,70317.51,-0.007,0.8273,363.01,246.72,0,0,414,682,0,0,0,1,NORMAL,0
INV-SYN-12878,TXN-SYN-12878,SUPP-PACIFIC-08,BUYER-VORTEX-02,Maersk Ocean Freight,1,80478.61,79827.74,-0.0081,1.0644,525.54,341.4,0,0,445,683,0,21,1,0,NORMAL,0
INV-SYN-12879,TXN-SYN-12879,SUPP-IND-05,BUYER-OMEGA-01,Maersk Ocean Freight,1,152506.84,152113.89,-0.0026,0.9507,653.09,579.36,1,0,503,704,0,23,1,1,NORMAL,0
INV-SYN-12880,TXN-SYN-12880,SUPP-GLOBAL-01,BUYER-VORTEX-02,FedEx International,1,52853.06,52783.01,-0.0013,0.4399,611.22,500.3,0,0,472,684,0,11,1,0,NORMAL,0
INV-SYN-12881,TXN-SYN-12881,SUPP-IND-05,BUYER-APEX-06,DB Schenker,1,75171.99,73724.79,-0.0193,0.4608,628.44,461.61,1,0,504,660,0,19,0,0,NORMAL,0
INV-SYN-12882,TXN-SYN-12882,SUPP-PACIFIC-08,BUYER-OMEGA-01,Maersk Ocean Freight,1,63621.28,64112.97,0.0077,0.8548,494.16,314.88,0,0,446,705,0,3,1,1,NORMAL,0
INV-SYN-12883,TXN-SYN-12883,SUPP-PREC-04,BUYER-OMEGA-01,DB Schenker,1,105870.06,106232.27,0.0034,1.1182,677.05,589.63,0,0,452,706,0,4,0,1,NORMAL,0
INV-SYN-12884,TXN-SYN-12884,SUPP-IND-05,BUYER-OMEGA-01,Maersk Ocean Freight,1,50099.81,49306.84,-0.0158,0.3082,945.78,760.44,1,0,505,707,0,13,0,0,NORMAL,0
INV-SYN-12885,TXN-SYN-12885,SUPP-TITAN-03,BUYER-OMEGA-01,Maersk Ocean Freight,1,245018.89,243363.06,-0.0068,0.8692,692.48,555.35,1,0,487,708,0,18,0,0,NORMAL,0
INV-SYN-12886,TXN-SYN-12886,SUPP-SUSP-06,BUYER-OMEGA-01,None,0,434649.8,434649.8,0.0,1.1145,3.17,-1.0,6,0,60,709,0,9,1,0,RAPID_GHOST_SETTLEMENT,1
INV-SYN-12887,TXN-SYN-12887,SUPP-PACIFIC-08,BUYER-VORTEX-02,Kuehne+Nagel Logistics,1,101031.33,100366.16,-0.0066,1.3382,616.05,449.75,0,0,447,685,0,8,0,0,NORMAL,0
INV-SYN-12888,TXN-SYN-12888,SUPP-PREC-04,BUYER-OMEGA-01,DB Schenker,1,85855.73,85793.64,-0.0007,0.9031,514.44,357.71,0,0,453,710,0,1,1,1,NORMAL,0
INV-SYN-12889,TXN-SYN-12889,SUPP-GLOBAL-01,BUYER-OMEGA-01,DHL Global Express,1,131489.67,129451.29,-0.0155,1.0788,761.09,626.25,0,0,473,711,0,19,0,0,NORMAL,0
INV-SYN-12890,TXN-SYN-12890,SUPP-PREC-04,BUYER-OMEGA-01,DHL Global Express,1,98354.86,96892.07,-0.0149,1.0199,634.56,480.9,0,0,454,712,0,5,0,1,NORMAL,0
INV-SYN-12891,TXN-SYN-12891,SUPP-PACIFIC-08,BUYER-GLOBAL-05,FedEx International,1,35051.88,34541.34,-0.0146,0.4606,556.27,484.84,0,0,448,629,0,2,0,1,NORMAL,0
INV-SYN-12892,TXN-SYN-12892,SUPP-NEXUS-02,BUYER-OMEGA-01,DHL Global Express,1,101324.4,99345.57,-0.0195,1.1688,310.42,248.18,0,0,415,713,0,14,0,0,NORMAL,0
INV-SYN-12893,TXN-SYN-12893,SUPP-PREC-04,BUYER-VORTEX-02,FedEx International,1,100115.67,98522.13,-0.0159,1.0371,859.64,782.82,0,0,455,686,0,20,1,0,NORMAL,0
INV-SYN-12894,TXN-SYN-12894,SUPP-PACIFIC-08,BUYER-APEX-06,Maersk Ocean Freight,1,84530.04,84619.01,0.0011,1.1283,509.11,383.53,0,0,449,661,0,13,0,0,NORMAL,0
INV-SYN-12895,TXN-SYN-12895,SUPP-PACIFIC-08,BUYER-GLOBAL-05,DHL Global Express,1,148616.96,148753.48,0.0009,1.9834,811.01,724.06,0,0,450,630,0,23,1,1,NORMAL,0
INV-SYN-12896,TXN-SYN-12896,SUPP-TITAN-03,BUYER-GLOBAL-05,Kuehne+Nagel Logistics,1,134112.09,134098.73,-0.0001,0.4789,776.19,646.97,1,0,488,631,0,19,0,0,NORMAL,0
INV-SYN-12897,TXN-SYN-12897,SUPP-PREC-04,BUYER-GLOBAL-05,FedEx International,1,135961.55,134794.03,-0.0086,1.4189,634.03,457.13,0,0,456,632,0,14,1,0,NORMAL,0
INV-SYN-12898,TXN-SYN-12898,SUPP-TITAN-03,BUYER-GLOBAL-05,DHL Global Express,1,259878.67,256387.48,-0.0134,0.9157,495.94,408.41,1,0,489,633,0,11,1,0,NORMAL,0
INV-SYN-12899,TXN-SYN-12899,SUPP-PACIFIC-08,BUYER-APEX-06,Kuehne+Nagel Logistics,1,80387.42,81131.45,0.0093,1.0818,591.74,452.36,0,0,451,662,0,0,0,1,NORMAL,0
INV-SYN-12900,TXN-SYN-12900,SUPP-IND-05,BUYER-VORTEX-02,Maersk Ocean Freight,1,158179.51,159156.65,0.0062,0.9947,691.98,576.94,1,0,506,687,0,22,1,0,NORMAL,0
INV-SYN-12901,TXN-SYN-12901,SUPP-SUSP-06,BUYER-QUICK-04,FedEx International,1,726032.11,834936.93,0.15,2.1409,137.8,72.11,6,5,61,117,0,6,1,0,SERIAL_COUNTERPARTY_SPIKE,1
INV-SYN-12902,TXN-SYN-12902,SUPP-TITAN-03,BUYER-GLOBAL-05,Kuehne+Nagel Logistics,1,240111.7,235520.51,-0.0191,0.8411,663.08,523.66,1,0,490,634,0,17,1,0,NORMAL,0
INV-SYN-12903,TXN-SYN-12903,SUPP-IND-05,BUYER-APEX-06,FedEx International,1,173180.35,172355.45,-0.0048,1.0772,466.44,335.44,1,0,507,663,0,5,0,1,NORMAL,0
INV-SYN-12904,TXN-SYN-12904,SUPP-PACIFIC-08,BUYER-APEX-06,Maersk Ocean Freight,1,46552.99,46473.97,-0.0017,0.6197,490.54,420.46,0,0,452,664,0,8,1,0,NORMAL,0
INV-SYN-12905,TXN-SYN-12905,SUPP-PACIFIC-08,BUYER-APEX-06,DHL Global Express,1,89073.36,89137.07,0.0007,1.1885,624.8,453.62,0,0,453,665,0,15,1,0,NORMAL,0
INV-SYN-12906,TXN-SYN-12906,SUPP-PACIFIC-08,BUYER-GLOBAL-05,DHL Global Express,1,67196.35,65972.52,-0.0182,0.8796,788.67,597.53,0,0,454,635,0,12,0,0,NORMAL,0
INV-SYN-12907,TXN-SYN-12907,SUPP-IND-05,BUYER-GLOBAL-05,DHL Global Express,1,114797.23,113070.17,-0.015,0.7067,679.08,514.73,1,0,508,636,0,2,0,1,NORMAL,0
INV-SYN-12908,TXN-SYN-12908,SUPP-TITAN-03,BUYER-VORTEX-02,DB Schenker,1,248499.1,249181.17,0.0027,0.8899,421.73,267.41,1,0,491,688,0,11,0,0,NORMAL,0
INV-SYN-12909,TXN-SYN-12909,SUPP-IND-05,BUYER-QUICK-04,None,0,300000.0,300000.0,0.0,1.875,24.18,-10.45,1,5,509,118,1,2,0,1,OFF_HOURS_ROUND_SUM,1
INV-SYN-12910,TXN-SYN-12910,SUPP-GLOBAL-01,BUYER-OMEGA-01,DHL Global Express,1,103939.95,102906.0,-0.0099,0.8575,643.49,452.61,0,0,474,714,0,20,0,0,NORMAL,0
INV-SYN-12911,TXN-SYN-12911,SUPP-PACIFIC-08,BUYER-VORTEX-02,Maersk Ocean Freight,1,81721.01,81645.89,-0.0009,1.0886,336.68,253.9,0,0,455,689,0,11,0,0,NORMAL,0
INV-SYN-12912,TXN-SYN-12912,SUPP-NEXUS-02,BUYER-OMEGA-01,FedEx International,1,69467.18,68793.52,-0.0097,0.8093,959.33,785.31,0,0,416,715,0,14,0,0,NORMAL,0
INV-SYN-12913,TXN-SYN-12913,SUPP-IND-05,BUYER-GLOBAL-05,FedEx International,1,190316.87,190431.05,0.0006,1.1902,833.15,690.36,1,0,510,637,0,19,1,0,NORMAL,0
INV-SYN-12914,TXN-SYN-12914,SUPP-IND-05,BUYER-GLOBAL-05,DHL Global Express,1,187420.31,188155.86,0.0039,1.176,456.09,307.01,1,0,511,638,0,21,0,0,NORMAL,0
INV-SYN-12915,TXN-SYN-12915,SUPP-NEXUS-02,BUYER-GLOBAL-05,Kuehne+Nagel Logistics,1,124282.94,122821.76,-0.0118,1.445,626.34,454.78,0,0,417,639,0,12,0,0,NORMAL,0
INV-SYN-12916,TXN-SYN-12916,SUPP-PREC-04,BUYER-GLOBAL-05,FedEx International,1,90830.36,90196.72,-0.007,0.9494,865.08,723.67,0,0,457,640,0,19,1,0,NORMAL,0
INV-SYN-12917,TXN-SYN-12917,SUPP-TITAN-03,BUYER-OMEGA-01,DB Schenker,1,326805.84,325402.92,-0.0043,1.1622,468.83,355.46,1,0,492,716,0,11,0,0,NORMAL,0
INV-SYN-12918,TXN-SYN-12918,SUPP-PACIFIC-08,BUYER-GLOBAL-05,Kuehne+Nagel Logistics,1,76838.77,76090.87,-0.0097,1.0145,874.6,826.08,0,0,456,641,0,23,0,1,NORMAL,0
INV-SYN-12919,TXN-SYN-12919,SUPP-IND-05,BUYER-OMEGA-01,Maersk Ocean Freight,1,211834.87,209658.34,-0.0103,1.3104,494.64,446.41,1,0,512,717,0,15,0,0,NORMAL,0
INV-SYN-12920,TXN-SYN-12920,SUPP-TITAN-03,BUYER-GLOBAL-05,DHL Global Express,1,229681.73,226603.44,-0.0134,0.8093,901.07,794.28,1,0,493,642,0,0,0,1,NORMAL,0
INV-SYN-12921,TXN-SYN-12921,SUPP-PREC-04,BUYER-VORTEX-02,Kuehne+Nagel Logistics,1,112693.88,112278.55,-0.0037,1.1819,412.67,359.88,0,0,458,690,0,10,0,0,NORMAL,0
INV-SYN-12922,TXN-SYN-12922,SUPP-PREC-04,BUYER-GLOBAL-05,DHL Global Express,1,90375.94,91273.43,0.0099,0.9608,698.58,640.68,0,0,459,643,0,11,0,0,NORMAL,0
INV-SYN-12923,TXN-SYN-12923,SUPP-PREC-04,BUYER-GLOBAL-05,FedEx International,1,93475.53,93622.68,0.0016,0.9855,851.58,696.63,0,0,460,644,0,0,1,1,NORMAL,0
INV-SYN-12924,TXN-SYN-12924,SUPP-TITAN-03,BUYER-OMEGA-01,DB Schenker,1,286422.67,284340.22,-0.0073,1.0155,427.25,311.12,1,0,494,718,0,23,0,1,NORMAL,0
INV-SYN-12925,TXN-SYN-12925,SUPP-PACIFIC-08,BUYER-APEX-06,DHL Global Express,1,79729.51,78168.68,-0.0196,1.0422,627.28,494.34,0,0,457,666,0,6,0,0,NORMAL,0
INV-SYN-12926,TXN-SYN-12926,SUPP-PHANTOM-07,BUYER-STEEL-03,None,0,100000.0,100000.0,0.0,0.2222,34.39,4.61,8,1,52,91,1,3,1,1,OFF_HOURS_ROUND_SUM,1
INV-SYN-12927,TXN-SYN-12927,SUPP-GLOBAL-01,BUYER-GLOBAL-05,FedEx International,1,126441.4,127028.74,0.0046,1.0586,908.84,788.63,0,0,475,645,0,14,0,0,NORMAL,0
INV-SYN-12928,TXN-SYN-12928,SUPP-PACIFIC-08,BUYER-APEX-06,FedEx International,1,104589.71,104621.19,0.0003,1.3949,862.95,811.36,0,0,458,667,0,6,0,0,NORMAL,0
INV-SYN-12929,TXN-SYN-12929,SUPP-NEXUS-02,BUYER-GLOBAL-05,DB Schenker,1,105940.81,106452.88,0.0048,1.2524,677.19,558.36,0,0,418,646,0,15,0,0,NORMAL,0
INV-SYN-12930,TXN-SYN-12930,SUPP-GLOBAL-01,BUYER-GLOBAL-05,Maersk Ocean Freight,1,146074.64,146878.97,0.0055,1.224,680.24,630.13,0,0,476,647,0,19,0,0,NORMAL,0
INV-SYN-12931,TXN-SYN-12931,SUPP-GLOBAL-01,BUYER-VORTEX-02,Maersk Ocean Freight,1,106333.81,106809.9,0.0045,0.8901,366.23,267.72,0,0,477,691,0,0,0,1,NORMAL,0
INV-SYN-12932,TXN-SYN-12932,SUPP-PACIFIC-08,BUYER-VORTEX-02,FedEx International,1,58326.73,58534.55,0.0036,0.7805,466.27,393.21,0,0,459,692,0,8,1,0,NORMAL,0
INV-SYN-12933,TXN-SYN-12933,SUPP-PREC-04,BUYER-GLOBAL-05,DB Schenker,1,117688.39,116893.63,-0.0068,1.2305,714.56,605.78,0,0,461,648,0,8,1,0,NORMAL,0
INV-SYN-12934,TXN-SYN-12934,SUPP-GLOBAL-01,BUYER-GLOBAL-05,Maersk Ocean Freight,1,146281.4,143462.34,-0.0193,1.1955,436.95,356.45,0,0,478,649,0,15,0,0,NORMAL,0
INV-SYN-12935,TXN-SYN-12935,SUPP-GLOBAL-01,BUYER-VORTEX-02,Maersk Ocean Freight,1,164180.12,162121.62,-0.0125,1.351,548.75,375.01,0,0,479,693,0,12,0,0,NORMAL,0
INV-SYN-12936,TXN-SYN-12936,SUPP-GLOBAL-01,BUYER-OMEGA-01,DB Schenker,1,101880.58,102458.51,0.0057,0.8538,669.94,530.29,0,0,480,719,0,12,0,0,NORMAL,0
INV-SYN-12937,TXN-SYN-12937,SUPP-TITAN-03,BUYER-QUICK-04,DB Schenker,1,263931.59,644265.54,1.441,2.3009,303.41,165.54,1,5,495,119,0,9,0,0,AMOUNT_INFLATION,1
INV-SYN-12938,TXN-SYN-12938,SUPP-TITAN-03,BUYER-OMEGA-01,DHL Global Express,1,165236.11,162990.37,-0.0136,0.5821,806.34,745.11,1,0,496,720,0,4,0,1,NORMAL,0
INV-SYN-12939,TXN-SYN-12939,SUPP-NEXUS-02,BUYER-OMEGA-01,DB Schenker,1,76659.99,76808.3,0.0019,0.9036,445.68,333.37,0,0,419,721,0,11,0,0,NORMAL,0
INV-SYN-12940,TXN-SYN-12940,SUPP-GLOBAL-01,BUYER-VORTEX-02,Kuehne+Nagel Logistics,1,149897.12,150945.92,0.007,1.2579,529.45,370.7,0,0,481,694,0,19,0,0,NORMAL,0
INV-SYN-12941,TXN-SYN-12941,SUPP-PREC-04,BUYER-APEX-06,FedEx International,1,83920.73,82529.09,-0.0166,0.8687,619.13,578.93,0,0,462,668,0,6,0,0,NORMAL,0
INV-SYN-12942,TXN-SYN-12942,SUPP-PACIFIC-08,BUYER-APEX-06,DB Schenker,1,87009.0,86422.74,-0.0067,1.1523,765.85,684.29,0,0,460,669,0,9,0,0,NORMAL,0
INV-SYN-12943,TXN-SYN-12943,SUPP-PACIFIC-08,BUYER-OMEGA-01,Maersk Ocean Freight,1,71428.07,70420.57,-0.0141,0.9389,346.34,270.67,0,0,461,722,0,6,0,0,NORMAL,0
INV-SYN-12944,TXN-SYN-12944,SUPP-NEXUS-02,BUYER-OMEGA-01,DB Schenker,1,91886.21,91829.8,-0.0006,1.0804,538.24,386.42,0,0,420,723,0,11,0,0,NORMAL,0
INV-SYN-12945,TXN-SYN-12945,SUPP-PREC-04,BUYER-OMEGA-01,Maersk Ocean Freight,1,67742.33,67901.07,0.0023,0.7147,852.61,768.3,0,0,463,724,0,20,1,0,NORMAL,0
INV-SYN-12946,TXN-SYN-12946,SUPP-NEXUS-02,BUYER-GLOBAL-05,FedEx International,1,86810.7,86253.17,-0.0064,1.0147,727.01,629.14,0,0,421,650,0,5,0,1,NORMAL,0
INV-SYN-12947,TXN-SYN-12947,SUPP-GLOBAL-01,BUYER-GLOBAL-05,Maersk Ocean Freight,1,30265.92,30369.62,0.0034,0.2531,643.89,484.85,0,0,482,651,0,18,1,0,NORMAL,0
INV-SYN-12948,TXN-SYN-12948,SUPP-PACIFIC-08,BUYER-APEX-06,FedEx International,1,71495.7,70704.09,-0.0111,0.9427,430.79,384.06,0,0,462,670,0,4,0,1,NORMAL,0
INV-SYN-12949,TXN-SYN-12949,SUPP-PREC-04,BUYER-OMEGA-01,FedEx International,1,56276.26,56651.06,0.0067,0.5963,673.34,507.84,0,0,464,725,0,12,1,0,NORMAL,0
INV-SYN-12950,TXN-SYN-12950,SUPP-GLOBAL-01,BUYER-OMEGA-01,Maersk Ocean Freight,1,156179.84,154525.45,-0.0106,1.2877,539.19,465.18,0,0,483,726,0,7,1,0,NORMAL,0
INV-SYN-12951,TXN-SYN-12951,SUPP-GLOBAL-01,BUYER-GLOBAL-05,DB Schenker,1,143322.22,140468.34,-0.0199,1.1706,414.1,341.44,0,0,484,652,0,19,0,0,NORMAL,0
INV-SYN-12952,TXN-SYN-12952,SUPP-TITAN-03,BUYER-STEEL-03,DB Schenker,1,312666.97,739052.92,1.3637,2.6395,276.28,163.76,1,1,497,92,0,19,1,0,AMOUNT_INFLATION,1
INV-SYN-12953,TXN-SYN-12953,SUPP-PACIFIC-08,BUYER-APEX-06,DB Schenker,1,103518.87,104060.57,0.0052,1.3875,719.1,646.04,0,0,463,671,0,7,1,0,NORMAL,0
INV-SYN-12954,TXN-SYN-12954,SUPP-PACIFIC-08,BUYER-OMEGA-01,Kuehne+Nagel Logistics,1,57207.82,57267.45,0.001,0.7636,790.64,600.14,0,0,464,727,0,11,0,0,NORMAL,0
INV-SYN-12955,TXN-SYN-12955,SUPP-PREC-04,BUYER-GLOBAL-05,DHL Global Express,1,136499.88,135524.22,-0.0071,1.4266,318.61,253.88,0,0,465,653,0,12,0,0,NORMAL,0
INV-SYN-12956,TXN-SYN-12956,SUPP-NEXUS-02,BUYER-OMEGA-01,Kuehne+Nagel Logistics,1,104809.07,104968.18,0.0015,1.2349,945.76,787.99,0,0,422,728,0,12,1,0,NORMAL,0
INV-SYN-12957,TXN-SYN-12957,SUPP-PREC-04,BUYER-OMEGA-01,DHL Global Express,1,89381.81,88315.47,-0.0119,0.9296,809.64,716.67,0,0,466,729,0,6,0,0,NORMAL,0
INV-SYN-12958,TXN-SYN-12958,SUPP-PACIFIC-08,BUYER-GLOBAL-05,Maersk Ocean Freight,1,96292.88,94993.0,-0.0135,1.2666,325.56,288.56,0,0,465,654,0,3,0,1,NORMAL,0
INV-SYN-12959,TXN-SYN-12959,SUPP-GLOBAL-01,BUYER-OMEGA-01,Maersk Ocean Freight,1,86811.19,87154.65,0.004,0.7263,884.26,800.84,0,0,485,730,0,4,0,1,NORMAL,0
INV-SYN-12960,TXN-SYN-12960,SUPP-PHANTOM-07,BUYER-QUICK-04,DB Schenker,1,741596.07,852835.48,0.15,1.8952,143.87,102.01,8,5,53,120,0,3,1,1,SERIAL_COUNTERPARTY_SPIKE,1
INV-SYN-12961,TXN-SYN-12961,SUPP-PHANTOM-07,BUYER-STEEL-03,Kuehne+Nagel Logistics,1,772627.97,888522.17,0.15,1.9745,131.54,84.45,8,1,54,93,0,9,0,0,SERIAL_COUNTERPARTY_SPIKE,1
INV-SYN-12962,TXN-SYN-12962,SUPP-GLOBAL-01,BUYER-VORTEX-02,Kuehne+Nagel Logistics,1,104130.67,104437.58,0.0029,0.8703,661.88,566.34,0,0,486,695,0,16,0,0,NORMAL,0
INV-SYN-12963,TXN-SYN-12963,SUPP-GLOBAL-01,BUYER-GLOBAL-05,DB Schenker,1,88303.27,87086.82,-0.0138,0.7257,799.0,747.64,0,0,487,655,0,21,0,0,NORMAL,0
INV-SYN-12964,TXN-SYN-12964,SUPP-IND-05,BUYER-APEX-06,FedEx International,1,208923.32,209904.2,0.0047,1.3119,413.71,370.45,1,0,513,672,0,4,0,1,NORMAL,0
INV-SYN-12965,TXN-SYN-12965,SUPP-PACIFIC-08,BUYER-GLOBAL-05,Kuehne+Nagel Logistics,1,70146.48,70766.75,0.0088,0.9436,854.55,771.45,0,0,466,656,0,5,1,1,NORMAL,0
INV-SYN-12966,TXN-SYN-12966,SUPP-NEXUS-02,BUYER-APEX-06,DHL Global Express,1,92490.73,92659.58,0.0018,1.0901,319.1,282.97,0,0,423,673,0,17,1,0,NORMAL,0
INV-SYN-12967,TXN-SYN-12967,SUPP-PREC-04,BUYER-APEX-06,DHL Global Express,1,81454.16,81497.0,0.0005,0.8579,527.92,464.76,0,0,467,674,0,1,0,1,NORMAL,0
INV-SYN-12968,TXN-SYN-12968,SUPP-TITAN-03,BUYER-VORTEX-02,Kuehne+Nagel Logistics,1,152557.77,151322.58,-0.0081,0.5404,483.3,364.33,1,0,498,696,0,7,1,0,NORMAL,0
INV-SYN-12969,TXN-SYN-12969,SUPP-IND-05,BUYER-QUICK-04,DB Schenker,1,320605.04,368695.8,0.15,2.3043,157.77,96.57,1,5,514,121,0,14,0,0,SERIAL_COUNTERPARTY_SPIKE,1
INV-SYN-12970,TXN-SYN-12970,SUPP-PREC-04,BUYER-OMEGA-01,FedEx International,1,49583.94,49412.19,-0.0035,0.5201,399.38,241.79,0,0,468,731,0,20,0,0,NORMAL,0
INV-SYN-12971,TXN-SYN-12971,SUPP-TITAN-03,BUYER-VORTEX-02,Kuehne+Nagel Logistics,1,275195.62,274672.9,-0.0019,0.981,813.31,677.36,1,0,499,697,0,21,0,0,NORMAL,0
INV-SYN-12972,TXN-SYN-12972,SUPP-PACIFIC-08,BUYER-OMEGA-01,FedEx International,1,49344.09,49210.84,-0.0027,0.6561,771.93,707.68,0,0,467,732,0,20,1,0,NORMAL,0
INV-SYN-12973,TXN-SYN-12973,SUPP-PACIFIC-08,BUYER-OMEGA-01,Kuehne+Nagel Logistics,1,112261.42,110580.87,-0.015,1.4744,619.76,437.9,0,0,468,733,0,6,0,0,NORMAL,0
INV-SYN-12974,TXN-SYN-12974,SUPP-NEXUS-02,BUYER-GLOBAL-05,FedEx International,1,104366.46,105121.58,0.0072,1.2367,631.19,587.41,0,0,424,657,0,9,0,0,NORMAL,0
INV-SYN-12975,TXN-SYN-12975,SUPP-GLOBAL-01,BUYER-APEX-06,DHL Global Express,1,123172.61,122606.86,-0.0046,1.0217,630.96,551.16,0,0,488,675,0,14,0,0,NORMAL,0
INV-SYN-12976,TXN-SYN-12976,SUPP-GLOBAL-01,BUYER-OMEGA-01,Kuehne+Nagel Logistics,1,157911.2,156867.49,-0.0066,1.3072,758.21,631.2,0,0,489,734,0,14,0,0,NORMAL,0
INV-SYN-12977,TXN-SYN-12977,SUPP-PREC-04,BUYER-GLOBAL-05,DB Schenker,1,74900.0,74583.52,-0.0042,0.7851,783.44,633.7,0,0,469,658,0,15,0,0,NORMAL,0
INV-SYN-12978,TXN-SYN-12978,SUPP-IND-05,BUYER-APEX-06,DB Schenker,1,181739.18,181275.57,-0.0026,1.133,380.14,274.13,1,0,515,676,0,3,0,1,NORMAL,0
INV-SYN-12979,TXN-SYN-12979,SUPP-IND-05,BUYER-STEEL-03,Kuehne+Nagel Logistics,1,344950.46,396693.03,0.15,2.4793,195.95,137.77,1,1,516,94,0,2,0,1,SERIAL_COUNTERPARTY_SPIKE,1
INV-SYN-12980,TXN-SYN-12980,SUPP-IND-05,BUYER-OMEGA-01,DHL Global Express,1,170560.8,171710.65,0.0067,1.0732,572.98,535.51,1,0,517,735,0,10,0,0,NORMAL,0
INV-SYN-12981,TXN-SYN-12981,SUPP-PACIFIC-08,BUYER-GLOBAL-05,FedEx International,1,98856.63,97600.92,-0.0127,1.3013,928.39,737.45,0,0,469,659,0,11,0,0,NORMAL,0
INV-SYN-12982,TXN-SYN-12982,SUPP-PHANTOM-07,BUYER-STEEL-03,None,0,1103454.44,1268972.61,0.15,2.8199,141.62,34.42,8,1,55,95,0,22,0,0,SERIAL_COUNTERPARTY_SPIKE,1
INV-SYN-12983,TXN-SYN-12983,SUPP-PREC-04,BUYER-GLOBAL-05,DB Schenker,1,101857.19,100485.94,-0.0135,1.0577,461.18,282.62,0,0,470,660,0,7,0,0,NORMAL,0
INV-SYN-12984,TXN-SYN-12984,SUPP-IND-05,BUYER-STEEL-03,None,0,148998.09,148998.09,0.0,0.9312,1.01,-1.0,1,1,518,96,0,0,0,1,RAPID_GHOST_SETTLEMENT,1
INV-SYN-12985,TXN-SYN-12985,SUPP-NEXUS-02,BUYER-OMEGA-01,FedEx International,1,64599.02,64132.65,-0.0072,0.7545,830.23,717.21,0,0,425,736,0,16,1,0,NORMAL,0
INV-SYN-12986,TXN-SYN-12986,SUPP-PACIFIC-08,BUYER-VORTEX-02,FedEx International,1,72699.21,71728.97,-0.0133,0.9564,682.41,492.96,0,0,470,698,0,19,0,0,NORMAL,0
INV-SYN-12987,TXN-SYN-12987,SUPP-GLOBAL-01,BUYER-VORTEX-02,Maersk Ocean Freight,1,122801.17,122606.85,-0.0016,1.0217,705.23,587.04,0,0,490,699,0,5,0,1,NORMAL,0
INV-SYN-12988,TXN-SYN-12988,SUPP-GLOBAL-01,BUYER-GLOBAL-05,FedEx International,1,86093.89,86528.13,0.005,0.7211,674.68,600.83,0,0,491,661,0,15,0,0,NORMAL,0
INV-SYN-12989,TXN-SYN-12989,SUPP-PACIFIC-08,BUYER-GLOBAL-05,Maersk Ocean Freight,1,120218.94,120615.15,0.0033,1.6082,771.46,656.91,0,0,471,662,0,3,0,1,NORMAL,0
INV-SYN-12990,TXN-SYN-12990,SUPP-NEXUS-02,BUYER-OMEGA-01,FedEx International,1,117223.37,117870.25,0.0055,1.3867,794.13,602.25,0,0,426,737,0,2,1,1,NORMAL,0
INV-SYN-12991,TXN-SYN-12991,SUPP-NEXUS-02,BUYER-VORTEX-02,DHL Global Express,1,97795.01,98119.29,0.0033,1.1543,677.92,502.77,0,0,427,700,0,9,0,0,NORMAL,0
INV-SYN-12992,TXN-SYN-12992,SUPP-TITAN-03,BUYER-OMEGA-01,DB Schenker,1,285042.58,285332.44,0.001,1.019,833.09,768.35,1,0,500,738,0,4,0,1,NORMAL,0
INV-SYN-12993,TXN-SYN-12993,SUPP-GLOBAL-01,BUYER-GLOBAL-05,DHL Global Express,1,113633.73,114318.87,0.006,0.9527,907.43,731.34,0,0,492,663,0,11,1,0,NORMAL,0
INV-SYN-12994,TXN-SYN-12994,SUPP-NEXUS-02,BUYER-VORTEX-02,Kuehne+Nagel Logistics,1,64771.73,63548.82,-0.0189,0.7476,524.57,379.96,0,0,428,701,0,7,1,0,NORMAL,0
INV-SYN-12995,TXN-SYN-12995,SUPP-IND-05,BUYER-GLOBAL-05,DB Schenker,1,163099.22,160315.12,-0.0171,1.002,459.45,391.01,1,0,519,664,0,19,0,0,NORMAL,0
INV-SYN-12996,TXN-SYN-12996,SUPP-NEXUS-02,BUYER-OMEGA-01,FedEx International,1,90477.24,89258.41,-0.0135,1.0501,289.43,245.21,0,0,429,739,0,22,0,0,NORMAL,0
INV-SYN-12997,TXN-SYN-12997,SUPP-PREC-04,BUYER-APEX-06,DB Schenker,1,65508.19,65646.17,0.0021,0.691,424.61,267.68,0,0,471,677,0,12,0,0,NORMAL,0
INV-SYN-12998,TXN-SYN-12998,SUPP-IND-05,BUYER-APEX-06,DB Schenker,1,173367.06,171490.47,-0.0108,1.0718,736.61,563.03,1,0,520,678,0,17,0,0,NORMAL,0
INV-SYN-12999,TXN-SYN-12999,SUPP-NEXUS-02,BUYER-GLOBAL-05,DB Schenker,1,81700.75,80145.44,-0.019,0.9429,792.91,603.21,0,0,430,665,0,6,0,0,NORMAL,0
INV-SYN-13000,TXN-SYN-13000,SUPP-NEXUS-02,BUYER-OMEGA-01,Maersk Ocean Freight,1,44459.09,44418.26,-0.0009,0.5226,805.67,630.51,0,0,431,740,0,18,0,0,NORMAL,0
INV-SYN-13001,TXN-SYN-13001,SUPP-GLOBAL-01,BUYER-APEX-06,FedEx International,1,94188.45,92486.57,-0.0181,0.7707,990.66,817.79,0,0,493,679,0,20,0,0,NORMAL,0
INV-SYN-13002,TXN-SYN-13002,SUPP-PREC-04,BUYER-VORTEX-02,FedEx International,1,85176.87,84630.43,-0.0064,0.8908,423.22,312.61,0,0,472,702,0,11,1,0,NORMAL,0
INV-SYN-13003,TXN-SYN-13003,SUPP-PACIFIC-08,BUYER-VORTEX-02,FedEx International,1,110394.14,111414.03,0.0092,1.4855,569.57,423.38,0,0,472,703,0,15,0,0,NORMAL,0
INV-SYN-13004,TXN-SYN-13004,SUPP-PACIFIC-08,BUYER-VORTEX-02,DHL Global Express,1,85435.37,85610.45,0.002,1.1415,836.44,653.01,0,0,473,704,0,4,0,1,NORMAL,0
INV-SYN-13005,TXN-SYN-13005,SUPP-IND-05,BUYER-VORTEX-02,FedEx International,1,106580.74,104645.23,-0.0182,0.654,492.0,350.9,1,0,521,705,0,15,1,0,NORMAL,0
INV-SYN-13006,TXN-SYN-13006,SUPP-NEXUS-02,BUYER-APEX-06,DB Schenker,1,95328.27,96000.68,0.0071,1.1294,350.61,299.93,0,0,432,680,0,18,0,0,NORMAL,0
INV-SYN-13007,TXN-SYN-13007,SUPP-TITAN-03,BUYER-GLOBAL-05,Maersk Ocean Freight,1,171688.72,169782.28,-0.0111,0.6064,520.82,333.18,1,0,501,666,0,23,0,1,NORMAL,0
INV-SYN-13008,TXN-SYN-13008,SUPP-PACIFIC-08,BUYER-OMEGA-01,Maersk Ocean Freight,1,95300.46,94193.58,-0.0116,1.2559,406.52,244.39,0,0,474,741,0,5,1,1,NORMAL,0
INV-SYN-13009,TXN-SYN-13009,SUPP-IND-05,BUYER-GLOBAL-05,DHL Global Express,1,141155.01,139818.43,-0.0095,0.8739,486.34,310.81,1,0,522,667,0,18,0,0,NORMAL,0
INV-SYN-13010,TXN-SYN-13010,SUPP-PHANTOM-07,BUYER-STEEL-03,None,0,100000.0,100000.0,0.0,0.2222,46.64,13.91,8,1,56,97,1,4,1,1,OFF_HOURS_ROUND_SUM,1
INV-SYN-13011,TXN-SYN-13011,SUPP-TITAN-03,BUYER-VORTEX-02,FedEx International,1,372805.77,372284.3,-0.0014,1.3296,566.61,520.47,1,0,502,706,0,6,0,0,NORMAL,0
INV-SYN-13012,TXN-SYN-13012,SUPP-TITAN-03,BUYER-GLOBAL-05,DHL Global Express,1,189898.55,186865.31,-0.016,0.6674,817.47,650.63,1,0,503,668,0,0,0,1,NORMAL,0
INV-SYN-13013,TXN-SYN-13013,SUPP-IND-05,BUYER-OMEGA-01,DHL Global Express,1,104115.27,104608.73,0.0047,0.6538,736.58,640.44,1,0,523,742,0,15,1,0,NORMAL,0
INV-SYN-13014,TXN-SYN-13014,SUPP-GLOBAL-01,BUYER-OMEGA-01,Maersk Ocean Freight,1,102492.02,101420.89,-0.0105,0.8452,434.59,348.74,0,0,494,743,0,15,0,0,NORMAL,0
INV-SYN-13015,TXN-SYN-13015,SUPP-IND-05,BUYER-VORTEX-02,Kuehne+Nagel Logistics,1,201535.15,203289.37,0.0087,1.2706,740.41,666.67,1,0,524,707,0,5,0,1,NORMAL,0
INV-SYN-13016,TXN-SYN-13016,SUPP-PREC-04,BUYER-APEX-06,FedEx International,1,58915.53,59107.66,0.0033,0.6222,503.92,379.03,0,0,473,681,0,7,0,0,NORMAL,0
INV-SYN-13017,TXN-SYN-13017,SUPP-PREC-04,BUYER-OMEGA-01,DB Schenker,1,27736.3,27258.85,-0.0172,0.2869,755.67,709.46,0,0,474,744,0,21,0,0,NORMAL,0
INV-SYN-13018,TXN-SYN-13018,SUPP-TITAN-03,BUYER-VORTEX-02,None,0,250000.0,250000.0,0.0,0.8929,41.29,6.58,1,0,504,708,1,2,0,1,OFF_HOURS_ROUND_SUM,1
INV-SYN-13019,TXN-SYN-13019,SUPP-PREC-04,BUYER-APEX-06,Kuehne+Nagel Logistics,1,108103.84,107603.49,-0.0046,1.1327,420.09,354.79,0,0,475,682,0,10,1,0,NORMAL,0
INV-SYN-13020,TXN-SYN-13020,SUPP-TITAN-03,BUYER-VORTEX-02,DHL Global Express,1,364018.32,359548.4,-0.0123,1.2841,913.17,803.44,1,0,505,709,0,14,0,0,NORMAL,0
INV-SYN-13021,TXN-SYN-13021,SUPP-PACIFIC-08,BUYER-APEX-06,DB Schenker,1,66315.72,66207.55,-0.0016,0.8828,650.93,500.79,0,0,475,683,0,23,1,1,NORMAL,0
INV-SYN-13022,TXN-SYN-13022,SUPP-TITAN-03,BUYER-GLOBAL-05,Kuehne+Nagel Logistics,1,251200.14,248053.28,-0.0125,0.8859,929.94,806.27,1,0,506,669,0,23,0,1,NORMAL,0
INV-SYN-13023,TXN-SYN-13023,SUPP-NEXUS-02,BUYER-GLOBAL-05,DHL Global Express,1,109520.39,108807.74,-0.0065,1.2801,654.43,586.57,0,0,433,670,0,2,1,1,NORMAL,0
INV-SYN-13024,TXN-SYN-13024,SUPP-TITAN-03,BUYER-VORTEX-02,DB Schenker,1,149118.08,149949.7,0.0056,0.5355,859.02,724.18,1,0,507,710,0,3,0,1,NORMAL,0
INV-SYN-13025,TXN-SYN-13025,SUPP-TITAN-03,BUYER-GLOBAL-05,DHL Global Express,1,252803.55,254733.68,0.0076,0.9098,556.83,389.24,1,0,508,671,0,6,0,0,NORMAL,0
INV-SYN-13026,TXN-SYN-13026,SUPP-PREC-04,BUYER-APEX-06,Kuehne+Nagel Logistics,1,99522.57,98157.71,-0.0137,1.0332,612.66,482.91,0,0,476,684,0,21,1,0,NORMAL,0
INV-SYN-13027,TXN-SYN-13027,SUPP-GLOBAL-01,BUYER-GLOBAL-05,DHL Global Express,1,133476.56,134020.75,0.0041,1.1168,380.17,262.58,0,0,495,672,0,10,1,0,NORMAL,0
INV-SYN-13028,TXN-SYN-13028,SUPP-IND-05,BUYER-GLOBAL-05,FedEx International,1,139607.73,139121.11,-0.0035,0.8695,984.87,800.74,1,0,525,673,0,7,0,0,NORMAL,0
INV-SYN-13029,TXN-SYN-13029,SUPP-TITAN-03,BUYER-APEX-06,Kuehne+Nagel Logistics,1,282410.87,281137.29,-0.0045,1.0041,697.07,593.43,1,0,509,685,0,12,1,0,NORMAL,0
INV-SYN-13030,TXN-SYN-13030,SUPP-IND-05,BUYER-GLOBAL-05,DHL Global Express,1,60466.91,59998.74,-0.0077,0.375,815.92,763.31,1,0,526,674,0,2,0,1,NORMAL,0
INV-SYN-13031,TXN-SYN-13031,SUPP-PREC-04,BUYER-OMEGA-01,DHL Global Express,1,79366.6,78400.38,-0.0122,0.8253,393.17,288.48,0,0,477,745,0,14,0,0,NORMAL,0
INV-SYN-13032,TXN-SYN-13032,SUPP-NEXUS-02,BUYER-GLOBAL-05,Kuehne+Nagel Logistics,1,94637.06,95444.57,0.0085,1.1229,483.02,301.58,0,0,434,675,0,8,0,0,NORMAL,0
INV-SYN-13033,TXN-SYN-13033,SUPP-PREC-04,BUYER-APEX-06,DHL Global Express,1,71670.52,71137.65,-0.0074,0.7488,781.12,631.57,0,0,478,686,0,16,1,0,NORMAL,0
INV-SYN-13034,TXN-SYN-13034,SUPP-GLOBAL-01,BUYER-APEX-06,Maersk Ocean Freight,1,121769.53,121840.98,0.0006,1.0153,492.42,396.46,0,0,496,687,0,10,0,0,NORMAL,0
INV-SYN-13035,TXN-SYN-13035,SUPP-PACIFIC-08,BUYER-VORTEX-02,Maersk Ocean Freight,1,83378.86,83447.97,0.0008,1.1126,793.68,606.42,0,0,476,711,0,18,1,0,NORMAL,0
INV-SYN-13036,TXN-SYN-13036,SUPP-PACIFIC-08,BUYER-APEX-06,Maersk Ocean Freight,1,68577.2,67879.77,-0.0102,0.9051,608.26,434.52,0,0,477,688,0,10,0,0,NORMAL,0
INV-SYN-13037,TXN-SYN-13037,SUPP-GLOBAL-01,BUYER-GLOBAL-05,FedEx International,1,125113.91,124145.01,-0.0077,1.0345,677.04,530.68,0,0,497,676,0,13,0,0,NORMAL,0
INV-SYN-13038,TXN-SYN-13038,SUPP-TITAN-03,BUYER-OMEGA-01,FedEx International,1,212608.72,212897.44,0.0014,0.7603,893.83,717.24,1,0,510,746,0,20,0,0,NORMAL,0
INV-SYN-13039,TXN-SYN-13039,SUPP-PREC-04,BUYER-OMEGA-01,Maersk Ocean Freight,1,90092.98,90191.2,0.0011,0.9494,848.62,720.92,0,0,479,747,0,8,1,0,NORMAL,0
INV-SYN-13040,TXN-SYN-13040,SUPP-GLOBAL-01,BUYER-GLOBAL-05,FedEx International,1,138306.49,139044.29,0.0053,1.1587,650.9,563.35,0,0,498,677,0,7,0,0,NORMAL,0
INV-SYN-13041,TXN-SYN-13041,SUPP-PACIFIC-08,BUYER-APEX-06,Maersk Ocean Freight,1,77943.24,76787.57,-0.0148,1.0238,643.21,548.5,0,0,478,689,0,3,0,1,NORMAL,0
INV-SYN-13042,TXN-SYN-13042,SUPP-GLOBAL-01,BUYER-APEX-06,DB Schenker,1,102404.06,101122.07,-0.0125,0.8427,523.6,386.7,0,0,499,690,0,20,0,0,NORMAL,0
INV-SYN-13043,TXN-SYN-13043,SUPP-PACIFIC-08,BUYER-APEX-06,FedEx International,1,79204.06,79682.86,0.006,1.0624,574.55,433.85,0,0,479,691,0,9,0,0,NORMAL,0
INV-SYN-13044,TXN-SYN-13044,SUPP-TITAN-03,BUYER-VORTEX-02,DHL Global Express,1,330022.69,331737.8,0.0052,1.1848,789.48,750.09,1,0,511,712,0,11,0,0,NORMAL,0
INV-SYN-13045,TXN-SYN-13045,SUPP-NEXUS-02,BUYER-APEX-06,DB Schenker,1,41438.75,41079.11,-0.0087,0.4833,717.13,629.11,0,0,435,692,0,19,1,0,NORMAL,0
INV-SYN-13046,TXN-SYN-13046,SUPP-GLOBAL-01,BUYER-GLOBAL-05,Kuehne+Nagel Logistics,1,154772.22,154015.61,-0.0049,1.2835,609.34,515.8,0,0,500,678,0,18,0,0,NORMAL,0
INV-SYN-13047,TXN-SYN-13047,SUPP-IND-05,BUYER-APEX-06,Maersk Ocean Freight,1,146549.81,143833.24,-0.0185,0.899,558.7,488.97,1,0,527,693,0,11,0,0,NORMAL,0
INV-SYN-13048,TXN-SYN-13048,SUPP-GLOBAL-01,BUYER-VORTEX-02,Maersk Ocean Freight,1,132764.7,130968.26,-0.0135,1.0914,450.2,366.77,0,0,501,713,0,15,0,0,NORMAL,0
INV-SYN-13049,TXN-SYN-13049,SUPP-IND-05,BUYER-GLOBAL-05,FedEx International,1,207889.88,208602.21,0.0034,1.3038,474.47,379.58,1,0,528,679,0,16,0,0,NORMAL,0
INV-SYN-13050,TXN-SYN-13050,SUPP-IND-05,BUYER-OMEGA-01,Kuehne+Nagel Logistics,1,105133.05,103505.19,-0.0155,0.6469,718.46,647.78,1,0,529,748,0,8,0,0,NORMAL,0
INV-SYN-13051,TXN-SYN-13051,SUPP-GLOBAL-01,BUYER-APEX-06,FedEx International,1,98716.77,98942.19,0.0023,0.8245,786.38,742.92,0,0,502,694,0,16,0,0,NORMAL,0
INV-SYN-13052,TXN-SYN-13052,SUPP-PREC-04,BUYER-GLOBAL-05,Kuehne+Nagel Logistics,1,88146.97,87328.95,-0.0093,0.9193,451.84,343.84,0,0,480,680,0,7,0,0,NORMAL,0
INV-SYN-13053,TXN-SYN-13053,SUPP-PREC-04,BUYER-VORTEX-02,Maersk Ocean Freight,1,76385.85,77019.55,0.0083,0.8107,763.31,657.97,0,0,481,714,0,17,1,0,NORMAL,0
INV-SYN-13054,TXN-SYN-13054,SUPP-IND-05,BUYER-APEX-06,Maersk Ocean Freight,1,229397.46,226632.99,-0.0121,1.4165,721.31,607.97,1,0,530,695,0,19,0,0,NORMAL,0
INV-SYN-13055,TXN-SYN-13055,SUPP-PACIFIC-08,BUYER-GLOBAL-05,Maersk Ocean Freight,1,58935.52,59420.47,0.0082,0.7923,489.93,323.0,0,0,480,681,0,18,0,0,NORMAL,0
INV-SYN-13056,TXN-SYN-13056,SUPP-IND-05,BUYER-QUICK-04,Kuehne+Nagel Logistics,1,137778.13,338472.44,1.4566,2.1155,383.41,260.15,1,5,531,122,0,9,0,0,AMOUNT_INFLATION,1
INV-SYN-13057,TXN-SYN-13057,SUPP-PREC-04,BUYER-APEX-06,Kuehne+Nagel Logistics,1,99854.24,98651.41,-0.012,1.0384,552.2,492.75,0,0,482,696,0,7,0,0,NORMAL,0
INV-SYN-13058,TXN-SYN-13058,SUPP-TITAN-03,BUYER-OMEGA-01,DHL Global Express,1,195849.53,194548.02,-0.0066,0.6948,352.78,285.62,1,0,512,749,0,10,0,0,NORMAL,0
INV-SYN-13059,TXN-SYN-13059,SUPP-PREC-04,BUYER-VORTEX-02,DHL Global Express,1,85602.58,84424.59,-0.0138,0.8887,846.29,713.26,0,0,483,715,0,12,0,0,NORMAL,0
INV-SYN-13060,TXN-SYN-13060,SUPP-PACIFIC-08,BUYER-OMEGA-01,Kuehne+Nagel Logistics,1,80952.25,80007.77,-0.0117,1.0668,504.79,463.56,0,0,481,750,0,16,0,0,NORMAL,0
INV-SYN-13061,TXN-SYN-13061,SUPP-TITAN-03,BUYER-VORTEX-02,FedEx International,1,256699.77,253802.95,-0.0113,0.9064,632.29,555.2,1,0,513,716,0,10,1,0,NORMAL,0
INV-SYN-13062,TXN-SYN-13062,SUPP-TITAN-03,BUYER-APEX-06,FedEx International,1,273462.92,270799.03,-0.0097,0.9671,823.08,758.95,1,0,514,697,0,23,0,1,NORMAL,0
INV-SYN-13063,TXN-SYN-13063,SUPP-NEXUS-02,BUYER-APEX-06,DHL Global Express,1,73751.69,72347.22,-0.019,0.8511,899.65,757.02,0,0,436,698,0,22,1,0,NORMAL,0
INV-SYN-13064,TXN-SYN-13064,SUPP-PHANTOM-07,BUYER-STEEL-03,None,0,467095.54,467095.54,0.0,1.038,3.13,-1.0,8,1,57,98,0,8,1,0,RAPID_GHOST_SETTLEMENT,1
INV-SYN-13065,TXN-SYN-13065,SUPP-SUSP-06,BUYER-OMEGA-01,DHL Global Express,1,877886.96,1009570.0,0.15,2.5886,89.1,56.77,6,0,62,751,0,12,1,0,SERIAL_COUNTERPARTY_SPIKE,1
INV-SYN-13066,TXN-SYN-13066,SUPP-TITAN-03,BUYER-VORTEX-02,Kuehne+Nagel Logistics,1,402845.32,400200.5,-0.0066,1.4293,676.78,495.83,1,0,515,717,0,22,0,0,NORMAL,0
INV-SYN-13067,TXN-SYN-13067,SUPP-TITAN-03,BUYER-GLOBAL-05,Kuehne+Nagel Logistics,1,281288.11,279249.19,-0.0072,0.9973,597.18,546.67,1,0,516,682,0,5,0,1,NORMAL,0
INV-SYN-13068,TXN-SYN-13068,SUPP-PACIFIC-08,BUYER-OMEGA-01,Kuehne+Nagel Logistics,1,79223.7,78736.22,-0.0062,1.0498,769.76,642.73,0,0,482,752,0,23,0,1,NORMAL,0
INV-SYN-13069,TXN-SYN-13069,SUPP-PREC-04,BUYER-VORTEX-02,FedEx International,1,111452.17,109276.03,-0.0195,1.1503,555.48,461.32,0,0,484,718,0,21,0,0,NORMAL,0
INV-SYN-13070,TXN-SYN-13070,SUPP-TITAN-03,BUYER-GLOBAL-05,FedEx International,1,191146.87,191004.87,-0.0007,0.6822,707.41,660.83,1,0,517,683,0,20,1,0,NORMAL,0
INV-SYN-13071,TXN-SYN-13071,SUPP-PACIFIC-08,BUYER-VORTEX-02,Kuehne+Nagel Logistics,1,106922.15,105362.63,-0.0146,1.4048,639.57,493.69,0,0,483,719,0,22,0,0,NORMAL,0
INV-SYN-13072,TXN-SYN-13072,SUPP-TITAN-03,BUYER-OMEGA-01,DB Schenker,1,294163.02,295676.57,0.0051,1.056,703.16,561.02,1,0,518,753,0,0,1,1,NORMAL,0
INV-SYN-13073,TXN-SYN-13073,SUPP-NEXUS-02,BUYER-VORTEX-02,DHL Global Express,1,119676.96,117480.15,-0.0184,1.3821,605.65,559.16,0,0,437,720,0,19,0,0,NORMAL,0
INV-SYN-13074,TXN-SYN-13074,SUPP-PREC-04,BUYER-OMEGA-01,FedEx International,1,77590.47,76754.5,-0.0108,0.8079,742.41,571.06,0,0,485,754,0,18,0,0,NORMAL,0
INV-SYN-13075,TXN-SYN-13075,SUPP-GLOBAL-01,BUYER-GLOBAL-05,Maersk Ocean Freight,1,174541.86,174929.25,0.0022,1.4577,602.1,513.12,0,0,503,684,0,11,1,0,NORMAL,0
INV-SYN-13076,TXN-SYN-13076,SUPP-TITAN-03,BUYER-VORTEX-02,DHL Global Express,1,334260.88,330857.91,-0.0102,1.1816,326.96,250.01,1,0,519,721,0,9,0,0,NORMAL,0
INV-SYN-13077,TXN-SYN-13077,SUPP-PACIFIC-08,BUYER-VORTEX-02,FedEx International,1,85369.5,84240.74,-0.0132,1.1232,857.69,742.98,0,0,484,722,0,21,0,0,NORMAL,0
INV-SYN-13078,TXN-SYN-13078,SUPP-GLOBAL-01,BUYER-APEX-06,Kuehne+Nagel Logistics,1,127020.73,128007.7,0.0078,1.0667,592.33,421.47,0,0,504,699,0,8,1,0,NORMAL,0
INV-SYN-13079,TXN-SYN-13079,SUPP-NEXUS-02,BUYER-OMEGA-01,FedEx International,1,79718.77,80321.46,0.0076,0.945,293.11,245.2,0,0,438,755,0,0,1,1,NORMAL,0
INV-SYN-13080,TXN-SYN-13080,SUPP-TITAN-03,BUYER-GLOBAL-05,Maersk Ocean Freight,1,364037.22,366593.15,0.007,1.3093,748.1,560.71,1,0,520,685,0,3,1,1,NORMAL,0
INV-SYN-13081,TXN-SYN-13081,SUPP-GLOBAL-01,BUYER-GLOBAL-05,DB Schenker,1,124210.8,124044.36,-0.0013,1.0337,577.06,458.81,0,0,505,686,0,19,1,0,NORMAL,0
INV-SYN-13082,TXN-SYN-13082,SUPP-NEXUS-02,BUYER-OMEGA-01,DB Schenker,1,43199.77,43116.37,-0.0019,0.5073,813.66,724.04,0,0,439,756,0,6,1,0,NORMAL,0
INV-SYN-13083,TXN-SYN-13083,SUPP-GLOBAL-01,BUYER-GLOBAL-05,FedEx International,1,86484.41,86512.3,0.0003,0.7209,1010.54,822.68,0,0,506,687,0,14,1,0,NORMAL,0
INV-SYN-13084,TXN-SYN-13084,SUPP-IND-05,BUYER-APEX-06,DHL Global Express,1,152566.17,153211.45,0.0042,0.9576,633.04,466.07,1,0,532,700,0,1,0,1,NORMAL,0
INV-SYN-13085,TXN-SYN-13085,SUPP-TITAN-03,BUYER-VORTEX-02,DB Schenker,1,301699.93,297526.22,-0.0138,1.0626,541.4,372.2,1,0,521,723,0,1,0,1,NORMAL,0
INV-SYN-13086,TXN-SYN-13086,SUPP-IND-05,BUYER-OMEGA-01,DHL Global Express,1,157736.46,157972.17,0.0015,0.9873,878.06,835.65,1,0,533,757,0,16,1,0,NORMAL,0
INV-SYN-13087,TXN-SYN-13087,SUPP-IND-05,BUYER-OMEGA-01,FedEx International,1,208758.83,210008.14,0.006,1.3126,727.64,662.15,1,0,534,758,0,23,1,1,NORMAL,0
INV-SYN-13088,TXN-SYN-13088,SUPP-NEXUS-02,BUYER-GLOBAL-05,Maersk Ocean Freight,1,43539.09,42802.58,-0.0169,0.5036,715.43,584.54,0,0,440,688,0,2,0,1,NORMAL,0
INV-SYN-13089,TXN-SYN-13089,SUPP-IND-05,BUYER-OMEGA-01,FedEx International,1,165743.52,256802.55,0.5494,1.605,387.43,289.99,1,0,535,759,0,7,0,0,AMOUNT_INFLATION,1
INV-SYN-13090,TXN-SYN-13090,SUPP-NEXUS-02,BUYER-GLOBAL-05,DHL Global Express,1,46367.94,45561.82,-0.0174,0.536,506.89,357.99,0,0,441,689,0,10,0,0,NORMAL,0
INV-SYN-13091,TXN-SYN-13091,SUPP-GLOBAL-01,BUYER-GLOBAL-05,DHL Global Express,1,142791.37,141462.09,-0.0093,1.1789,877.9,811.36,0,0,507,690,0,13,0,0,NORMAL,0
INV-SYN-13092,TXN-SYN-13092,SUPP-TITAN-03,BUYER-VORTEX-02,DHL Global Express,1,273387.89,268403.09,-0.0182,0.9586,593.81,509.87,1,0,522,724,0,3,1,1,NORMAL,0
INV-SYN-13093,TXN-SYN-13093,SUPP-IND-05,BUYER-OMEGA-01,Kuehne+Nagel Logistics,1,176784.4,173778.05,-0.017,1.0861,499.74,456.34,1,0,536,760,0,21,0,0,NORMAL,0
INV-SYN-13094,TXN-SYN-13094,SUPP-IND-05,BUYER-GLOBAL-05,Kuehne+Nagel Logistics,1,125444.68,124113.19,-0.0106,0.7757,489.66,382.43,1,0,537,691,0,2,0,1,NORMAL,0
INV-SYN-13095,TXN-SYN-13095,SUPP-TITAN-03,BUYER-GLOBAL-05,FedEx International,1,369562.55,365537.01,-0.0109,1.3055,756.74,598.58,1,0,523,692,0,8,0,0,NORMAL,0
INV-SYN-13096,TXN-SYN-13096,SUPP-GLOBAL-01,BUYER-VORTEX-02,Maersk Ocean Freight,1,151251.74,151012.19,-0.0016,1.2584,621.9,444.75,0,0,508,725,0,19,0,0,NORMAL,0
INV-SYN-13097,TXN-SYN-13097,SUPP-GLOBAL-01,BUYER-APEX-06,DHL Global Express,1,137506.33,135094.61,-0.0175,1.1258,386.17,253.74,0,0,509,701,0,2,0,1,NORMAL,0
INV-SYN-13098,TXN-SYN-13098,SUPP-GLOBAL-01,BUYER-APEX-06,DHL Global Express,1,116114.48,115117.76,-0.0086,0.9593,407.4,275.32,0,0,510,702,0,16,0,0,NORMAL,0
INV-SYN-13099,TXN-SYN-13099,SUPP-PACIFIC-08,BUYER-VORTEX-02,DHL Global Express,1,85872.32,84799.07,-0.0125,1.1307,643.51,482.7,0,0,485,726,0,13,0,0,NORMAL,0
INV-SYN-13100,TXN-SYN-13100,SUPP-NEXUS-02,BUYER-APEX-06,DHL Global Express,1,69978.53,70520.98,0.0078,0.8297,679.4,619.69,0,0,442,703,0,17,1,0,NORMAL,0
INV-SYN-13101,TXN-SYN-13101,SUPP-PREC-04,BUYER-GLOBAL-05,Kuehne+Nagel Logistics,1,115319.45,114404.19,-0.0079,1.2043,878.85,741.39,0,0,486,693,0,0,0,1,NORMAL,0
INV-SYN-13102,TXN-SYN-13102,SUPP-IND-05,BUYER-APEX-06,Maersk Ocean Freight,1,225979.24,221666.27,-0.0191,1.3854,604.14,537.94,1,0,538,704,0,23,0,1,NORMAL,0
INV-SYN-13103,TXN-SYN-13103,SUPP-PACIFIC-08,BUYER-OMEGA-01,FedEx International,1,95073.95,93204.19,-0.0197,1.2427,761.95,637.23,0,0,486,761,0,18,0,0,NORMAL,0
INV-SYN-13104,TXN-SYN-13104,SUPP-PACIFIC-08,BUYER-GLOBAL-05,Kuehne+Nagel Logistics,1,61319.95,61491.76,0.0028,0.8199,391.49,269.49,0,0,487,694,0,11,0,0,NORMAL,0
INV-SYN-13105,TXN-SYN-13105,SUPP-NEXUS-02,BUYER-VORTEX-02,Kuehne+Nagel Logistics,1,92680.12,90956.16,-0.0186,1.0701,924.4,787.72,0,0,443,727,0,13,0,0,NORMAL,0
INV-SYN-13106,TXN-SYN-13106,SUPP-TITAN-03,BUYER-GLOBAL-05,FedEx International,1,189480.09,189868.62,0.0021,0.6781,649.54,573.9,1,0,524,695,0,20,0,0,NORMAL,0
INV-SYN-13107,TXN-SYN-13107,SUPP-GLOBAL-01,BUYER-VORTEX-02,DHL Global Express,1,137171.71,134791.94,-0.0173,1.1233,526.92,438.71,0,0,511,728,0,17,0,0,NORMAL,0
INV-SYN-13108,TXN-SYN-13108,SUPP-IND-05,BUYER-OMEGA-01,DB Schenker,1,178024.14,175250.99,-0.0156,1.0953,614.21,479.66,1,0,539,762,0,10,0,0,NORMAL,0
INV-SYN-13109,TXN-SYN-13109,SUPP-PREC-04,BUYER-OMEGA-01,FedEx International,1,50591.86,49623.55,-0.0191,0.5224,556.73,397.29,0,0,487,763,0,1,1,1,NORMAL,0
INV-SYN-13110,TXN-SYN-13110,SUPP-PREC-04,BUYER-GLOBAL-05,Kuehne+Nagel Logistics,1,67407.63,67852.0,0.0066,0.7142,732.66,655.55,0,0,488,696,0,8,0,0,NORMAL,0
INV-SYN-13111,TXN-SYN-13111,SUPP-IND-05,BUYER-GLOBAL-05,DHL Global Express,1,148674.44,148285.98,-0.0026,0.9268,696.86,620.74,1,0,540,697,0,20,0,0,NORMAL,0
INV-SYN-13112,TXN-SYN-13112,SUPP-PACIFIC-08,BUYER-GLOBAL-05,DHL Global Express,1,69358.88,69975.35,0.0089,0.933,372.76,296.26,0,0,488,698,0,2,0,1,NORMAL,0
INV-SYN-13113,TXN-SYN-13113,SUPP-PREC-04,BUYER-GLOBAL-05,FedEx International,1,66274.92,65654.09,-0.0094,0.6911,710.51,548.89,0,0,489,699,0,12,1,0,NORMAL,0
INV-SYN-13114,TXN-SYN-13114,SUPP-PREC-04,BUYER-APEX-06,DB Schenker,1,104238.24,103344.66,-0.0086,1.0878,716.45,614.06,0,0,490,705,0,7,1,0,NORMAL,0
INV-SYN-13115,TXN-SYN-13115,SUPP-NEXUS-02,BUYER-OMEGA-01,FedEx International,1,90343.81,90323.04,-0.0002,1.0626,815.21,771.03,0,0,444,764,0,13,0,0,NORMAL,0
INV-SYN-13116,TXN-SYN-13116,SUPP-NEXUS-02,BUYER-OMEGA-01,FedEx International,1,80871.78,81661.79,0.0098,0.9607,734.31,573.61,0,0,445,765,0,16,1,0,NORMAL,0
INV-SYN-13117,TXN-SYN-13117,SUPP-GLOBAL-01,BUYER-GLOBAL-05,Kuehne+Nagel Logistics,1,97326.25,97099.84,-0.0023,0.8092,921.33,781.53,0,0,512,700,0,23,1,1,NORMAL,0
INV-SYN-13118,TXN-SYN-13118,SUPP-GLOBAL-01,BUYER-OMEGA-01,Maersk Ocean Freight,1,151461.21,148507.76,-0.0195,1.2376,841.47,754.1,0,0,513,766,0,3,1,1,NORMAL,0
INV-SYN-13119,TXN-SYN-13119,SUPP-IND-05,BUYER-GLOBAL-05,DB Schenker,1,226216.28,225493.2,-0.0032,1.4093,598.22,413.91,1,0,541,701,0,9,0,0,NORMAL,0
INV-SYN-13120,TXN-SYN-13120,SUPP-GLOBAL-01,BUYER-OMEGA-01,Maersk Ocean Freight,1,105493.16,105943.23,0.0043,0.8829,530.06,380.02,0,0,514,767,0,14,0,0,NORMAL,0
INV-SYN-13121,TXN-SYN-13121,SUPP-PREC-04,BUYER-VORTEX-02,Kuehne+Nagel Logistics,1,80461.04,80272.42,-0.0023,0.845,698.24,524.54,0,0,491,729,0,6,1,0,NORMAL,0
INV-SYN-13122,TXN-SYN-13122,SUPP-SUSP-06,BUYER-VORTEX-02,DB Schenker,1,808086.0,929298.9,0.15,2.3828,157.77,109.21,6,0,63,730,0,23,1,1,SERIAL_COUNTERPARTY_SPIKE,1
INV-SYN-13123,TXN-SYN-13123,SUPP-IND-05,BUYER-APEX-06,Maersk Ocean Freight,1,145678.82,145075.95,-0.0041,0.9067,624.15,468.0,1,0,542,706,0,6,1,0,NORMAL,0
INV-SYN-13124,TXN-SYN-13124,SUPP-PACIFIC-08,BUYER-VORTEX-02,DB Schenker,1,72386.3,71300.79,-0.015,0.9507,794.92,638.13,0,0,489,731,0,16,1,0,NORMAL,0
INV-SYN-13125,TXN-SYN-13125,SUPP-TITAN-03,BUYER-STEEL-03,FedEx International,1,331775.72,737921.3,1.2242,2.6354,234.17,175.53,1,1,525,99,0,5,0,1,AMOUNT_INFLATION,1
INV-SYN-13126,TXN-SYN-13126,SUPP-TITAN-03,BUYER-VORTEX-02,Kuehne+Nagel Logistics,1,146345.07,147361.92,0.0069,0.5263,677.33,561.11,1,0,526,732,0,2,0,1,NORMAL,0
INV-SYN-13127,TXN-SYN-13127,SUPP-TITAN-03,BUYER-APEX-06,DHL Global Express,1,372281.16,369409.06,-0.0077,1.3193,719.74,606.49,1,0,527,707,0,4,0,1,NORMAL,0
INV-SYN-13128,TXN-SYN-13128,SUPP-PREC-04,BUYER-GLOBAL-05,Maersk Ocean Freight,1,96726.16,96392.45,-0.0035,1.0147,791.26,680.44,0,0,492,702,0,5,0,1,NORMAL,0
INV-SYN-13129,TXN-SYN-13129,SUPP-IND-05,BUYER-GLOBAL-05,FedEx International,1,143540.27,142714.67,-0.0058,0.892,513.31,454.45,1,0,543,703,0,10,0,0,NORMAL,0
INV-SYN-13130,TXN-SYN-13130,SUPP-NEXUS-02,BUYER-OMEGA-01,Maersk Ocean Freight,1,83103.77,82245.42,-0.0103,0.9676,689.58,599.82,0,0,446,768,0,9,1,0,NORMAL,0
INV-SYN-13131,TXN-SYN-13131,SUPP-NEXUS-02,BUYER-APEX-06,DHL Global Express,1,84201.62,84307.39,0.0013,0.9919,1006.78,820.18,0,0,447,708,0,12,0,0,NORMAL,0
INV-SYN-13132,TXN-SYN-13132,SUPP-GLOBAL-01,BUYER-GLOBAL-05,FedEx International,1,68063.96,67490.4,-0.0084,0.5624,671.55,497.13,0,0,515,704,0,12,0,0,NORMAL,0
INV-SYN-13133,TXN-SYN-13133,SUPP-TITAN-03,BUYER-OMEGA-01,DB Schenker,1,384645.68,384475.44,-0.0004,1.3731,695.04,535.81,1,0,528,769,0,8,0,0,NORMAL,0
INV-SYN-13134,TXN-SYN-13134,SUPP-TITAN-03,BUYER-GLOBAL-05,Maersk Ocean Freight,1,282892.79,282438.42,-0.0016,1.0087,374.64,283.16,1,0,529,705,0,21,1,0,NORMAL,0
INV-SYN-13135,TXN-SYN-13135,SUPP-TITAN-03,BUYER-APEX-06,DB Schenker,1,311010.15,305831.14,-0.0167,1.0923,698.23,599.31,1,0,530,709,0,4,0,1,NORMAL,0
INV-SYN-13136,TXN-SYN-13136,SUPP-NEXUS-02,BUYER-OMEGA-01,Maersk Ocean Freight,1,105220.43,103273.29,-0.0185,1.215,866.88,681.84,0,0,448,770,0,18,1,0,NORMAL,0
INV-SYN-13137,TXN-SYN-13137,SUPP-NEXUS-02,BUYER-OMEGA-01,DHL Global Express,1,63300.3,62786.31,-0.0081,0.7387,357.42,291.52,0,0,449,771,0,3,1,1,NORMAL,0
INV-SYN-13138,TXN-SYN-13138,SUPP-PACIFIC-08,BUYER-GLOBAL-05,Maersk Ocean Freight,1,83877.6,83841.22,-0.0004,1.1179,386.97,326.75,0,0,490,706,0,6,0,0,NORMAL,0
INV-SYN-13139,TXN-SYN-13139,SUPP-IND-05,BUYER-GLOBAL-05,DB Schenker,1,149294.36,149855.17,0.0038,0.9366,409.97,340.44,1,0,544,707,0,10,0,0,NORMAL,0
INV-SYN-13140,TXN-SYN-13140,SUPP-PREC-04,BUYER-APEX-06,Maersk Ocean Freight,1,115110.81,114769.13,-0.003,1.2081,618.64,501.54,0,0,493,710,0,21,0,0,NORMAL,0
INV-SYN-13141,TXN-SYN-13141,SUPP-PACIFIC-08,BUYER-OMEGA-01,DHL Global Express,1,35114.49,35259.65,0.0041,0.4701,577.14,404.76,0,0,491,772,0,0,0,1,NORMAL,0
INV-SYN-13142,TXN-SYN-13142,SUPP-NEXUS-02,BUYER-VORTEX-02,Maersk Ocean Freight,1,82894.25,82612.95,-0.0034,0.9719,809.51,762.28,0,0,450,733,0,10,0,0,NORMAL,0
INV-SYN-13143,TXN-SYN-13143,SUPP-PREC-04,BUYER-VORTEX-02,Kuehne+Nagel Logistics,1,80683.01,81202.15,0.0064,0.8548,400.86,302.6,0,0,494,734,0,9,0,0,NORMAL,0
INV-SYN-13144,TXN-SYN-13144,SUPP-TITAN-03,BUYER-GLOBAL-05,FedEx International,1,310258.41,307932.98,-0.0075,1.0998,629.92,591.46,1,0,531,708,0,15,0,0,NORMAL,0
INV-SYN-13145,TXN-SYN-13145,SUPP-PREC-04,BUYER-OMEGA-01,Kuehne+Nagel Logistics,1,106163.55,105433.42,-0.0069,1.1098,789.3,619.8,0,0,495,773,0,8,0,0,NORMAL,0
INV-SYN-13146,TXN-SYN-13146,SUPP-NEXUS-02,BUYER-APEX-06,Kuehne+Nagel Logistics,1,69962.95,69884.16,-0.0011,0.8222,948.01,795.11,0,0,451,711,0,6,0,0,NORMAL,0
INV-SYN-13147,TXN-SYN-13147,SUPP-TITAN-03,BUYER-OMEGA-01,Maersk Ocean Freight,1,230147.83,230314.97,0.0007,0.8226,632.11,485.26,1,0,532,774,0,11,0,0,NORMAL,0
INV-SYN-13148,TXN-SYN-13148,SUPP-PACIFIC-08,BUYER-VORTEX-02,DHL Global Express,1,72925.02,72263.8,-0.0091,0.9635,810.33,767.69,0,0,492,735,0,17,0,0,NORMAL,0
INV-SYN-13149,TXN-SYN-13149,SUPP-TITAN-03,BUYER-GLOBAL-05,FedEx International,1,217235.04,218428.47,0.0055,0.7801,711.49,574.25,1,0,533,709,0,5,0,1,NORMAL,0
INV-SYN-13150,TXN-SYN-13150,SUPP-PACIFIC-08,BUYER-QUICK-04,Kuehne+Nagel Logistics,1,90787.19,218008.52,1.4013,2.9068,298.62,213.54,0,5,493,123,0,5,0,1,AMOUNT_INFLATION,1
INV-SYN-13151,TXN-SYN-13151,SUPP-IND-05,BUYER-GLOBAL-05,Kuehne+Nagel Logistics,1,145231.71,145121.4,-0.0008,0.907,319.17,241.52,1,0,545,710,0,8,1,0,NORMAL,0
INV-SYN-13152,TXN-SYN-13152,SUPP-IND-05,BUYER-OMEGA-01,DB Schenker,1,43720.47,43934.88,0.0049,0.2746,707.0,658.18,1,0,546,775,0,15,0,0,NORMAL,0
INV-SYN-13153,TXN-SYN-13153,SUPP-NEXUS-02,BUYER-QUICK-04,None,0,115614.99,115614.99,0.0,1.3602,3.6,-1.0,0,5,452,124,0,11,1,0,RAPID_GHOST_SETTLEMENT,1
INV-SYN-13154,TXN-SYN-13154,SUPP-TITAN-03,BUYER-OMEGA-01,FedEx International,1,207301.93,206912.3,-0.0019,0.739,705.08,643.31,1,0,534,776,0,4,1,1,NORMAL,0
INV-SYN-13155,TXN-SYN-13155,SUPP-SUSP-06,BUYER-STEEL-03,None,0,337683.16,337683.16,0.0,0.8659,3.4,-1.0,6,1,64,100,0,6,0,0,RAPID_GHOST_SETTLEMENT,1
INV-SYN-13156,TXN-SYN-13156,SUPP-PACIFIC-08,BUYER-APEX-06,Maersk Ocean Freight,1,51798.25,51453.7,-0.0067,0.686,680.09,589.41,0,0,494,712,0,14,0,0,NORMAL,0
INV-SYN-13157,TXN-SYN-13157,SUPP-GLOBAL-01,BUYER-APEX-06,Maersk Ocean Freight,1,123282.25,122022.84,-0.0102,1.0169,778.33,629.19,0,0,516,713,0,21,0,0,NORMAL,0
INV-SYN-13158,TXN-SYN-13158,SUPP-PACIFIC-08,BUYER-VORTEX-02,Kuehne+Nagel Logistics,1,99912.02,98830.72,-0.0108,1.3177,751.73,562.23,0,0,495,736,0,12,0,0,NORMAL,0
INV-SYN-13159,TXN-SYN-13159,SUPP-TITAN-03,BUYER-QUICK-04,None,0,533052.33,533052.33,0.0,1.9038,3.77,-1.0,1,5,535,125,0,20,0,0,RAPID_GHOST_SETTLEMENT,1
INV-SYN-13160,TXN-SYN-13160,SUPP-IND-05,BUYER-GLOBAL-05,Kuehne+Nagel Logistics,1,135739.86,136521.43,0.0058,0.8533,852.35,807.97,1,0,547,711,0,9,0,0,NORMAL,0
INV-SYN-13161,TXN-SYN-13161,SUPP-PACIFIC-08,BUYER-VORTEX-02,DB Schenker,1,83548.2,82159.34,-0.0166,1.0955,587.13,518.29,0,0,496,737,0,23,1,1,NORMAL,0
INV-SYN-13162,TXN-SYN-13162,SUPP-GLOBAL-01,BUYER-OMEGA-01,Maersk Ocean Freight,1,106227.29,104452.62,-0.0167,0.8704,701.57,517.41,0,0,517,777,0,2,1,1,NORMAL,0
INV-SYN-13163,TXN-SYN-13163,SUPP-NEXUS-02,BUYER-GLOBAL-05,Maersk Ocean Freight,1,70239.74,69388.78,-0.0121,0.8163,796.0,656.54,0,0,453,712,0,8,0,0,NORMAL,0
INV-SYN-13164,TXN-SYN-13164,SUPP-PREC-04,BUYER-VORTEX-02,DB Schenker,1,67583.89,68143.32,0.0083,0.7173,551.11,442.06,0,0,496,738,0,16,1,0,NORMAL,0
INV-SYN-13165,TXN-SYN-13165,SUPP-TITAN-03,BUYER-OMEGA-01,Kuehne+Nagel Logistics,1,157371.98,155500.97,-0.0119,0.5554,612.17,425.41,1,0,536,778,0,9,0,0,NORMAL,0
INV-SYN-13166,TXN-SYN-13166,SUPP-PREC-04,BUYER-GLOBAL-05,Maersk Ocean Freight,1,85739.31,84986.76,-0.0088,0.8946,400.37,330.99,0,0,497,713,0,19,0,0,NORMAL,0
INV-SYN-13167,TXN-SYN-13167,SUPP-NEXUS-02,BUYER-GLOBAL-05,DB Schenker,1,88358.64,87517.96,-0.0095,1.0296,750.21,711.45,0,0,454,714,0,15,0,0,NORMAL,0
INV-SYN-13168,TXN-SYN-13168,SUPP-TITAN-03,BUYER-APEX-06,DB Schenker,1,273236.34,270242.31,-0.011,0.9652,410.73,298.63,1,0,537,714,0,17,0,0,NORMAL,0
INV-SYN-13169,TXN-SYN-13169,SUPP-TITAN-03,BUYER-QUICK-04,FedEx International,1,250882.32,562778.93,1.2432,2.0099,284.24,196.83,1,5,538,126,0,8,0,0,AMOUNT_INFLATION,1
INV-SYN-13170,TXN-SYN-13170,SUPP-PACIFIC-08,BUYER-GLOBAL-05,Maersk Ocean Freight,1,57267.26,56638.32,-0.011,0.7552,588.81,480.27,0,0,497,715,0,15,0,0,NORMAL,0
INV-SYN-13171,TXN-SYN-13171,SUPP-IND-05,BUYER-APEX-06,Kuehne+Nagel Logistics,1,184329.85,181174.21,-0.0171,1.1323,791.47,641.66,1,0,548,715,0,10,1,0,NORMAL,0
INV-SYN-13172,TXN-SYN-13172,SUPP-PREC-04,BUYER-VORTEX-02,Maersk Ocean Freight,1,63718.12,62681.72,-0.0163,0.6598,673.63,583.14,0,0,498,739,0,11,0,0,NORMAL,0
INV-SYN-13173,TXN-SYN-13173,SUPP-GLOBAL-01,BUYER-VORTEX-02,Kuehne+Nagel Logistics,1,143280.84,141633.4,-0.0115,1.1803,409.61,262.25,0,0,518,740,0,0,0,1,NORMAL,0
INV-SYN-13174,TXN-SYN-13174,SUPP-PREC-04,BUYER-OMEGA-01,DHL Global Express,1,71197.35,71534.78,0.0047,0.753,567.79,516.07,0,0,499,779,0,2,0,1,NORMAL,0
INV-SYN-13175,TXN-SYN-13175,SUPP-IND-05,BUYER-OMEGA-01,DHL Global Express,1,129902.59,127457.75,-0.0188,0.7966,856.43,804.07,1,0,549,780,0,21,0,0,NORMAL,0
INV-SYN-13176,TXN-SYN-13176,SUPP-PREC-04,BUYER-GLOBAL-05,DB Schenker,1,60163.85,59842.96,-0.0053,0.6299,450.33,346.86,0,0,500,716,0,9,0,0,NORMAL,0
INV-SYN-13177,TXN-SYN-13177,SUPP-IND-05,BUYER-GLOBAL-05,FedEx International,1,139943.91,137555.91,-0.0171,0.8597,482.91,305.91,1,0,550,717,0,21,0,0,NORMAL,0
INV-SYN-13178,TXN-SYN-13178,SUPP-TITAN-03,BUYER-VORTEX-02,Kuehne+Nagel Logistics,1,348271.87,349358.31,0.0031,1.2477,687.14,507.1,1,0,539,741,0,20,0,0,NORMAL,0
INV-SYN-13179,TXN-SYN-13179,SUPP-PACIFIC-08,BUYER-VORTEX-02,FedEx International,1,84668.03,83477.45,-0.0141,1.113,563.64,460.81,0,0,498,742,0,9,1,0,NORMAL,0
INV-SYN-13180,TXN-SYN-13180,SUPP-PACIFIC-08,BUYER-GLOBAL-05,DHL Global Express,1,93345.41,93142.89,-0.0022,1.2419,555.77,512.67,0,0,499,718,0,5,1,1,NORMAL,0
INV-SYN-13181,TXN-SYN-13181,SUPP-NEXUS-02,BUYER-VORTEX-02,Maersk Ocean Freight,1,96095.53,94419.74,-0.0174,1.1108,801.49,732.16,0,0,455,743,0,13,1,0,NORMAL,0
INV-SYN-13182,TXN-SYN-13182,SUPP-NEXUS-02,BUYER-OMEGA-01,Maersk Ocean Freight,1,61547.02,60666.09,-0.0143,0.7137,469.14,338.98,0,0,456,781,0,1,1,1,NORMAL,0
INV-SYN-13183,TXN-SYN-13183,SUPP-IND-05,BUYER-STEEL-03,DHL Global Express,1,265524.73,305353.44,0.15,1.9085,117.03,1.76,1,1,551,101,0,13,0,0,SERIAL_COUNTERPARTY_SPIKE,1
INV-SYN-13184,TXN-SYN-13184,SUPP-PREC-04,BUYER-APEX-06,FedEx International,1,76470.27,183627.98,1.4013,1.9329,522.31,409.65,0,0,501,716,0,0,0,1,AMOUNT_INFLATION,1
INV-SYN-13185,TXN-SYN-13185,SUPP-PACIFIC-08,BUYER-APEX-06,DHL Global Express,1,99948.28,99630.6,-0.0032,1.3284,608.13,548.2,0,0,500,717,0,3,0,1,NORMAL,0
INV-SYN-13186,TXN-SYN-13186,SUPP-TITAN-03,BUYER-VORTEX-02,Kuehne+Nagel Logistics,1,196224.79,196240.81,0.0001,0.7009,798.88,725.87,1,0,540,744,0,20,0,0,NORMAL,0
INV-SYN-13187,TXN-SYN-13187,SUPP-TITAN-03,BUYER-OMEGA-01,Kuehne+Nagel Logistics,1,342558.84,340913.67,-0.0048,1.2175,652.62,497.5,1,0,541,782,0,22,0,0,NORMAL,0
INV-SYN-13188,TXN-SYN-13188,SUPP-IND-05,BUYER-OMEGA-01,FedEx International,1,195718.15,192545.1,-0.0162,1.2034,774.09,718.06,1,0,552,783,0,8,1,0,NORMAL,0
INV-SYN-13189,TXN-SYN-13189,SUPP-NEXUS-02,BUYER-OMEGA-01,FedEx International,1,123879.43,123846.01,-0.0003,1.457,809.34,723.06,0,0,457,784,0,12,0,0,NORMAL,0
INV-SYN-13190,TXN-SYN-13190,SUPP-GLOBAL-01,BUYER-OMEGA-01,FedEx International,1,107709.4,108107.01,0.0037,0.9009,867.0,745.74,0,0,519,785,0,16,0,0,NORMAL,0
INV-SYN-13191,TXN-SYN-13191,SUPP-IND-05,BUYER-GLOBAL-05,Maersk Ocean Freight,1,188492.89,189010.62,0.0027,1.1813,703.19,617.51,1,0,553,719,0,13,1,0,NORMAL,0
INV-SYN-13192,TXN-SYN-13192,SUPP-TITAN-03,BUYER-APEX-06,Maersk Ocean Freight,1,439715.63,440156.22,0.001,1.572,472.31,408.1,1,0,542,718,0,23,0,1,NORMAL,0
INV-SYN-13193,TXN-SYN-13193,SUPP-GLOBAL-01,BUYER-OMEGA-01,Maersk Ocean Freight,1,101470.75,101868.39,0.0039,0.8489,434.45,291.2,0,0,520,786,0,15,0,0,NORMAL,0
INV-SYN-13194,TXN-SYN-13194,SUPP-PREC-04,BUYER-APEX-06,FedEx International,1,58542.79,59069.16,0.009,0.6218,417.96,274.76,0,0,502,719,0,0,0,1,NORMAL,0
INV-SYN-13195,TXN-SYN-13195,SUPP-IND-05,BUYER-OMEGA-01,Kuehne+Nagel Logistics,1,84799.6,83654.1,-0.0135,0.5228,714.44,547.79,1,0,554,787,0,17,1,0,NORMAL,0
INV-SYN-13196,TXN-SYN-13196,SUPP-GLOBAL-01,BUYER-GLOBAL-05,FedEx International,1,141381.36,142536.87,0.0082,1.1878,416.07,339.49,0,0,521,720,0,3,0,1,NORMAL,0
INV-SYN-13197,TXN-SYN-13197,SUPP-GLOBAL-01,BUYER-GLOBAL-05,Maersk Ocean Freight,1,63505.49,62699.92,-0.0127,0.5225,898.76,824.87,0,0,522,721,0,4,1,1,NORMAL,0
INV-SYN-13198,TXN-SYN-13198,SUPP-GLOBAL-01,BUYER-OMEGA-01,Kuehne+Nagel Logistics,1,108830.43,107205.54,-0.0149,0.8934,315.15,246.85,0,0,523,788,0,3,0,1,NORMAL,0
INV-SYN-13199,TXN-SYN-13199,SUPP-GLOBAL-01,BUYER-APEX-06,Kuehne+Nagel Logistics,1,133119.4,132034.05,-0.0082,1.1003,349.13,267.73,0,0,524,720,0,5,0,1,NORMAL,0
INV-SYN-13200,TXN-SYN-13200,SUPP-IND-05,BUYER-OMEGA-01,DHL Global Express,1,167407.02,167380.57,-0.0002,1.0461,934.17,822.79,1,0,555,789,0,14,0,0,NORMAL,0
INV-SYN-13201,TXN-SYN-13201,SUPP-NEXUS-02,BUYER-APEX-06,Kuehne+Nagel Logistics,1,94040.7,94248.89,0.0022,1.1088,586.86,492.64,0,0,458,721,0,11,1,0,NORMAL,0
INV-SYN-13202,TXN-SYN-13202,SUPP-PREC-04,BUYER-OMEGA-01,FedEx International,1,100279.38,98831.97,-0.0144,1.0403,315.71,265.08,0,0,503,790,0,4,0,1,NORMAL,0
INV-SYN-13203,TXN-SYN-13203,SUPP-IND-05,BUYER-APEX-06,Kuehne+Nagel Logistics,1,211154.63,211091.94,-0.0003,1.3193,780.42,728.35,1,0,556,722,0,17,0,0,NORMAL,0
INV-SYN-13204,TXN-SYN-13204,SUPP-NEXUS-02,BUYER-OMEGA-01,Maersk Ocean Freight,1,64763.28,65075.01,0.0048,0.7656,693.85,632.6,0,0,459,791,0,9,1,0,NORMAL,0
INV-SYN-13205,TXN-SYN-13205,SUPP-PREC-04,BUYER-GLOBAL-05,DB Schenker,1,78921.37,78449.27,-0.006,0.8258,343.02,289.99,0,0,504,722,0,14,1,0,NORMAL,0
INV-SYN-13206,TXN-SYN-13206,SUPP-GLOBAL-01,BUYER-GLOBAL-05,DHL Global Express,1,96820.22,96872.56,0.0005,0.8073,544.13,472.14,0,0,525,723,0,16,1,0,NORMAL,0
INV-SYN-13207,TXN-SYN-13207,SUPP-TITAN-03,BUYER-OMEGA-01,DHL Global Express,1,338113.43,338647.5,0.0016,1.2095,530.79,377.68,1,0,543,792,0,16,1,0,NORMAL,0
INV-SYN-13208,TXN-SYN-13208,SUPP-NEXUS-02,BUYER-GLOBAL-05,DB Schenker,1,104133.47,105168.71,0.0099,1.2373,656.38,510.38,0,0,460,724,0,10,0,0,NORMAL,0
INV-SYN-13209,TXN-SYN-13209,SUPP-GLOBAL-01,BUYER-OMEGA-01,DB Schenker,1,133536.76,133820.1,0.0021,1.1152,394.21,299.9,0,0,526,793,0,0,0,1,NORMAL,0
INV-SYN-13210,TXN-SYN-13210,SUPP-PREC-04,BUYER-VORTEX-02,Maersk Ocean Freight,1,123107.97,122361.49,-0.0061,1.288,382.77,345.09,0,0,505,745,0,6,0,0,NORMAL,0
INV-SYN-13211,TXN-SYN-13211,SUPP-TITAN-03,BUYER-VORTEX-02,FedEx International,1,197537.14,195061.81,-0.0125,0.6966,885.18,708.58,1,0,544,746,0,9,1,0,NORMAL,0
INV-SYN-13212,TXN-SYN-13212,SUPP-TITAN-03,BUYER-VORTEX-02,Kuehne+Nagel Logistics,1,396705.69,388812.6,-0.0199,1.3886,646.01,582.83,1,0,545,747,0,1,0,1,NORMAL,0
INV-SYN-13213,TXN-SYN-13213,SUPP-GLOBAL-01,BUYER-APEX-06,DB Schenker,1,165697.16,163756.9,-0.0117,1.3646,416.78,379.14,0,0,527,723,0,19,0,0,NORMAL,0
INV-SYN-13214,TXN-SYN-13214,SUPP-TITAN-03,BUYER-VORTEX-02,DB Schenker,1,331493.54,333093.55,0.0048,1.1896,689.24,623.27,1,0,546,748,0,7,1,0,NORMAL,0
INV-SYN-13215,TXN-SYN-13215,SUPP-GLOBAL-01,BUYER-APEX-06,DHL Global Express,1,173453.97,171230.18,-0.0128,1.4269,689.35,528.01,0,0,528,724,0,14,0,0,NORMAL,0
INV-SYN-13216,TXN-SYN-13216,SUPP-TITAN-03,BUYER-GLOBAL-05,Maersk Ocean Freight,1,164036.38,161826.84,-0.0135,0.578,456.95,313.27,1,0,547,725,0,3,0,1,NORMAL,0
INV-SYN-13217,TXN-SYN-13217,SUPP-NEXUS-02,BUYER-OMEGA-01,FedEx International,1,73855.48,74388.75,0.0072,0.8752,941.89,786.53,0,0,461,794,0,21,0,0,NORMAL,0
INV-SYN-13218,TXN-SYN-13218,SUPP-NEXUS-02,BUYER-VORTEX-02,DB Schenker,1,69374.8,68674.99,-0.0101,0.8079,779.98,663.92,0,0,462,749,0,16,0,0,NORMAL,0
INV-SYN-13219,TXN-SYN-13219,SUPP-IND-05,BUYER-OMEGA-01,DB Schenker,1,188859.17,187001.97,-0.0098,1.1688,666.58,512.28,1,0,557,795,0,5,0,1,NORMAL,0
INV-SYN-13220,TXN-SYN-13220,SUPP-PHANTOM-07,BUYER-QUICK-04,None,0,372631.66,372631.66,0.0,0.8281,2.35,-1.0,8,5,58,127,0,0,0,1,RAPID_GHOST_SETTLEMENT,1
INV-SYN-13221,TXN-SYN-13221,SUPP-TITAN-03,BUYER-STEEL-03,Unregistered Logistics,1,750000.0,750000.0,0.0,2.6786,23.68,-0.2,1,1,548,102,1,3,0,1,OFF_HOURS_ROUND_SUM,1
INV-SYN-13222,TXN-SYN-13222,SUPP-NEXUS-02,BUYER-GLOBAL-05,DHL Global Express,1,114123.89,113375.98,-0.0066,1.3338,816.78,693.63,0,0,463,726,0,3,0,1,NORMAL,0
INV-SYN-13223,TXN-SYN-13223,SUPP-PREC-04,BUYER-APEX-06,DHL Global Express,1,111511.07,112176.8,0.006,1.1808,349.58,245.63,0,0,506,725,0,22,0,0,NORMAL,0
INV-SYN-13224,TXN-SYN-13224,SUPP-TITAN-03,BUYER-VORTEX-02,DB Schenker,1,299862.57,302337.12,0.0083,1.0798,857.77,719.42,1,0,549,750,0,13,0,0,NORMAL,0
INV-SYN-13225,TXN-SYN-13225,SUPP-PREC-04,BUYER-VORTEX-02,FedEx International,1,71538.01,71478.75,-0.0008,0.7524,376.46,266.76,0,0,507,751,0,2,0,1,NORMAL,0
INV-SYN-13226,TXN-SYN-13226,SUPP-NEXUS-02,BUYER-VORTEX-02,Kuehne+Nagel Logistics,1,67004.42,67254.84,0.0037,0.7912,592.75,440.0,0,0,464,752,0,16,0,0,NORMAL,0
INV-SYN-13227,TXN-SYN-13227,SUPP-PREC-04,BUYER-GLOBAL-05,Maersk Ocean Freight,1,124678.45,123457.67,-0.0098,1.2996,723.31,565.71,0,0,508,727,0,12,0,0,NORMAL,0
INV-SYN-13228,TXN-SYN-13228,SUPP-IND-05,BUYER-OMEGA-01,FedEx International,1,191173.96,191370.35,0.001,1.1961,935.6,746.22,1,0,558,796,0,2,0,1,NORMAL,0
INV-SYN-13229,TXN-SYN-13229,SUPP-IND-05,BUYER-OMEGA-01,Maersk Ocean Freight,1,158439.22,157109.99,-0.0084,0.9819,506.92,337.32,1,0,559,797,0,12,1,0,NORMAL,0
INV-SYN-13230,TXN-SYN-13230,SUPP-SUSP-06,BUYER-APEX-06,DHL Global Express,1,624986.07,718733.98,0.15,1.8429,80.61,46.51,6,0,65,726,0,4,0,1,SERIAL_COUNTERPARTY_SPIKE,1
INV-SYN-13231,TXN-SYN-13231,SUPP-IND-05,BUYER-APEX-06,Maersk Ocean Freight,1,78967.69,79475.72,0.0064,0.4967,583.48,491.0,1,0,560,727,0,10,0,0,NORMAL,0
INV-SYN-13232,TXN-SYN-13232,SUPP-PREC-04,BUYER-VORTEX-02,Kuehne+Nagel Logistics,1,69567.26,69825.18,0.0037,0.735,709.54,649.87,0,0,509,753,0,5,0,1,NORMAL,0
INV-SYN-13233,TXN-SYN-13233,SUPP-NEXUS-02,BUYER-GLOBAL-05,DHL Global Express,1,125617.66,124116.64,-0.0119,1.4602,885.21,694.93,0,0,465,728,0,22,0,0,NORMAL,0
INV-SYN-13234,TXN-SYN-13234,SUPP-IND-05,BUYER-OMEGA-01,DB Schenker,1,108781.78,107447.53,-0.0123,0.6715,897.87,754.96,1,0,561,798,0,12,0,0,NORMAL,0
INV-SYN-13235,TXN-SYN-13235,SUPP-PACIFIC-08,BUYER-APEX-06,DB Schenker,1,78552.75,78004.15,-0.007,1.0401,498.07,349.2,0,0,501,728,0,5,0,1,NORMAL,0
INV-SYN-13236,TXN-SYN-13236,SUPP-PACIFIC-08,BUYER-APEX-06,DB Schenker,1,93889.57,93474.77,-0.0044,1.2463,707.13,525.81,0,0,502,729,0,8,1,0,NORMAL,0
INV-SYN-13237,TXN-SYN-13237,SUPP-PHANTOM-07,BUYER-QUICK-04,Unregistered Logistics,1,450000.0,450000.0,0.0,1.0,14.94,-20.61,8,5,59,128,1,0,0,1,OFF_HOURS_ROUND_SUM,1
INV-SYN-13238,TXN-SYN-13238,SUPP-NEXUS-02,BUYER-APEX-06,Kuehne+Nagel Logistics,1,88925.1,87636.76,-0.0145,1.031,434.14,281.86,0,0,466,730,0,9,0,0,NORMAL,0
INV-SYN-13239,TXN-SYN-13239,SUPP-GLOBAL-01,BUYER-OMEGA-01,DHL Global Express,1,148137.47,148549.1,0.0028,1.2379,508.19,318.01,0,0,529,799,0,12,0,0,NORMAL,0
INV-SYN-13240,TXN-SYN-13240,SUPP-IND-05,BUYER-APEX-06,DB Schenker,1,160499.97,160471.19,-0.0002,1.0029,861.17,820.1,1,0,562,731,0,7,1,0,NORMAL,0
INV-SYN-13241,TXN-SYN-13241,SUPP-PACIFIC-08,BUYER-VORTEX-02,FedEx International,1,128782.56,126840.38,-0.0151,1.6912,337.18,271.13,0,0,503,754,0,14,0,0,NORMAL,0
INV-SYN-13242,TXN-SYN-13242,SUPP-IND-05,BUYER-QUICK-04,DHL Global Express,1,193047.14,222004.21,0.15,1.3875,231.92,127.81,1,5,563,129,0,4,0,1,SERIAL_COUNTERPARTY_SPIKE,1
INV-SYN-13243,TXN-SYN-13243,SUPP-PREC-04,BUYER-GLOBAL-05,DB Schenker,1,120144.8,120193.04,0.0004,1.2652,482.63,446.27,0,0,510,729,0,14,1,0,NORMAL,0
INV-SYN-13244,TXN-SYN-13244,SUPP-SUSP-06,BUYER-QUICK-04,None,0,566873.6,566873.6,0.0,1.4535,0.91,-1.0,6,5,66,130,0,20,0,0,RAPID_GHOST_SETTLEMENT,1
INV-SYN-13245,TXN-SYN-13245,SUPP-IND-05,BUYER-GLOBAL-05,Kuehne+Nagel Logistics,1,190876.81,191155.89,0.0015,1.1947,800.47,756.89,1,0,564,730,0,14,1,0,NORMAL,0
INV-SYN-13246,TXN-SYN-13246,SUPP-TITAN-03,BUYER-GLOBAL-05,DB Schenker,1,310891.5,312396.48,0.0048,1.1157,615.79,527.33,1,0,550,731,0,18,1,0,NORMAL,0
INV-SYN-13247,TXN-SYN-13247,SUPP-TITAN-03,BUYER-VORTEX-02,DB Schenker,1,228679.07,230704.11,0.0089,0.8239,844.53,709.98,1,0,551,755,0,2,0,1,NORMAL,0
INV-SYN-13248,TXN-SYN-13248,SUPP-TITAN-03,BUYER-VORTEX-02,DB Schenker,1,296029.75,298662.21,0.0089,1.0667,898.4,721.3,1,0,552,756,0,7,0,0,NORMAL,0
INV-SYN-13249,TXN-SYN-13249,SUPP-TITAN-03,BUYER-VORTEX-02,FedEx International,1,149946.9,148793.2,-0.0077,0.5314,650.06,459.1,1,0,553,757,0,14,0,0,NORMAL,0
INV-SYN-13250,TXN-SYN-13250,SUPP-GLOBAL-01,BUYER-APEX-06,DB Schenker,1,138097.43,139357.96,0.0091,1.1613,724.71,622.52,0,0,530,732,0,9,0,0,NORMAL,0
INV-SYN-13251,TXN-SYN-13251,SUPP-PREC-04,BUYER-APEX-06,DB Schenker,1,102081.26,100592.18,-0.0146,1.0589,882.25,810.57,0,0,511,733,0,21,0,0,NORMAL,0
INV-SYN-13252,TXN-SYN-13252,SUPP-NEXUS-02,BUYER-OMEGA-01,DHL Global Express,1,98571.53,96822.36,-0.0177,1.1391,723.82,612.86,0,0,467,800,0,0,1,1,NORMAL,0
INV-SYN-13253,TXN-SYN-13253,SUPP-PACIFIC-08,BUYER-GLOBAL-05,DB Schenker,1,94839.72,95686.99,0.0089,1.2758,885.32,705.41,0,0,504,732,0,17,1,0,NORMAL,0
INV-SYN-13254,TXN-SYN-13254,SUPP-PHANTOM-07,BUYER-QUICK-04,None,0,806851.76,927879.52,0.15,2.062,206.64,175.32,8,5,60,131,0,1,1,1,SERIAL_COUNTERPARTY_SPIKE,1
INV-SYN-13255,TXN-SYN-13255,SUPP-TITAN-03,BUYER-GLOBAL-05,Kuehne+Nagel Logistics,1,290366.26,286071.87,-0.0148,1.0217,952.95,789.43,1,0,554,733,0,12,0,0,NORMAL,0
INV-SYN-13256,TXN-SYN-13256,SUPP-IND-05,BUYER-APEX-06,FedEx International,1,124757.27,122692.0,-0.0166,0.7668,733.45,696.15,1,0,565,734,0,3,0,1,NORMAL,0
INV-SYN-13257,TXN-SYN-13257,SUPP-IND-05,BUYER-OMEGA-01,DHL Global Express,1,131511.17,128957.43,-0.0194,0.806,395.54,347.28,1,0,566,801,0,3,0,1,NORMAL,0
INV-SYN-13258,TXN-SYN-13258,SUPP-SUSP-06,BUYER-VORTEX-02,None,0,797385.02,797385.02,0.0,2.0446,3.79,-1.0,6,0,67,758,0,13,1,0,RAPID_GHOST_SETTLEMENT,1
INV-SYN-13259,TXN-SYN-13259,SUPP-PACIFIC-08,BUYER-OMEGA-01,Maersk Ocean Freight,1,101931.29,102606.42,0.0066,1.3681,900.56,808.27,0,0,505,802,0,6,0,0,NORMAL,0
INV-SYN-13260,TXN-SYN-13260,SUPP-GLOBAL-01,BUYER-APEX-06,DHL Global Express,1,112856.69,112286.61,-0.0051,0.9357,330.78,273.33,0,0,531,735,0,20,0,0,NORMAL,0
INV-SYN-13261,TXN-SYN-13261,SUPP-TITAN-03,BUYER-APEX-06,DHL Global Express,1,283220.19,284985.61,0.0062,1.0178,793.8,707.95,1,0,555,736,0,12,0,0,NORMAL,0
INV-SYN-13262,TXN-SYN-13262,SUPP-TITAN-03,BUYER-VORTEX-02,Maersk Ocean Freight,1,216676.99,216767.21,0.0004,0.7742,448.27,342.49,1,0,556,759,0,2,0,1,NORMAL,0
INV-SYN-13263,TXN-SYN-13263,SUPP-GLOBAL-01,BUYER-VORTEX-02,Maersk Ocean Freight,1,155182.71,153933.07,-0.0081,1.2828,526.49,415.41,0,0,532,760,0,20,0,0,NORMAL,0
INV-SYN-13264,TXN-SYN-13264,SUPP-IND-05,BUYER-VORTEX-02,Kuehne+Nagel Logistics,1,186616.67,186091.52,-0.0028,1.1631,419.16,325.06,1,0,567,761,0,16,0,0,NORMAL,0
INV-SYN-13265,TXN-SYN-13265,SUPP-NEXUS-02,BUYER-VORTEX-02,DHL Global Express,1,126250.87,126404.46,0.0012,1.4871,755.01,717.37,0,0,468,762,0,15,0,0,NORMAL,0
INV-SYN-13266,TXN-SYN-13266,SUPP-TITAN-03,BUYER-GLOBAL-05,Kuehne+Nagel Logistics,1,218517.38,218043.76,-0.0022,0.7787,603.0,531.26,1,0,557,734,0,23,0,1,NORMAL,0
INV-SYN-13267,TXN-SYN-13267,SUPP-TITAN-03,BUYER-GLOBAL-05,DHL Global Express,1,253539.45,249227.17,-0.017,0.8901,432.34,297.39,1,0,558,735,0,10,0,0,NORMAL,0
INV-SYN-13268,TXN-SYN-13268,SUPP-GLOBAL-01,BUYER-OMEGA-01,Kuehne+Nagel Logistics,1,126943.38,126294.77,-0.0051,1.0525,830.66,641.59,0,0,533,803,0,7,1,0,NORMAL,0
INV-SYN-13269,TXN-SYN-13269,SUPP-GLOBAL-01,BUYER-VORTEX-02,DB Schenker,1,139394.69,138996.54,-0.0029,1.1583,376.05,332.84,0,0,534,763,0,5,0,1,NORMAL,0
INV-SYN-13270,TXN-SYN-13270,SUPP-PACIFIC-08,BUYER-GLOBAL-05,DB Schenker,1,70956.23,70019.99,-0.0132,0.9336,569.28,509.98,0,0,506,736,0,6,0,0,NORMAL,0
INV-SYN-13271,TXN-SYN-13271,SUPP-SUSP-06,BUYER-STEEL-03,Unregistered Logistics,1,500000.0,500000.0,0.0,1.2821,62.42,17.68,6,1,68,103,1,1,1,1,OFF_HOURS_ROUND_SUM,1
INV-SYN-13272,TXN-SYN-13272,SUPP-PACIFIC-08,BUYER-GLOBAL-05,FedEx International,1,91526.39,91921.47,0.0043,1.2256,769.31,721.24,0,0,507,737,0,5,0,1,NORMAL,0
INV-SYN-13273,TXN-SYN-13273,SUPP-PACIFIC-08,BUYER-APEX-06,Kuehne+Nagel Logistics,1,88521.29,88348.34,-0.002,1.178,628.43,440.55,0,0,508,737,0,11,0,0,NORMAL,0
INV-SYN-13274,TXN-SYN-13274,SUPP-PREC-04,BUYER-GLOBAL-05,Maersk Ocean Freight,1,73238.49,72016.94,-0.0167,0.7581,948.35,788.84,0,0,512,738,0,16,0,0,NORMAL,0
INV-SYN-13275,TXN-SYN-13275,SUPP-PHANTOM-07,BUYER-GLOBAL-05,DB Schenker,1,958677.96,1102479.65,0.15,2.45,227.51,195.86,8,0,61,739,0,7,0,0,SERIAL_COUNTERPARTY_SPIKE,1
INV-SYN-13276,TXN-SYN-13276,SUPP-NEXUS-02,BUYER-OMEGA-01,Kuehne+Nagel Logistics,1,109866.72,109822.12,-0.0004,1.292,861.16,676.57,0,0,469,804,0,5,0,1,NORMAL,0
INV-SYN-13277,TXN-SYN-13277,SUPP-NEXUS-02,BUYER-APEX-06,Maersk Ocean Freight,1,87853.8,87311.97,-0.0062,1.0272,481.05,418.24,0,0,470,738,0,20,1,0,NORMAL,0
INV-SYN-13278,TXN-SYN-13278,SUPP-PACIFIC-08,BUYER-GLOBAL-05,DB Schenker,1,76492.46,76989.68,0.0065,1.0265,948.19,778.04,0,0,509,740,0,12,0,0,NORMAL,0
INV-SYN-13279,TXN-SYN-13279,SUPP-IND-05,BUYER-QUICK-04,Maersk Ocean Freight,1,182162.31,316633.11,0.7382,1.979,287.19,200.21,1,5,568,132,0,17,1,0,AMOUNT_INFLATION,1
INV-SYN-13280,TXN-SYN-13280,SUPP-IND-05,BUYER-OMEGA-01,FedEx International,1,125531.88,125331.22,-0.0016,0.7833,527.26,402.13,1,0,569,805,0,3,1,1,NORMAL,0
INV-SYN-13281,TXN-SYN-13281,SUPP-IND-05,BUYER-OMEGA-01,Kuehne+Nagel Logistics,1,161201.26,158583.49,-0.0162,0.9911,926.07,816.61,1,0,570,806,0,21,0,0,NORMAL,0
INV-SYN-13282,TXN-SYN-13282,SUPP-PACIFIC-08,BUYER-OMEGA-01,DHL Global Express,1,34642.81,34539.88,-0.003,0.4605,528.85,491.37,0,0,510,807,0,16,0,0,NORMAL,0
INV-SYN-13283,TXN-SYN-13283,SUPP-TITAN-03,BUYER-APEX-06,FedEx International,1,341351.9,338776.74,-0.0075,1.2099,564.24,483.31,1,0,559,739,0,23,0,1,NORMAL,0
INV-SYN-13284,TXN-SYN-13284,SUPP-PACIFIC-08,BUYER-VORTEX-02,DHL Global Express,1,45722.0,45166.52,-0.0121,0.6022,432.49,372.49,0,0,511,764,0,8,0,0,NORMAL,0
INV-SYN-13285,TXN-SYN-13285,SUPP-IND-05,BUYER-VORTEX-02,Maersk Ocean Freight,1,220136.79,220756.31,0.0028,1.3797,941.75,793.77,1,0,571,765,0,5,0,1,NORMAL,0
INV-SYN-13286,TXN-SYN-13286,SUPP-PACIFIC-08,BUYER-OMEGA-01,FedEx International,1,68810.25,68835.23,0.0004,0.9178,364.38,305.24,0,0,512,808,0,4,1,1,NORMAL,0
INV-SYN-13287,TXN-SYN-13287,SUPP-PACIFIC-08,BUYER-OMEGA-01,Maersk Ocean Freight,1,71031.24,70003.45,-0.0145,0.9334,851.3,786.87,0,0,513,809,0,23,0,1,NORMAL,0
INV-SYN-13288,TXN-SYN-13288,SUPP-TITAN-03,BUYER-APEX-06,DHL Global Express,1,236058.63,233662.11,-0.0102,0.8345,892.45,767.28,1,0,560,740,0,22,0,0,NORMAL,0
INV-SYN-13289,TXN-SYN-13289,SUPP-PACIFIC-08,BUYER-OMEGA-01,FedEx International,1,69599.27,68470.11,-0.0162,0.9129,501.68,370.46,0,0,514,810,0,22,0,0,NORMAL,0
INV-SYN-13290,TXN-SYN-13290,SUPP-TITAN-03,BUYER-GLOBAL-05,DB Schenker,1,379297.19,375195.18,-0.0108,1.34,683.06,622.42,1,0,561,741,0,21,1,0,NORMAL,0
INV-SYN-13291,TXN-SYN-13291,SUPP-PACIFIC-08,BUYER-GLOBAL-05,Kuehne+Nagel Logistics,1,28353.59,28368.67,0.0005,0.3782,890.72,712.51,0,0,515,742,0,7,0,0,NORMAL,0
INV-SYN-13292,TXN-SYN-13292,SUPP-GLOBAL-01,BUYER-GLOBAL-05,FedEx International,1,158308.96,157969.21,-0.0021,1.3164,657.95,498.77,0,0,535,743,0,7,0,0,NORMAL,0
INV-SYN-13293,TXN-SYN-13293,SUPP-NEXUS-02,BUYER-GLOBAL-05,DHL Global Express,1,92183.0,92494.69,0.0034,1.0882,364.44,265.62,0,0,471,744,0,14,0,0,NORMAL,0
INV-SYN-13294,TXN-SYN-13294,SUPP-NEXUS-02,BUYER-VORTEX-02,DHL Global Express,1,59350.79,58192.08,-0.0195,0.6846,541.31,499.39,0,0,472,766,0,15,0,0,NORMAL,0
INV-SYN-13295,TXN-SYN-13295,SUPP-PHANTOM-07,BUYER-QUICK-04,FedEx International,1,609446.41,700863.37,0.15,1.5575,190.55,85.72,8,5,62,133,0,20,0,0,SERIAL_COUNTERPARTY_SPIKE,1
INV-SYN-13296,TXN-SYN-13296,SUPP-TITAN-03,BUYER-GLOBAL-05,FedEx International,1,397347.51,390026.35,-0.0184,1.393,804.47,624.78,1,0,562,745,0,12,1,0,NORMAL,0
INV-SYN-13297,TXN-SYN-13297,SUPP-GLOBAL-01,BUYER-APEX-06,DHL Global Express,1,91634.79,91447.92,-0.002,0.7621,829.79,680.82,0,0,536,741,0,7,0,0,NORMAL,0
INV-SYN-13298,TXN-SYN-13298,SUPP-PREC-04,BUYER-GLOBAL-05,DB Schenker,1,67607.93,66798.61,-0.012,0.7031,482.93,357.87,0,0,513,746,0,14,1,0,NORMAL,0
INV-SYN-13299,TXN-SYN-13299,SUPP-NEXUS-02,BUYER-APEX-06,DB Schenker,1,109167.93,107892.34,-0.0117,1.2693,928.25,759.08,0,0,473,742,0,6,0,0,NORMAL,0
INV-SYN-13300,TXN-SYN-13300,SUPP-PACIFIC-08,BUYER-GLOBAL-05,Maersk Ocean Freight,1,81347.87,80865.01,-0.0059,1.0782,658.25,514.0,0,0,516,747,0,0,1,1,NORMAL,0
INV-SYN-13301,TXN-SYN-13301,SUPP-NEXUS-02,BUYER-OMEGA-01,FedEx International,1,65069.08,64248.44,-0.0126,0.7559,588.08,406.34,0,0,474,811,0,11,0,0,NORMAL,0
INV-SYN-13302,TXN-SYN-13302,SUPP-NEXUS-02,BUYER-VORTEX-02,DHL Global Express,1,89603.28,90461.04,0.0096,1.0642,849.08,747.08,0,0,475,767,0,23,0,1,NORMAL,0
INV-SYN-13303,TXN-SYN-13303,SUPP-NEXUS-02,BUYER-GLOBAL-05,DB Schenker,1,63202.76,63708.52,0.008,0.7495,602.62,563.24,0,0,476,748,0,20,0,0,NORMAL,0
INV-SYN-13304,TXN-SYN-13304,SUPP-NEXUS-02,BUYER-APEX-06,Maersk Ocean Freight,1,108392.45,107010.64,-0.0127,1.2589,879.62,789.51,0,0,477,743,0,22,0,0,NORMAL,0
INV-SYN-13305,TXN-SYN-13305,SUPP-PREC-04,BUYER-OMEGA-01,DHL Global Express,1,120207.56,120765.92,0.0046,1.2712,619.44,532.48,0,0,514,812,0,22,0,0,NORMAL,0
INV-SYN-13306,TXN-SYN-13306,SUPP-GLOBAL-01,BUYER-GLOBAL-05,DHL Global Express,1,135960.19,134563.6,-0.0103,1.1214,892.42,722.38,0,0,537,749,0,0,1,1,NORMAL,0
INV-SYN-13307,TXN-SYN-13307,SUPP-TITAN-03,BUYER-OMEGA-01,Maersk Ocean Freight,1,305316.27,300605.05,-0.0154,1.0736,944.81,807.78,1,0,563,813,0,7,0,0,NORMAL,0
INV-SYN-13308,TXN-SYN-13308,SUPP-PREC-04,BUYER-GLOBAL-05,Maersk Ocean Freight,1,136828.22,136528.83,-0.0022,1.4371,813.89,753.51,0,0,515,750,0,16,0,0,NORMAL,0
INV-SYN-13309,TXN-SYN-13309,SUPP-NEXUS-02,BUYER-GLOBAL-05,Kuehne+Nagel Logistics,1,84993.33,85335.3,0.004,1.0039,743.97,702.42,0,0,478,751,0,22,0,0,NORMAL,0
INV-SYN-13310,TXN-SYN-13310,SUPP-GLOBAL-01,BUYER-OMEGA-01,Maersk Ocean Freight,1,84543.78,84938.5,0.0047,0.7078,932.36,782.05,0,0,538,814,0,4,0,1,NORMAL,0
INV-SYN-13311,TXN-SYN-13311,SUPP-TITAN-03,BUYER-VORTEX-02,DHL Global Express,1,311463.17,308131.08,-0.0107,1.1005,795.8,609.88,1,0,564,768,0,6,0,0,NORMAL,0
INV-SYN-13312,TXN-SYN-13312,SUPP-PREC-04,BUYER-OMEGA-01,Maersk Ocean Freight,1,144543.62,143808.81,-0.0051,1.5138,691.71,537.71,0,0,516,815,0,1,0,1,NORMAL,0
INV-SYN-13313,TXN-SYN-13313,SUPP-PHANTOM-07,BUYER-STEEL-03,None,0,599964.98,599964.98,0.0,1.3333,2.34,-1.0,8,1,63,104,0,5,1,1,RAPID_GHOST_SETTLEMENT,1
INV-SYN-13314,TXN-SYN-13314,SUPP-PHANTOM-07,BUYER-QUICK-04,Maersk Ocean Freight,1,409335.44,868631.77,1.1221,1.9303,572.81,441.04,8,5,64,134,0,15,0,0,AMOUNT_INFLATION,1
INV-SYN-13315,TXN-SYN-13315,SUPP-PACIFIC-08,BUYER-APEX-06,DHL Global Express,1,82808.36,81478.68,-0.0161,1.0864,687.26,514.92,0,0,517,744,0,4,1,1,NORMAL,0
INV-SYN-13316,TXN-SYN-13316,SUPP-GLOBAL-01,BUYER-GLOBAL-05,DB Schenker,1,118382.85,116561.56,-0.0154,0.9713,720.76,635.72,0,0,539,752,0,19,1,0,NORMAL,0
INV-SYN-13317,TXN-SYN-13317,SUPP-IND-05,BUYER-GLOBAL-05,DHL Global Express,1,120707.86,119814.72,-0.0074,0.7488,529.12,423.64,1,0,572,753,0,21,1,0,NORMAL,0
INV-SYN-13318,TXN-SYN-13318,SUPP-PACIFIC-08,BUYER-VORTEX-02,DB Schenker,1,96034.83,95331.25,-0.0073,1.2711,443.63,265.22,0,0,518,769,0,21,0,0,NORMAL,0
INV-SYN-13319,TXN-SYN-13319,SUPP-IND-05,BUYER-OMEGA-01,Kuehne+Nagel Logistics,1,252801.63,248342.06,-0.0176,1.5521,760.03,679.64,1,0,573,816,0,0,0,1,NORMAL,0
INV-SYN-13320,TXN-SYN-13320,SUPP-GLOBAL-01,BUYER-VORTEX-02,DB Schenker,1,125883.94,125200.11,-0.0054,1.0433,690.46,574.36,0,0,540,770,0,1,1,1,NORMAL,0
INV-SYN-13321,TXN-SYN-13321,SUPP-IND-05,BUYER-VORTEX-02,DHL Global Express,1,123837.27,124329.83,0.004,0.7771,647.27,471.52,1,0,574,771,0,23,0,1,NORMAL,0
INV-SYN-13322,TXN-SYN-13322,SUPP-NEXUS-02,BUYER-OMEGA-01,Maersk Ocean Freight,1,52084.59,51837.07,-0.0048,0.6098,439.56,293.16,0,0,479,817,0,18,0,0,NORMAL,0
INV-SYN-13323,TXN-SYN-13323,SUPP-PACIFIC-08,BUYER-GLOBAL-05,Maersk Ocean Freight,1,79837.05,80470.07,0.0079,1.0729,659.76,616.63,0,0,519,754,0,10,0,0,NORMAL,0
INV-SYN-13324,TXN-SYN-13324,SUPP-PACIFIC-08,BUYER-APEX-06,FedEx International,1,95697.7,94932.86,-0.008,1.2658,590.98,468.12,0,0,520,745,0,8,0,0,NORMAL,0
INV-SYN-13325,TXN-SYN-13325,SUPP-NEXUS-02,BUYER-OMEGA-01,FedEx International,1,95097.31,95903.49,0.0085,1.1283,881.94,734.47,0,0,480,818,0,13,0,0,NORMAL,0
INV-SYN-13326,TXN-SYN-13326,SUPP-PACIFIC-08,BUYER-OMEGA-01,FedEx International,1,74954.93,75577.74,0.0083,1.0077,700.66,619.36,0,0,521,819,0,1,0,1,NORMAL,0
INV-SYN-13327,TXN-SYN-13327,SUPP-PREC-04,BUYER-VORTEX-02,FedEx International,1,81004.8,80071.75,-0.0115,0.8429,785.0,676.29,0,0,517,772,0,23,0,1,NORMAL,0
INV-SYN-13328,TXN-SYN-13328,SUPP-PACIFIC-08,BUYER-OMEGA-01,DB Schenker,1,54521.93,53794.52,-0.0133,0.7173,661.98,506.07,0,0,522,820,0,0,0,1,NORMAL,0
INV-SYN-13329,TXN-SYN-13329,SUPP-IND-05,BUYER-GLOBAL-05,DB Schenker,1,193390.05,191003.44,-0.0123,1.1938,757.58,569.17,1,0,575,755,0,15,1,0,NORMAL,0
INV-SYN-13330,TXN-SYN-13330,SUPP-PREC-04,BUYER-APEX-06,DB Schenker,1,116702.08,115279.06,-0.0122,1.2135,372.2,261.19,0,0,518,746,0,8,0,0,NORMAL,0
INV-SYN-13331,TXN-SYN-13331,SUPP-PREC-04,BUYER-APEX-06,DHL Global Express,1,58288.92,58387.81,0.0017,0.6146,867.15,761.04,0,0,519,747,0,23,0,1,NORMAL,0
INV-SYN-13332,TXN-SYN-13332,SUPP-TITAN-03,BUYER-APEX-06,Kuehne+Nagel Logistics,1,391288.73,384449.02,-0.0175,1.373,350.73,267.26,1,0,565,748,0,6,0,0,NORMAL,0
INV-SYN-13333,TXN-SYN-13333,SUPP-SUSP-06,BUYER-VORTEX-02,None,0,779688.21,779688.21,0.0,1.9992,0.9,-1.0,6,0,69,773,0,16,0,0,RAPID_GHOST_SETTLEMENT,1
INV-SYN-13334,TXN-SYN-13334,SUPP-GLOBAL-01,BUYER-APEX-06,DHL Global Express,1,161987.84,163277.25,0.008,1.3606,359.36,320.82,0,0,541,749,0,10,0,0,NORMAL,0
INV-SYN-13335,TXN-SYN-13335,SUPP-IND-05,BUYER-GLOBAL-05,Kuehne+Nagel Logistics,1,106314.89,106607.54,0.0028,0.6663,731.48,662.1,1,0,576,756,0,5,1,1,NORMAL,0
INV-SYN-13336,TXN-SYN-13336,SUPP-PREC-04,BUYER-VORTEX-02,DB Schenker,1,62561.68,61685.93,-0.014,0.6493,623.67,528.62,0,0,520,774,0,6,0,0,NORMAL,0
INV-SYN-13337,TXN-SYN-13337,SUPP-IND-05,BUYER-VORTEX-02,Kuehne+Nagel Logistics,1,154041.23,151458.26,-0.0168,0.9466,724.15,643.98,1,0,577,775,0,22,0,0,NORMAL,0
INV-SYN-13338,TXN-SYN-13338,SUPP-GLOBAL-01,BUYER-OMEGA-01,Maersk Ocean Freight,1,135083.53,135075.91,-0.0001,1.1256,870.79,813.18,0,0,542,821,0,3,0,1,NORMAL,0
INV-SYN-13339,TXN-SYN-13339,SUPP-TITAN-03,BUYER-GLOBAL-05,Maersk Ocean Freight,1,405745.26,405642.01,-0.0003,1.4487,785.41,593.91,1,0,566,757,0,12,1,0,NORMAL,0
INV-SYN-13340,TXN-SYN-13340,SUPP-GLOBAL-01,BUYER-OMEGA-01,FedEx International,1,141182.37,140841.34,-0.0024,1.1737,702.7,580.82,0,0,543,822,0,3,1,1,NORMAL,0
INV-SYN-13341,TXN-SYN-13341,SUPP-PREC-04,BUYER-APEX-06,FedEx International,1,89236.32,88085.8,-0.0129,0.9272,541.47,425.91,0,0,521,750,0,16,0,0,NORMAL,0
INV-SYN-13342,TXN-SYN-13342,SUPP-GLOBAL-01,BUYER-APEX-06,Maersk Ocean Freight,1,89208.92,87965.88,-0.0139,0.733,549.03,389.24,0,0,544,751,0,1,0,1,NORMAL,0
INV-SYN-13343,TXN-SYN-13343,SUPP-NEXUS-02,BUYER-OMEGA-01,Maersk Ocean Freight,1,111137.51,110849.43,-0.0026,1.3041,415.84,334.43,0,0,481,823,0,12,1,0,NORMAL,0
INV-SYN-13344,TXN-SYN-13344,SUPP-TITAN-03,BUYER-VORTEX-02,Maersk Ocean Freight,1,212470.62,211355.48,-0.0052,0.7548,491.7,303.81,1,0,567,776,0,5,0,1,NORMAL,0
INV-SYN-13345,TXN-SYN-13345,SUPP-IND-05,BUYER-APEX-06,FedEx International,1,225138.74,222469.52,-0.0119,1.3904,700.91,547.19,1,0,578,752,0,3,1,1,NORMAL,0
INV-SYN-13346,TXN-SYN-13346,SUPP-PREC-04,BUYER-VORTEX-02,FedEx International,1,88245.86,87862.53,-0.0043,0.9249,487.72,327.16,0,0,522,777,0,15,1,0,NORMAL,0
INV-SYN-13347,TXN-SYN-13347,SUPP-NEXUS-02,BUYER-APEX-06,FedEx International,1,118799.87,118675.73,-0.001,1.3962,361.12,316.44,0,0,482,753,0,11,0,0,NORMAL,0
INV-SYN-13348,TXN-SYN-13348,SUPP-GLOBAL-01,BUYER-VORTEX-02,Kuehne+Nagel Logistics,1,140367.94,141577.59,0.0086,1.1798,728.21,686.13,0,0,545,778,0,21,1,0,NORMAL,0
INV-SYN-13349,TXN-SYN-13349,SUPP-PREC-04,BUYER-OMEGA-01,DB Schenker,1,91746.36,90128.36,-0.0176,0.9487,775.51,681.95,0,0,523,824,0,6,0,0,NORMAL,0
INV-SYN-13350,TXN-SYN-13350,SUPP-TITAN-03,BUYER-OMEGA-01,DB Schenker,1,243642.25,244988.43,0.0055,0.875,831.43,769.54,1,0,568,825,0,9,0,0,NORMAL,0
INV-SYN-13351,TXN-SYN-13351,SUPP-TITAN-03,BUYER-QUICK-04,FedEx International,1,256136.45,596098.89,1.3273,2.1289,364.49,295.61,1,5,569,135,0,23,1,1,AMOUNT_INFLATION,1
INV-SYN-13352,TXN-SYN-13352,SUPP-IND-05,BUYER-GLOBAL-05,DB Schenker,1,177132.67,176172.15,-0.0054,1.1011,705.94,574.12,1,0,579,758,0,6,0,0,NORMAL,0
INV-SYN-13353,TXN-SYN-13353,SUPP-NEXUS-02,BUYER-APEX-06,Maersk Ocean Freight,1,86639.58,85272.07,-0.0158,1.0032,834.46,737.48,0,0,483,754,0,20,0,0,NORMAL,0
INV-SYN-13354,TXN-SYN-13354,SUPP-TITAN-03,BUYER-GLOBAL-05,Maersk Ocean Freight,1,238433.2,233770.49,-0.0196,0.8349,717.42,656.45,1,0,570,759,0,19,1,0,NORMAL,0
INV-SYN-13355,TXN-SYN-13355,SUPP-NEXUS-02,BUYER-GLOBAL-05,DHL Global Express,1,81480.33,81895.21,0.0051,0.9635,452.45,386.59,0,0,484,760,0,23,0,1,NORMAL,0
INV-SYN-13356,TXN-SYN-13356,SUPP-PREC-04,BUYER-VORTEX-02,DHL Global Express,1,96866.2,95801.26,-0.011,1.0084,785.04,742.56,0,0,524,779,0,12,0,0,NORMAL,0
INV-SYN-13357,TXN-SYN-13357,SUPP-GLOBAL-01,BUYER-OMEGA-01,DB Schenker,1,56137.98,55655.63,-0.0086,0.4638,822.69,727.3,0,0,546,826,0,3,1,1,NORMAL,0
INV-SYN-13358,TXN-SYN-13358,SUPP-TITAN-03,BUYER-OMEGA-01,DHL Global Express,1,312071.77,308157.17,-0.0125,1.1006,595.45,469.94,1,0,571,827,0,10,0,0,NORMAL,0
INV-SYN-13359,TXN-SYN-13359,SUPP-PHANTOM-07,BUYER-OMEGA-01,DB Schenker,1,339781.36,783346.27,1.3054,1.7408,291.27,165.07,8,0,65,828,0,1,0,1,AMOUNT_INFLATION,1
INV-SYN-13360,TXN-SYN-13360,SUPP-TITAN-03,BUYER-APEX-06,Maersk Ocean Freight,1,199266.73,199325.76,0.0003,0.7119,734.08,675.77,1,0,572,755,0,9,0,0,NORMAL,0
INV-SYN-13361,TXN-SYN-13361,SUPP-PREC-04,BUYER-VORTEX-02,DHL Global Express,1,54925.57,55423.45,0.0091,0.5834,478.93,408.54,0,0,525,780,0,14,0,0,NORMAL,0
INV-SYN-13362,TXN-SYN-13362,SUPP-NEXUS-02,BUYER-OMEGA-01,DB Schenker,1,46879.78,46098.1,-0.0167,0.5423,789.92,620.09,0,0,485,829,0,16,1,0,NORMAL,0
INV-SYN-13363,TXN-SYN-13363,SUPP-TITAN-03,BUYER-OMEGA-01,FedEx International,1,185118.67,183314.54,-0.0097,0.6547,383.35,333.94,1,0,573,830,0,15,1,0,NORMAL,0
INV-SYN-13364,TXN-SYN-13364,SUPP-PACIFIC-08,BUYER-OMEGA-01,Maersk Ocean Freight,1,61705.86,61558.84,-0.0024,0.8208,546.61,510.26,0,0,523,831,0,8,1,0,NORMAL,0
INV-SYN-13365,TXN-SYN-13365,SUPP-IND-05,BUYER-GLOBAL-05,DHL Global Express,1,238130.37,237457.83,-0.0028,1.4841,802.89,724.0,1,0,580,761,0,9,0,0,NORMAL,0
INV-SYN-13366,TXN-SYN-13366,SUPP-PACIFIC-08,BUYER-QUICK-04,Maersk Ocean Freight,1,65139.76,89570.3,0.375,1.1943,452.69,394.65,0,5,524,136,0,13,0,0,AMOUNT_INFLATION,1
INV-SYN-13367,TXN-SYN-13367,SUPP-PREC-04,BUYER-GLOBAL-05,Kuehne+Nagel Logistics,1,99221.57,97609.65,-0.0162,1.0275,592.15,436.87,0,0,526,762,0,22,0,0,NORMAL,0
INV-SYN-13368,TXN-SYN-13368,SUPP-PREC-04,BUYER-GLOBAL-05,FedEx International,1,104511.43,103847.76,-0.0064,1.0931,446.64,368.88,0,0,527,763,0,20,1,0,NORMAL,0
INV-SYN-13369,TXN-SYN-13369,SUPP-PREC-04,BUYER-GLOBAL-05,DB Schenker,1,98112.8,97997.19,-0.0012,1.0315,641.56,509.87,0,0,528,764,0,12,0,0,NORMAL,0
INV-SYN-13370,TXN-SYN-13370,SUPP-IND-05,BUYER-VORTEX-02,DB Schenker,1,156902.26,154265.72,-0.0168,0.9642,485.04,413.36,1,0,581,781,0,21,0,0,NORMAL,0
INV-SYN-13371,TXN-SYN-13371,SUPP-NEXUS-02,BUYER-APEX-06,DHL Global Express,1,59600.01,58534.62,-0.0179,0.6886,540.51,374.49,0,0,486,756,0,3,1,1,NORMAL,0
INV-SYN-13372,TXN-SYN-13372,SUPP-PREC-04,BUYER-APEX-06,DB Schenker,1,129459.53,130522.28,0.0082,1.3739,412.92,267.28,0,0,529,757,0,20,1,0,NORMAL,0
INV-SYN-13373,TXN-SYN-13373,SUPP-PREC-04,BUYER-APEX-06,DHL Global Express,1,137920.92,137998.62,0.0006,1.4526,879.52,837.87,0,0,530,758,0,8,0,0,NORMAL,0
INV-SYN-13374,TXN-SYN-13374,SUPP-IND-05,BUYER-APEX-06,FedEx International,1,92693.65,91661.01,-0.0111,0.5729,592.01,433.27,1,0,582,759,0,18,0,0,NORMAL,0
INV-SYN-13375,TXN-SYN-13375,SUPP-PREC-04,BUYER-OMEGA-01,Kuehne+Nagel Logistics,1,70679.32,69877.72,-0.0113,0.7356,459.94,414.36,0,0,531,832,0,6,0,0,NORMAL,0
INV-SYN-13376,TXN-SYN-13376,SUPP-PHANTOM-07,BUYER-QUICK-04,None,0,500000.0,500000.0,0.0,1.1111,79.89,65.39,8,5,66,137,1,2,0,1,OFF_HOURS_ROUND_SUM,1
INV-SYN-13377,TXN-SYN-13377,SUPP-NEXUS-02,BUYER-APEX-06,Kuehne+Nagel Logistics,1,64503.57,63262.56,-0.0192,0.7443,763.11,718.76,0,0,487,760,0,12,0,0,NORMAL,0
INV-SYN-13378,TXN-SYN-13378,SUPP-GLOBAL-01,BUYER-OMEGA-01,FedEx International,1,135178.97,136326.71,0.0085,1.1361,787.68,632.31,0,0,547,833,0,4,0,1,NORMAL,0
INV-SYN-13379,TXN-SYN-13379,SUPP-TITAN-03,BUYER-GLOBAL-05,DHL Global Express,1,229020.95,229998.49,0.0043,0.8214,669.77,506.49,1,0,574,765,0,19,0,0,NORMAL,0
INV-SYN-13380,TXN-SYN-13380,SUPP-GLOBAL-01,BUYER-OMEGA-01,Kuehne+Nagel Logistics,1,184951.68,181662.6,-0.0178,1.5139,791.92,739.29,0,0,548,834,0,9,1,0,NORMAL,0
INV-SYN-13381,TXN-SYN-13381,SUPP-GLOBAL-01,BUYER-GLOBAL-05,Maersk Ocean Freight,1,155716.46,153397.32,-0.0149,1.2783,466.72,416.23,0,0,549,766,0,11,0,0,NORMAL,0
INV-SYN-13382,TXN-SYN-13382,SUPP-TITAN-03,BUYER-GLOBAL-05,FedEx International,1,294880.18,292723.49,-0.0073,1.0454,459.55,379.98,1,0,575,767,0,1,0,1,NORMAL,0
INV-SYN-13383,TXN-SYN-13383,SUPP-PACIFIC-08,BUYER-GLOBAL-05,Maersk Ocean Freight,1,94255.99,94436.24,0.0019,1.2591,654.06,464.42,0,0,525,768,0,22,0,0,NORMAL,0
INV-SYN-13384,TXN-SYN-13384,SUPP-NEXUS-02,BUYER-VORTEX-02,DHL Global Express,1,108500.38,106684.84,-0.0167,1.2551,888.21,731.13,0,0,488,782,0,19,0,0,NORMAL,0
INV-SYN-13385,TXN-SYN-13385,SUPP-PACIFIC-08,BUYER-VORTEX-02,DHL Global Express,1,64425.98,64890.24,0.0072,0.8652,599.39,426.67,0,0,526,783,0,19,0,0,NORMAL,0
INV-SYN-13386,TXN-SYN-13386,SUPP-PACIFIC-08,BUYER-VORTEX-02,Kuehne+Nagel Logistics,1,59695.93,59225.92,-0.0079,0.7897,760.87,670.58,0,0,527,784,0,18,0,0,NORMAL,0
INV-SYN-13387,TXN-SYN-13387,SUPP-PACIFIC-08,BUYER-APEX-06,Kuehne+Nagel Logistics,1,76465.18,75982.75,-0.0063,1.0131,422.06,369.87,0,0,528,761,0,14,1,0,NORMAL,0
INV-SYN-13388,TXN-SYN-13388,SUPP-IND-05,BUYER-GLOBAL-05,DB Schenker,1,194465.44,194627.65,0.0008,1.2164,597.33,537.19,1,0,583,769,0,10,1,0,NORMAL,0
INV-SYN-13389,TXN-SYN-13389,SUPP-PACIFIC-08,BUYER-VORTEX-02,DB Schenker,1,77607.38,76511.74,-0.0141,1.0202,886.02,733.61,0,0,529,785,0,23,0,1,NORMAL,0
INV-SYN-13390,TXN-SYN-13390,SUPP-IND-05,BUYER-APEX-06,DB Schenker,1,96920.14,97801.38,0.0091,0.6113,406.06,332.06,1,0,584,762,0,11,1,0,NORMAL,0
INV-SYN-13391,TXN-SYN-13391,SUPP-PREC-04,BUYER-APEX-06,DHL Global Express,1,75932.92,75926.35,-0.0001,0.7992,911.3,834.62,0,0,532,763,0,3,0,1,NORMAL,0
INV-SYN-13392,TXN-SYN-13392,SUPP-NEXUS-02,BUYER-GLOBAL-05,Kuehne+Nagel Logistics,1,83428.08,83739.34,0.0037,0.9852,966.0,790.45,0,0,489,770,0,21,0,0,NORMAL,0
INV-SYN-13393,TXN-SYN-13393,SUPP-PREC-04,BUYER-APEX-06,DB Schenker,1,93202.94,92542.38,-0.0071,0.9741,717.64,624.65,0,0,533,764,0,8,1,0,NORMAL,0
INV-SYN-13394,TXN-SYN-13394,SUPP-PREC-04,BUYER-VORTEX-02,DHL Global Express,1,141847.88,140979.09,-0.0061,1.484,528.69,473.15,0,0,534,786,0,17,0,0,NORMAL,0
INV-SYN-13395,TXN-SYN-13395,SUPP-PHANTOM-07,BUYER-GLOBAL-05,None,0,515846.38,515846.38,0.0,1.1463,2.17,-1.0,8,0,67,771,0,8,0,0,RAPID_GHOST_SETTLEMENT,1
INV-SYN-13396,TXN-SYN-13396,SUPP-SUSP-06,BUYER-QUICK-04,None,0,750000.0,750000.0,0.0,1.9231,56.53,27.04,6,5,70,138,1,2,1,1,OFF_HOURS_ROUND_SUM,1
INV-SYN-13397,TXN-SYN-13397,SUPP-NEXUS-02,BUYER-GLOBAL-05,DHL Global Express,1,116643.65,115974.48,-0.0057,1.3644,841.61,674.58,0,0,490,772,0,13,0,0,NORMAL,0
INV-SYN-13398,TXN-SYN-13398,SUPP-PREC-04,BUYER-APEX-06,Maersk Ocean Freight,1,148946.93,148573.93,-0.0025,1.5639,375.23,315.69,0,0,535,765,0,0,0,1,NORMAL,0
INV-SYN-13399,TXN-SYN-13399,SUPP-PACIFIC-08,BUYER-OMEGA-01,DHL Global Express,1,67417.55,67325.47,-0.0014,0.8977,307.34,244.25,0,0,530,835,0,22,0,0,NORMAL,0
INV-SYN-13400,TXN-SYN-13400,SUPP-PACIFIC-08,BUYER-OMEGA-01,DHL Global Express,1,84214.3,84541.74,0.0039,1.1272,343.23,289.9,0,0,531,836,0,20,1,0,NORMAL,0
INV-SYN-13401,TXN-SYN-13401,SUPP-TITAN-03,BUYER-APEX-06,FedEx International,1,319883.23,314161.29,-0.0179,1.122,704.43,577.11,1,0,576,766,0,12,0,0,NORMAL,0
INV-SYN-13402,TXN-SYN-13402,SUPP-TITAN-03,BUYER-OMEGA-01,DHL Global Express,1,293683.72,288582.9,-0.0174,1.0307,715.59,643.55,1,0,577,837,0,9,0,0,NORMAL,0
INV-SYN-13403,TXN-SYN-13403,SUPP-IND-05,BUYER-VORTEX-02,Kuehne+Nagel Logistics,1,156046.19,153829.79,-0.0142,0.9614,908.5,739.32,1,0,585,787,0,23,0,1,NORMAL,0
INV-SYN-13404,TXN-SYN-13404,SUPP-IND-05,BUYER-OMEGA-01,DB Schenker,1,177439.02,177545.12,0.0006,1.1097,926.4,751.62,1,0,586,838,0,13,1,0,NORMAL,0
INV-SYN-13405,TXN-SYN-13405,SUPP-PREC-04,BUYER-VORTEX-02,Maersk Ocean Freight,1,34859.16,35136.81,0.008,0.3699,686.66,639.19,0,0,536,788,0,3,0,1,NORMAL,0
INV-SYN-13406,TXN-SYN-13406,SUPP-IND-05,BUYER-OMEGA-01,FedEx International,1,187282.78,188531.78,0.0067,1.1783,805.61,616.88,1,0,587,839,0,13,0,0,NORMAL,0
INV-SYN-13407,TXN-SYN-13407,SUPP-PREC-04,BUYER-GLOBAL-05,FedEx International,1,97996.73,98167.16,0.0017,1.0333,362.82,315.87,0,0,537,773,0,22,0,0,NORMAL,0
INV-SYN-13408,TXN-SYN-13408,SUPP-GLOBAL-01,BUYER-VORTEX-02,DHL Global Express,1,113325.75,111130.6,-0.0194,0.9261,625.04,555.76,0,0,550,789,0,22,1,0,NORMAL,0
INV-SYN-13409,TXN-SYN-13409,SUPP-PREC-04,BUYER-GLOBAL-05,FedEx International,1,143612.98,142396.89,-0.0085,1.4989,872.62,737.08,0,0,538,774,0,8,1,0,NORMAL,0
INV-SYN-13410,TXN-SYN-13410,SUPP-NEXUS-02,BUYER-VORTEX-02,Kuehne+Nagel Logistics,1,70657.65,70865.19,0.0029,0.8337,748.21,604.53,0,0,491,790,0,18,0,0,NORMAL,0
INV-SYN-13411,TXN-SYN-13411,SUPP-PREC-04,BUYER-VORTEX-02,Kuehne+Nagel Logistics,1,85426.95,85321.9,-0.0012,0.8981,876.77,748.57,0,0,539,791,0,23,1,1,NORMAL,0
INV-SYN-13412,TXN-SYN-13412,SUPP-TITAN-03,BUYER-VORTEX-02,FedEx International,1,419408.73,910104.19,1.17,3.2504,590.38,471.9,1,0,578,792,0,14,0,0,AMOUNT_INFLATION,1
INV-SYN-13413,TXN-SYN-13413,SUPP-NEXUS-02,BUYER-VORTEX-02,Kuehne+Nagel Logistics,1,67318.7,67254.88,-0.0009,0.7912,885.67,786.91,0,0,492,793,0,9,1,0,NORMAL,0
INV-SYN-13414,TXN-SYN-13414,SUPP-NEXUS-02,BUYER-APEX-06,DB Schenker,1,73310.05,72372.56,-0.0128,0.8514,874.4,747.43,0,0,493,767,0,7,0,0,NORMAL,0
INV-SYN-13415,TXN-SYN-13415,SUPP-IND-05,BUYER-GLOBAL-05,FedEx International,1,154118.98,151801.41,-0.015,0.9488,849.29,784.2,1,0,588,775,0,9,0,0,NORMAL,0
INV-SYN-13416,TXN-SYN-13416,SUPP-PREC-04,BUYER-GLOBAL-05,FedEx International,1,114967.44,115026.51,0.0005,1.2108,800.29,720.86,0,0,540,776,0,1,0,1,NORMAL,0
INV-SYN-13417,TXN-SYN-13417,SUPP-PHANTOM-07,BUYER-APEX-06,DHL Global Express,1,473377.78,1113822.13,1.3529,2.4752,364.12,231.28,8,0,68,768,0,6,0,0,AMOUNT_INFLATION,1
INV-SYN-13418,TXN-SYN-13418,SUPP-NEXUS-02,BUYER-VORTEX-02,DB Schenker,1,57531.71,56825.52,-0.0123,0.6685,385.09,254.71,0,0,494,794,0,9,0,0,NORMAL,0
INV-SYN-13419,TXN-SYN-13419,SUPP-IND-05,BUYER-APEX-06,Maersk Ocean Freight,1,138713.26,139438.36,0.0052,0.8715,681.79,596.3,1,0,589,769,0,8,0,0,NORMAL,0
INV-SYN-13420,TXN-SYN-13420,SUPP-PACIFIC-08,BUYER-OMEGA-01,FedEx International,1,63612.1,64076.17,0.0073,0.8543,852.98,708.0,0,0,532,840,0,4,1,1,NORMAL,0
INV-SYN-13421,TXN-SYN-13421,SUPP-IND-05,BUYER-APEX-06,DB Schenker,1,156911.16,154018.33,-0.0184,0.9626,478.66,298.78,1,0,590,770,0,23,1,1,NORMAL,0
INV-SYN-13422,TXN-SYN-13422,SUPP-NEXUS-02,BUYER-OMEGA-01,FedEx International,1,94049.18,92919.97,-0.012,1.0932,617.64,520.78,0,0,495,841,0,5,0,1,NORMAL,0
INV-SYN-13423,TXN-SYN-13423,SUPP-IND-05,BUYER-QUICK-04,DB Schenker,1,176728.23,282556.41,0.5988,1.766,293.17,226.9,1,5,591,139,0,23,0,1,AMOUNT_INFLATION,1
INV-SYN-13424,TXN-SYN-13424,SUPP-IND-05,BUYER-OMEGA-01,DB Schenker,1,88959.53,88032.95,-0.0104,0.5502,719.3,580.66,1,0,592,842,0,22,0,0,NORMAL,0
INV-SYN-13425,TXN-SYN-13425,SUPP-PREC-04,BUYER-APEX-06,DB Schenker,1,120268.6,120466.38,0.0016,1.2681,544.69,357.34,0,0,541,771,0,14,1,0,NORMAL,0
INV-SYN-13426,TXN-SYN-13426,SUPP-TITAN-03,BUYER-APEX-06,DB Schenker,1,297679.82,294546.86,-0.0105,1.052,907.02,817.0,1,0,579,772,0,14,0,0,NORMAL,0
INV-SYN-13427,TXN-SYN-13427,SUPP-NEXUS-02,BUYER-GLOBAL-05,DHL Global Express,1,114421.31,113057.75,-0.0119,1.3301,577.0,527.69,0,0,496,777,0,1,0,1,NORMAL,0
INV-SYN-13428,TXN-SYN-13428,SUPP-NEXUS-02,BUYER-APEX-06,DB Schenker,1,94439.21,93842.49,-0.0063,1.104,565.49,495.42,0,0,497,773,0,0,0,1,NORMAL,0
INV-SYN-13429,TXN-SYN-13429,SUPP-TITAN-03,BUYER-APEX-06,DHL Global Express,1,357092.61,354910.95,-0.0061,1.2675,439.44,336.19,1,0,580,774,0,21,1,0,NORMAL,0
INV-SYN-13430,TXN-SYN-13430,SUPP-IND-05,BUYER-GLOBAL-05,DHL Global Express,1,178661.81,175948.12,-0.0152,1.0997,634.27,565.82,1,0,593,778,0,2,0,1,NORMAL,0
INV-SYN-13431,TXN-SYN-13431,SUPP-TITAN-03,BUYER-APEX-06,FedEx International,1,374235.8,367111.17,-0.019,1.3111,770.67,586.82,1,0,581,775,0,19,0,0,NORMAL,0
INV-SYN-13432,TXN-SYN-13432,SUPP-NEXUS-02,BUYER-GLOBAL-05,FedEx International,1,96097.83,95786.34,-0.0032,1.1269,932.69,816.93,0,0,498,779,0,1,0,1,NORMAL,0
INV-SYN-13433,TXN-SYN-13433,SUPP-TITAN-03,BUYER-OMEGA-01,None,0,316373.24,316373.24,0.0,1.1299,3.37,-1.0,1,0,582,843,0,23,1,1,RAPID_GHOST_SETTLEMENT,1
INV-SYN-13434,TXN-SYN-13434,SUPP-NEXUS-02,BUYER-APEX-06,Maersk Ocean Freight,1,133289.24,133672.43,0.0029,1.5726,410.94,329.61,0,0,499,776,0,12,0,0,NORMAL,0
INV-SYN-13435,TXN-SYN-13435,SUPP-IND-05,BUYER-QUICK-04,None,0,250000.0,250000.0,0.0,1.5625,37.9,16.78,1,5,594,140,1,4,1,1,OFF_HOURS_ROUND_SUM,1
INV-SYN-13436,TXN-SYN-13436,SUPP-PACIFIC-08,BUYER-VORTEX-02,FedEx International,1,85757.71,85838.8,0.0009,1.1445,772.42,617.54,0,0,533,795,0,3,1,1,NORMAL,0
INV-SYN-13437,TXN-SYN-13437,SUPP-TITAN-03,BUYER-OMEGA-01,Maersk Ocean Freight,1,190658.69,191028.77,0.0019,0.6822,381.87,294.82,1,0,583,844,0,0,1,1,NORMAL,0
INV-SYN-13438,TXN-SYN-13438,SUPP-PACIFIC-08,BUYER-OMEGA-01,DB Schenker,1,50844.23,50381.7,-0.0091,0.6718,357.49,308.89,0,0,534,845,0,2,1,1,NORMAL,0
INV-SYN-13439,TXN-SYN-13439,SUPP-TITAN-03,BUYER-GLOBAL-05,FedEx International,1,300490.08,295641.56,-0.0161,1.0559,826.88,654.05,1,0,584,780,0,4,0,1,NORMAL,0
INV-SYN-13440,TXN-SYN-13440,SUPP-GLOBAL-01,BUYER-VORTEX-02,FedEx International,1,124365.64,125594.49,0.0099,1.0466,490.35,433.34,0,0,551,796,0,16,0,0,NORMAL,0
INV-SYN-13441,TXN-SYN-13441,SUPP-NEXUS-02,BUYER-VORTEX-02,FedEx International,1,71949.9,72463.08,0.0071,0.8525,906.76,766.29,0,0,500,797,0,15,1,0,NORMAL,0
INV-SYN-13442,TXN-SYN-13442,SUPP-PACIFIC-08,BUYER-GLOBAL-05,DB Schenker,1,77643.43,77154.81,-0.0063,1.0287,470.71,308.84,0,0,535,781,0,14,0,0,NORMAL,0
INV-SYN-13443,TXN-SYN-13443,SUPP-PREC-04,BUYER-VORTEX-02,DHL Global Express,1,132729.89,132306.17,-0.0032,1.3927,933.58,762.72,0,0,542,798,0,22,0,0,NORMAL,0
INV-SYN-13444,TXN-SYN-13444,SUPP-IND-05,BUYER-QUICK-04,Maersk Ocean Freight,1,377288.41,433881.67,0.15,2.7118,106.67,81.78,1,5,595,141,0,8,0,0,SERIAL_COUNTERPARTY_SPIKE,1
INV-SYN-13445,TXN-SYN-13445,SUPP-GLOBAL-01,BUYER-GLOBAL-05,DHL Global Express,1,85769.74,86395.55,0.0073,0.72,519.75,473.72,0,0,552,782,0,20,0,0,NORMAL,0
INV-SYN-13446,TXN-SYN-13446,SUPP-PREC-04,BUYER-APEX-06,DB Schenker,1,92351.67,91791.02,-0.0061,0.9662,453.21,412.44,0,0,543,777,0,17,0,0,NORMAL,0
INV-SYN-13447,TXN-SYN-13447,SUPP-PACIFIC-08,BUYER-GLOBAL-05,DHL Global Express,1,59906.88,58888.2,-0.017,0.7852,683.58,533.88,0,0,536,783,0,1,0,1,NORMAL,0
INV-SYN-13448,TXN-SYN-13448,SUPP-TITAN-03,BUYER-VORTEX-02,DB Schenker,1,252861.01,250935.78,-0.0076,0.8962,386.31,242.16,1,0,585,799,0,16,0,0,NORMAL,0
INV-SYN-13449,TXN-SYN-13449,SUPP-NEXUS-02,BUYER-GLOBAL-05,DHL Global Express,1,76210.67,75506.48,-0.0092,0.8883,718.1,632.52,0,0,501,784,0,0,0,1,NORMAL,0
INV-SYN-13450,TXN-SYN-13450,SUPP-PREC-04,BUYER-APEX-06,Maersk Ocean Freight,1,83655.92,83786.85,0.0016,0.882,808.32,741.87,0,0,544,778,0,7,1,0,NORMAL,0
INV-SYN-13451,TXN-SYN-13451,SUPP-PACIFIC-08,BUYER-GLOBAL-05,FedEx International,1,51466.21,51514.79,0.0009,0.6869,781.02,636.4,0,0,537,785,0,0,1,1,NORMAL,0
INV-SYN-13452,TXN-SYN-13452,SUPP-IND-05,BUYER-OMEGA-01,Kuehne+Nagel Logistics,1,154893.81,155687.42,0.0051,0.973,694.88,628.75,1,0,596,846,0,10,0,0,NORMAL,0
INV-SYN-13453,TXN-SYN-13453,SUPP-PACIFIC-08,BUYER-GLOBAL-05,Maersk Ocean Freight,1,64488.61,64981.11,0.0076,0.8664,689.63,538.17,0,0,538,786,0,23,0,1,NORMAL,0
INV-SYN-13454,TXN-SYN-13454,SUPP-PREC-04,BUYER-VORTEX-02,DB Schenker,1,25425.59,25486.22,0.0024,0.2683,599.99,458.48,0,0,545,800,0,1,0,1,NORMAL,0
INV-SYN-13455,TXN-SYN-13455,SUPP-GLOBAL-01,BUYER-OMEGA-01,Maersk Ocean Freight,1,181589.16,179753.0,-0.0101,1.4979,492.43,431.6,0,0,553,847,0,9,0,0,NORMAL,0
INV-SYN-13456,TXN-SYN-13456,SUPP-PACIFIC-08,BUYER-APEX-06,DB Schenker,1,95414.43,94831.47,-0.0061,1.2644,708.83,562.98,0,0,539,779,0,16,1,0,NORMAL,0
INV-SYN-13457,TXN-SYN-13457,SUPP-PREC-04,BUYER-OMEGA-01,DB Schenker,1,86062.86,86880.05,0.0095,0.9145,330.32,251.21,0,0,546,848,0,11,0,0,NORMAL,0
INV-SYN-13458,TXN-SYN-13458,SUPP-NEXUS-02,BUYER-OMEGA-01,DB Schenker,1,85399.9,86161.26,0.0089,1.0137,935.7,774.54,0,0,502,849,0,20,0,0,NORMAL,0
INV-SYN-13459,TXN-SYN-13459,SUPP-IND-05,BUYER-OMEGA-01,DB Schenker,1,113133.83,112883.83,-0.0022,0.7055,553.43,499.06,1,0,597,850,0,0,0,1,NORMAL,0
INV-SYN-13460,TXN-SYN-13460,SUPP-TITAN-03,BUYER-VORTEX-02,Maersk Ocean Freight,1,398700.6,402587.78,0.0097,1.4378,886.12,815.77,1,0,586,801,0,10,0,0,NORMAL,0
INV-SYN-13461,TXN-SYN-13461,SUPP-TITAN-03,BUYER-GLOBAL-05,Maersk Ocean Freight,1,412810.21,406796.14,-0.0146,1.4528,664.97,578.12,1,0,587,787,0,0,0,1,NORMAL,0
INV-SYN-13462,TXN-SYN-13462,SUPP-PREC-04,BUYER-GLOBAL-05,DHL Global Express,1,98721.48,98522.81,-0.002,1.0371,493.46,304.18,0,0,547,788,0,3,0,1,NORMAL,0
INV-SYN-13463,TXN-SYN-13463,SUPP-NEXUS-02,BUYER-APEX-06,Maersk Ocean Freight,1,106750.03,107168.96,0.0039,1.2608,766.02,695.16,0,0,503,780,0,13,0,0,NORMAL,0
INV-SYN-13464,TXN-SYN-13464,SUPP-PREC-04,BUYER-APEX-06,DHL Global Express,1,99163.06,98495.15,-0.0067,1.0368,367.68,292.66,0,0,548,781,0,7,0,0,NORMAL,0
INV-SYN-13465,TXN-SYN-13465,SUPP-PREC-04,BUYER-OMEGA-01,DB Schenker,1,63252.77,63845.27,0.0094,0.6721,750.69,582.26,0,0,549,851,0,8,0,0,NORMAL,0
INV-SYN-13466,TXN-SYN-13466,SUPP-GLOBAL-01,BUYER-OMEGA-01,FedEx International,1,107645.3,107621.5,-0.0002,0.8968,496.2,309.77,0,0,554,852,0,5,0,1,NORMAL,0
INV-SYN-13467,TXN-SYN-13467,SUPP-NEXUS-02,BUYER-VORTEX-02,DHL Global Express,1,87803.47,87421.58,-0.0043,1.0285,401.85,244.66,0,0,504,802,0,16,1,0,NORMAL,0
INV-SYN-13468,TXN-SYN-13468,SUPP-IND-05,BUYER-VORTEX-02,FedEx International,1,141818.09,140822.34,-0.007,0.8801,795.71,642.97,1,0,598,803,0,12,0,0,NORMAL,0
INV-SYN-13469,TXN-SYN-13469,SUPP-PACIFIC-08,BUYER-VORTEX-02,Kuehne+Nagel Logistics,1,70900.25,71584.56,0.0097,0.9545,894.85,781.5,0,0,540,804,0,9,0,0,NORMAL,0
INV-SYN-13470,TXN-SYN-13470,SUPP-IND-05,BUYER-GLOBAL-05,DB Schenker,1,297697.97,342352.67,0.15,2.1397,89.66,53.5,1,0,599,789,0,9,0,0,SERIAL_COUNTERPARTY_SPIKE,1
INV-SYN-13471,TXN-SYN-13471,SUPP-TITAN-03,BUYER-APEX-06,FedEx International,1,274338.51,276360.65,0.0074,0.987,536.33,366.75,1,0,588,782,0,14,0,0,NORMAL,0
INV-SYN-13472,TXN-SYN-13472,SUPP-PACIFIC-08,BUYER-APEX-06,FedEx International,1,75979.85,76470.52,0.0065,1.0196,689.57,548.02,0,0,541,783,0,1,0,1,NORMAL,0
INV-SYN-13473,TXN-SYN-13473,SUPP-PACIFIC-08,BUYER-APEX-06,Maersk Ocean Freight,1,55113.66,54184.85,-0.0169,0.7225,862.15,705.57,0,0,542,784,0,0,0,1,NORMAL,0
INV-SYN-13474,TXN-SYN-13474,SUPP-IND-05,BUYER-APEX-06,DB Schenker,1,131319.35,129649.15,-0.0127,0.8103,392.17,245.13,1,0,600,785,0,11,0,0,NORMAL,0
INV-SYN-13475,TXN-SYN-13475,SUPP-GLOBAL-01,BUYER-APEX-06,DB Schenker,1,81462.47,81268.72,-0.0024,0.6772,881.81,749.79,0,0,555,786,0,4,1,1,NORMAL,0
INV-SYN-13476,TXN-SYN-13476,SUPP-PACIFIC-08,BUYER-GLOBAL-05,Maersk Ocean Freight,1,93334.04,92342.74,-0.0106,1.2312,904.43,761.73,0,0,543,790,0,4,0,1,NORMAL,0
INV-SYN-13477,TXN-SYN-13477,SUPP-TITAN-03,BUYER-GLOBAL-05,DB Schenker,1,132604.71,133783.61,0.0089,0.4778,889.87,783.38,1,0,589,791,0,23,0,1,NORMAL,0
INV-SYN-13478,TXN-SYN-13478,SUPP-NEXUS-02,BUYER-APEX-06,Maersk Ocean Freight,1,109513.79,109427.0,-0.0008,1.2874,813.01,632.52,0,0,505,787,0,8,0,0,NORMAL,0
INV-SYN-13479,TXN-SYN-13479,SUPP-TITAN-03,BUYER-APEX-06,Kuehne+Nagel Logistics,1,377044.46,380741.54,0.0098,1.3598,311.62,258.6,1,0,590,788,0,16,0,0,NORMAL,0
INV-SYN-13480,TXN-SYN-13480,SUPP-PACIFIC-08,BUYER-GLOBAL-05,FedEx International,1,69334.11,69153.3,-0.0026,0.922,972.0,792.54,0,0,544,792,0,13,0,0,NORMAL,0
INV-SYN-13481,TXN-SYN-13481,SUPP-IND-05,BUYER-GLOBAL-05,DHL Global Express,1,55874.52,55824.51,-0.0009,0.3489,687.74,517.24,1,0,601,793,0,14,0,0,NORMAL,0
INV-SYN-13482,TXN-SYN-13482,SUPP-IND-05,BUYER-APEX-06,FedEx International,1,145547.58,146370.24,0.0057,0.9148,899.43,793.16,1,0,602,789,0,7,1,0,NORMAL,0
INV-SYN-13483,TXN-SYN-13483,SUPP-PHANTOM-07,BUYER-GLOBAL-05,FedEx International,1,827277.01,951368.56,0.15,2.1142,185.77,66.63,8,0,69,794,0,23,1,1,SERIAL_COUNTERPARTY_SPIKE,1
INV-SYN-13484,TXN-SYN-13484,SUPP-PREC-04,BUYER-VORTEX-02,Kuehne+Nagel Logistics,1,70998.29,70521.59,-0.0067,0.7423,659.92,519.42,0,0,550,805,0,11,0,0,NORMAL,0
INV-SYN-13485,TXN-SYN-13485,SUPP-PREC-04,BUYER-OMEGA-01,Maersk Ocean Freight,1,82763.56,82811.77,0.0006,0.8717,804.69,634.55,0,0,551,853,0,3,0,1,NORMAL,0
INV-SYN-13486,TXN-SYN-13486,SUPP-PACIFIC-08,BUYER-OMEGA-01,FedEx International,1,103691.16,103280.34,-0.004,1.3771,425.68,329.17,0,0,545,854,0,17,1,0,NORMAL,0
INV-SYN-13487,TXN-SYN-13487,SUPP-NEXUS-02,BUYER-GLOBAL-05,DB Schenker,1,99129.7,97849.83,-0.0129,1.1512,658.22,592.72,0,0,506,795,0,7,0,0,NORMAL,0
INV-SYN-13488,TXN-SYN-13488,SUPP-TITAN-03,BUYER-VORTEX-02,FedEx International,1,215280.51,213125.75,-0.01,0.7612,529.99,374.52,1,0,591,806,0,12,0,0,NORMAL,0
INV-SYN-13489,TXN-SYN-13489,SUPP-NEXUS-02,BUYER-APEX-06,Maersk Ocean Freight,1,51051.02,50272.93,-0.0152,0.5914,798.43,725.32,0,0,507,790,0,17,0,0,NORMAL,0
INV-SYN-13490,TXN-SYN-13490,SUPP-TITAN-03,BUYER-APEX-06,FedEx International,1,257108.79,256550.11,-0.0022,0.9163,865.51,821.15,1,0,592,791,0,13,0,0,NORMAL,0
INV-SYN-13491,TXN-SYN-13491,SUPP-NEXUS-02,BUYER-GLOBAL-05,DB Schenker,1,80464.04,79035.41,-0.0178,0.9298,539.97,437.84,0,0,508,796,0,3,1,1,NORMAL,0
INV-SYN-13492,TXN-SYN-13492,SUPP-GLOBAL-01,BUYER-VORTEX-02,Kuehne+Nagel Logistics,1,134885.98,133458.74,-0.0106,1.1122,921.79,832.02,0,0,556,807,0,8,0,0,NORMAL,0
INV-SYN-13493,TXN-SYN-13493,SUPP-GLOBAL-01,BUYER-VORTEX-02,DHL Global Express,1,103940.5,103143.5,-0.0077,0.8595,466.1,356.74,0,0,557,808,0,14,1,0,NORMAL,0
INV-SYN-13494,TXN-SYN-13494,SUPP-TITAN-03,BUYER-GLOBAL-05,Kuehne+Nagel Logistics,1,315804.97,317001.56,0.0038,1.1321,843.44,719.52,1,0,593,797,0,11,0,0,NORMAL,0
INV-SYN-13495,TXN-SYN-13495,SUPP-GLOBAL-01,BUYER-VORTEX-02,DB Schenker,1,178054.62,177504.71,-0.0031,1.4792,476.59,295.95,0,0,558,809,0,9,0,0,NORMAL,0
INV-SYN-13496,TXN-SYN-13496,SUPP-PACIFIC-08,BUYER-VORTEX-02,Kuehne+Nagel Logistics,1,90290.64,90468.74,0.002,1.2062,593.53,434.96,0,0,546,810,0,23,0,1,NORMAL,0
INV-SYN-13497,TXN-SYN-13497,SUPP-PREC-04,BUYER-APEX-06,DB Schenker,1,93857.9,92413.86,-0.0154,0.9728,801.08,629.46,0,0,552,792,0,12,0,0,NORMAL,0
INV-SYN-13498,TXN-SYN-13498,SUPP-PACIFIC-08,BUYER-OMEGA-01,Maersk Ocean Freight,1,71565.93,70770.2,-0.0111,0.9436,490.4,389.0,0,0,547,855,0,16,0,0,NORMAL,0
INV-SYN-13499,TXN-SYN-13499,SUPP-GLOBAL-01,BUYER-GLOBAL-05,DB Schenker,1,109299.81,108175.69,-0.0103,0.9015,622.35,439.78,0,0,559,798,0,14,0,0,NORMAL,0
INV-SYN-13500,TXN-SYN-13500,SUPP-NEXUS-02,BUYER-APEX-06,Kuehne+Nagel Logistics,1,110088.62,108986.07,-0.01,1.2822,569.41,532.37,0,0,509,793,0,16,0,0,NORMAL,0
INV-SYN-13501,TXN-SYN-13501,SUPP-IND-05,BUYER-GLOBAL-05,Kuehne+Nagel Logistics,1,134907.46,133085.08,-0.0135,0.8318,622.77,485.97,1,0,603,799,0,15,0,0,NORMAL,0
INV-SYN-13502,TXN-SYN-13502,SUPP-NEXUS-02,BUYER-OMEGA-01,DB Schenker,1,85960.98,86365.38,0.0047,1.0161,388.28,346.77,0,0,510,856,0,10,1,0,NORMAL,0
INV-SYN-13503,TXN-SYN-13503,SUPP-PACIFIC-08,BUYER-VORTEX-02,FedEx International,1,75959.96,75299.94,-0.0087,1.004,947.89,808.82,0,0,548,811,0,23,1,1,NORMAL,0
INV-SYN-13504,TXN-SYN-13504,SUPP-PREC-04,BUYER-OMEGA-01,DB Schenker,1,83082.63,83129.95,0.0006,0.8751,565.82,506.47,0,0,553,857,0,3,1,1,NORMAL,0
INV-SYN-13505,TXN-SYN-13505,SUPP-TITAN-03,BUYER-OMEGA-01,Kuehne+Nagel Logistics,1,183927.41,182775.54,-0.0063,0.6528,756.45,625.99,1,0,594,858,0,1,1,1,NORMAL,0
INV-SYN-13506,TXN-SYN-13506,SUPP-PREC-04,BUYER-OMEGA-01,DHL Global Express,1,102670.64,100824.01,-0.018,1.0613,432.74,343.59,0,0,554,859,0,21,0,0,NORMAL,0
INV-SYN-13507,TXN-SYN-13507,SUPP-GLOBAL-01,BUYER-VORTEX-02,DHL Global Express,1,118169.88,116546.65,-0.0137,0.9712,598.51,514.26,0,0,560,812,0,15,1,0,NORMAL,0
INV-SYN-13508,TXN-SYN-13508,SUPP-IND-05,BUYER-APEX-06,DHL Global Express,1,180009.62,181336.46,0.0074,1.1334,666.39,570.74,1,0,604,794,0,21,0,0,NORMAL,0
INV-SYN-13509,TXN-SYN-13509,SUPP-NEXUS-02,BUYER-VORTEX-02,DHL Global Express,1,73660.99,73995.18,0.0045,0.8705,812.13,684.38,0,0,511,813,0,19,0,0,NORMAL,0
INV-SYN-13510,TXN-SYN-13510,SUPP-NEXUS-02,BUYER-APEX-06,Maersk Ocean Freight,1,110942.45,110751.85,-0.0017,1.303,428.14,374.6,0,0,512,795,0,2,0,1,NORMAL,0
INV-SYN-13511,TXN-SYN-13511,SUPP-PREC-04,BUYER-OMEGA-01,DHL Global Express,1,74176.62,74739.57,0.0076,0.7867,821.2,778.63,0,0,555,860,0,17,0,0,NORMAL,0
INV-SYN-13512,TXN-SYN-13512,SUPP-NEXUS-02,BUYER-VORTEX-02,Maersk Ocean Freight,1,121380.86,121328.79,-0.0004,1.4274,454.44,349.1,0,0,513,814,0,3,0,1,NORMAL,0
INV-SYN-13513,TXN-SYN-13513,SUPP-GLOBAL-01,BUYER-GLOBAL-05,DB Schenker,1,67570.9,67353.98,-0.0032,0.5613,673.86,561.27,0,0,561,800,0,21,0,0,NORMAL,0
INV-SYN-13514,TXN-SYN-13514,SUPP-PREC-04,BUYER-VORTEX-02,FedEx International,1,105325.79,106169.03,0.008,1.1176,376.13,330.44,0,0,556,815,0,23,0,1,NORMAL,0
INV-SYN-13515,TXN-SYN-13515,SUPP-PACIFIC-08,BUYER-OMEGA-01,DB Schenker,1,83914.33,84705.27,0.0094,1.1294,634.16,572.04,0,0,549,861,0,3,0,1,NORMAL,0
INV-SYN-13516,TXN-SYN-13516,SUPP-TITAN-03,BUYER-GLOBAL-05,Maersk Ocean Freight,1,224311.01,222644.96,-0.0074,0.7952,436.92,322.41,1,0,595,801,0,3,0,1,NORMAL,0
INV-SYN-13517,TXN-SYN-13517,SUPP-TITAN-03,BUYER-APEX-06,DHL Global Express,1,309707.58,311361.19,0.0053,1.112,729.08,628.04,1,0,596,796,0,5,0,1,NORMAL,0
INV-SYN-13518,TXN-SYN-13518,SUPP-IND-05,BUYER-QUICK-04,Unregistered Logistics,1,250000.0,250000.0,0.0,1.5625,64.56,44.73,1,5,605,142,1,2,0,1,OFF_HOURS_ROUND_SUM,1
INV-SYN-13519,TXN-SYN-13519,SUPP-PREC-04,BUYER-APEX-06,DHL Global Express,1,42350.55,42184.97,-0.0039,0.4441,764.48,726.28,0,0,557,797,0,19,0,0,NORMAL,0
INV-SYN-13520,TXN-SYN-13520,SUPP-SUSP-06,BUYER-QUICK-04,DB Schenker,1,439017.62,1094518.58,1.4931,2.8065,361.32,305.02,6,5,71,143,0,3,0,1,AMOUNT_INFLATION,1
INV-SYN-13521,TXN-SYN-13521,SUPP-IND-05,BUYER-APEX-06,Kuehne+Nagel Logistics,1,60269.17,59340.7,-0.0154,0.3709,637.26,553.47,1,0,606,798,0,18,0,0,NORMAL,0
INV-SYN-13522,TXN-SYN-13522,SUPP-IND-05,BUYER-VORTEX-02,DHL Global Express,1,121373.41,122546.74,0.0097,0.7659,839.86,664.47,1,0,607,816,0,3,1,1,NORMAL,0
INV-SYN-13523,TXN-SYN-13523,SUPP-PREC-04,BUYER-GLOBAL-05,Kuehne+Nagel Logistics,1,133692.7,131126.52,-0.0192,1.3803,374.01,284.72,0,0,558,802,0,11,1,0,NORMAL,0
INV-SYN-13524,TXN-SYN-13524,SUPP-IND-05,BUYER-APEX-06,DB Schenker,1,136728.72,135582.36,-0.0084,0.8474,697.08,549.19,1,0,608,799,0,8,0,0,NORMAL,0
INV-SYN-13525,TXN-SYN-13525,SUPP-NEXUS-02,BUYER-OMEGA-01,Maersk Ocean Freight,1,60055.05,60590.19,0.0089,0.7128,938.3,839.67,0,0,514,862,0,0,0,1,NORMAL,0
INV-SYN-13526,TXN-SYN-13526,SUPP-IND-05,BUYER-GLOBAL-05,FedEx International,1,152082.49,149699.41,-0.0157,0.9356,905.43,778.54,1,0,609,803,0,11,1,0,NORMAL,0
INV-SYN-13527,TXN-SYN-13527,SUPP-NEXUS-02,BUYER-GLOBAL-05,Maersk Ocean Freight,1,128943.01,129012.82,0.0005,1.5178,716.51,643.35,0,0,515,804,0,7,1,0,NORMAL,0
INV-SYN-13528,TXN-SYN-13528,SUPP-TITAN-03,BUYER-OMEGA-01,DB Schenker,1,151782.24,152352.05,0.0038,0.5441,340.58,291.36,1,0,597,863,0,6,0,0,NORMAL,0
INV-SYN-13529,TXN-SYN-13529,SUPP-IND-05,BUYER-GLOBAL-05,DHL Global Express,1,117947.6,117436.77,-0.0043,0.734,559.2,522.77,1,0,610,805,0,23,0,1,NORMAL,0
INV-SYN-13530,TXN-SYN-13530,SUPP-PACIFIC-08,BUYER-APEX-06,DHL Global Express,1,103076.84,103793.47,0.007,1.3839,620.98,527.72,0,0,550,800,0,14,0,0,NORMAL,0
INV-SYN-13531,TXN-SYN-13531,SUPP-PACIFIC-08,BUYER-OMEGA-01,DHL Global Express,1,109831.92,107815.89,-0.0184,1.4375,576.0,410.99,0,0,551,864,0,13,0,0,NORMAL,0
INV-SYN-13532,TXN-SYN-13532,SUPP-NEXUS-02,BUYER-APEX-06,DB Schenker,1,82802.09,82584.27,-0.0026,0.9716,617.78,467.58,0,0,516,801,0,14,0,0,NORMAL,0
INV-SYN-13533,TXN-SYN-13533,SUPP-PACIFIC-08,BUYER-VORTEX-02,DHL Global Express,1,51767.76,51188.49,-0.0112,0.6825,485.5,436.51,0,0,552,817,0,13,0,0,NORMAL,0
INV-SYN-13534,TXN-SYN-13534,SUPP-GLOBAL-01,BUYER-OMEGA-01,DHL Global Express,1,182875.31,183764.14,0.0049,1.5314,826.1,645.77,0,0,562,865,0,15,1,0,NORMAL,0
INV-SYN-13535,TXN-SYN-13535,SUPP-GLOBAL-01,BUYER-OMEGA-01,FedEx International,1,167833.27,168186.94,0.0021,1.4016,287.47,247.09,0,0,563,866,0,8,0,0,NORMAL,0
INV-SYN-13536,TXN-SYN-13536,SUPP-SUSP-06,BUYER-GLOBAL-05,None,0,726416.99,726416.99,0.0,1.8626,3.28,-1.0,6,0,72,806,0,4,1,1,RAPID_GHOST_SETTLEMENT,1
INV-SYN-13537,TXN-SYN-13537,SUPP-GLOBAL-01,BUYER-OMEGA-01,Kuehne+Nagel Logistics,1,95627.93,95650.64,0.0002,0.7971,591.42,458.68,0,0,564,867,0,10,1,0,NORMAL,0
INV-SYN-13538,TXN-SYN-13538,SUPP-IND-05,BUYER-APEX-06,Maersk Ocean Freight,1,158038.83,157062.37,-0.0062,0.9816,768.08,624.0,1,0,611,802,0,14,0,0,NORMAL,0
INV-SYN-13539,TXN-SYN-13539,SUPP-IND-05,BUYER-APEX-06,Maersk Ocean Freight,1,153585.6,154508.96,0.006,0.9657,582.73,392.64,1,0,612,803,0,2,0,1,NORMAL,0
INV-SYN-13540,TXN-SYN-13540,SUPP-NEXUS-02,BUYER-GLOBAL-05,Maersk Ocean Freight,1,92030.59,92020.76,-0.0001,1.0826,783.52,641.37,0,0,517,807,0,16,0,0,NORMAL,0
INV-SYN-13541,TXN-SYN-13541,SUPP-NEXUS-02,BUYER-OMEGA-01,FedEx International,1,115833.78,114922.62,-0.0079,1.352,558.11,504.49,0,0,518,868,0,11,0,0,NORMAL,0
INV-SYN-13542,TXN-SYN-13542,SUPP-GLOBAL-01,BUYER-GLOBAL-05,Kuehne+Nagel Logistics,1,146382.51,147398.72,0.0069,1.2283,867.73,802.46,0,0,565,808,0,15,0,0,NORMAL,0
INV-SYN-13543,TXN-SYN-13543,SUPP-IND-05,BUYER-VORTEX-02,Kuehne+Nagel Logistics,1,116904.96,117335.46,0.0037,0.7333,845.15,684.94,1,0,613,818,0,11,0,0,NORMAL,0
INV-SYN-13544,TXN-SYN-13544,SUPP-PACIFIC-08,BUYER-APEX-06,Kuehne+Nagel Logistics,1,100809.31,99141.56,-0.0165,1.3219,841.74,700.27,0,0,553,804,0,5,0,1,NORMAL,0
INV-SYN-13545,TXN-SYN-13545,SUPP-GLOBAL-01,BUYER-GLOBAL-05,Kuehne+Nagel Logistics,1,129393.96,129782.74,0.003,1.0815,582.81,420.71,0,0,566,809,0,2,0,1,NORMAL,0
INV-SYN-13546,TXN-SYN-13546,SUPP-PACIFIC-08,BUYER-OMEGA-01,Kuehne+Nagel Logistics,1,87882.48,87498.34,-0.0044,1.1666,681.73,549.73,0,0,554,869,0,16,0,0,NORMAL,0
INV-SYN-13547,TXN-SYN-13547,SUPP-GLOBAL-01,BUYER-GLOBAL-05,FedEx International,1,163996.23,163728.63,-0.0016,1.3644,930.02,813.6,0,0,567,810,0,10,1,0,NORMAL,0
INV-SYN-13548,TXN-SYN-13548,SUPP-TITAN-03,BUYER-APEX-06,Kuehne+Nagel Logistics,1,202189.38,202600.66,0.002,0.7236,534.41,393.3,1,0,598,805,0,21,0,0,NORMAL,0
INV-SYN-13549,TXN-SYN-13549,SUPP-TITAN-03,BUYER-OMEGA-01,FedEx International,1,277492.21,276750.41,-0.0027,0.9884,499.19,395.06,1,0,599,870,0,4,1,1,NORMAL,0
INV-SYN-13550,TXN-SYN-13550,SUPP-NEXUS-02,BUYER-GLOBAL-05,DHL Global Express,1,73706.59,73208.42,-0.0068,0.8613,909.04,780.82,0,0,519,811,0,16,1,0,NORMAL,0
INV-SYN-13551,TXN-SYN-13551,SUPP-GLOBAL-01,BUYER-OMEGA-01,DHL Global Express,1,72964.22,72638.97,-0.0045,0.6053,978.2,817.3,0,0,568,871,0,1,0,1,NORMAL,0
INV-SYN-13552,TXN-SYN-13552,SUPP-TITAN-03,BUYER-APEX-06,Maersk Ocean Freight,1,304269.7,306372.82,0.0069,1.0942,728.98,597.87,1,0,600,806,0,12,1,0,NORMAL,0
INV-SYN-13553,TXN-SYN-13553,SUPP-NEXUS-02,BUYER-OMEGA-01,DB Schenker,1,138370.58,139035.12,0.0048,1.6357,739.88,639.61,0,0,520,872,0,6,0,0,NORMAL,0
INV-SYN-13554,TXN-SYN-13554,SUPP-PHANTOM-07,BUYER-VORTEX-02,FedEx International,1,242991.25,573270.32,1.3592,1.2739,225.04,173.21,8,0,70,819,0,3,1,1,AMOUNT_INFLATION,1
INV-SYN-13555,TXN-SYN-13555,SUPP-PREC-04,BUYER-GLOBAL-05,FedEx International,1,94233.34,94090.67,-0.0015,0.9904,429.12,245.19,0,0,559,812,0,20,1,0,NORMAL,0
INV-SYN-13556,TXN-SYN-13556,SUPP-TITAN-03,BUYER-GLOBAL-05,Kuehne+Nagel Logistics,1,324838.01,319939.12,-0.0151,1.1426,918.45,792.83,1,0,601,813,0,19,1,0,NORMAL,0
INV-SYN-13557,TXN-SYN-13557,SUPP-IND-05,BUYER-OMEGA-01,Maersk Ocean Freight,1,164923.13,162321.83,-0.0158,1.0145,568.31,522.29,1,0,614,873,0,20,0,0,NORMAL,0
INV-SYN-13558,TXN-SYN-13558,SUPP-PACIFIC-08,BUYER-GLOBAL-05,Kuehne+Nagel Logistics,1,72878.85,72601.54,-0.0038,0.968,348.66,242.95,0,0,555,814,0,15,0,0,NORMAL,0
INV-SYN-13559,TXN-SYN-13559,SUPP-NEXUS-02,BUYER-VORTEX-02,DB Schenker,1,57391.65,57893.96,0.0088,0.6811,902.47,791.31,0,0,521,820,0,2,1,1,NORMAL,0
INV-SYN-13560,TXN-SYN-13560,SUPP-PACIFIC-08,BUYER-APEX-06,Kuehne+Nagel Logistics,1,79364.75,79871.68,0.0064,1.065,335.69,287.11,0,0,556,807,0,2,0,1,NORMAL,0
INV-SYN-13561,TXN-SYN-13561,SUPP-SUSP-06,BUYER-QUICK-04,None,0,485405.46,485405.46,0.0,1.2446,4.54,-1.0,6,5,73,144,0,8,1,0,RAPID_GHOST_SETTLEMENT,1
INV-SYN-13562,TXN-SYN-13562,SUPP-PREC-04,BUYER-APEX-06,DB Schenker,1,42989.36,43211.52,0.0052,0.4549,683.75,551.08,0,0,560,808,0,12,0,0,NORMAL,0
INV-SYN-13563,TXN-SYN-13563,SUPP-IND-05,BUYER-APEX-06,Kuehne+Nagel Logistics,1,207783.69,207005.07,-0.0037,1.2938,546.31,438.39,1,0,615,809,0,12,0,0,NORMAL,0
INV-SYN-13564,TXN-SYN-13564,SUPP-TITAN-03,BUYER-GLOBAL-05,DHL Global Express,1,347087.01,349344.58,0.0065,1.2477,535.68,381.36,1,0,602,815,0,12,0,0,NORMAL,0
INV-SYN-13565,TXN-SYN-13565,SUPP-GLOBAL-01,BUYER-OMEGA-01,DB Schenker,1,121549.83,122496.23,0.0078,1.0208,891.92,834.67,0,0,569,874,0,6,0,0,NORMAL,0
INV-SYN-13566,TXN-SYN-13566,SUPP-NEXUS-02,BUYER-APEX-06,DB Schenker,1,89867.84,90542.58,0.0075,1.0652,644.81,500.98,0,0,522,810,0,8,1,0,NORMAL,0
INV-SYN-13567,TXN-SYN-13567,SUPP-PACIFIC-08,BUYER-APEX-06,DB Schenker,1,95143.46,96069.34,0.0097,1.2809,555.38,365.28,0,0,557,811,0,5,0,1,NORMAL,0
INV-SYN-13568,TXN-SYN-13568,SUPP-PREC-04,BUYER-VORTEX-02,Maersk Ocean Freight,1,100328.07,98403.42,-0.0192,1.0358,804.79,744.89,0,0,561,821,0,11,1,0,NORMAL,0
INV-SYN-13569,TXN-SYN-13569,SUPP-IND-05,BUYER-GLOBAL-05,Maersk Ocean Freight,1,196160.7,195053.47,-0.0056,1.2191,558.09,484.27,1,0,616,816,0,21,0,0,NORMAL,0
INV-SYN-13570,TXN-SYN-13570,SUPP-GLOBAL-01,BUYER-GLOBAL-05,FedEx International,1,111075.53,111530.89,0.0041,0.9294,717.97,660.74,0,0,570,817,0,10,0,0,NORMAL,0
INV-SYN-13571,TXN-SYN-13571,SUPP-NEXUS-02,BUYER-OMEGA-01,Kuehne+Nagel Logistics,1,112879.65,113369.74,0.0043,1.3338,481.58,441.17,0,0,523,875,0,2,1,1,NORMAL,0
INV-SYN-13572,TXN-SYN-13572,SUPP-TITAN-03,BUYER-OMEGA-01,DHL Global Express,1,302455.0,305187.38,0.009,1.09,370.73,318.79,1,0,603,876,0,15,0,0,NORMAL,0
INV-SYN-13573,TXN-SYN-13573,SUPP-NEXUS-02,BUYER-APEX-06,FedEx International,1,89123.6,88141.93,-0.011,1.037,816.9,742.2,0,0,524,812,0,15,0,0,NORMAL,0
INV-SYN-13574,TXN-SYN-13574,SUPP-PACIFIC-08,BUYER-VORTEX-02,Kuehne+Nagel Logistics,1,51186.35,51565.52,0.0074,0.6875,428.06,280.44,0,0,558,822,0,17,0,0,NORMAL,0
INV-SYN-13575,TXN-SYN-13575,SUPP-PREC-04,BUYER-VORTEX-02,Kuehne+Nagel Logistics,1,101815.2,101173.46,-0.0063,1.065,525.23,352.83,0,0,562,823,0,17,0,0,NORMAL,0
INV-SYN-13576,TXN-SYN-13576,SUPP-GLOBAL-01,BUYER-OMEGA-01,DHL Global Express,1,95041.35,93358.64,-0.0177,0.778,655.73,534.93,0,0,571,877,0,21,0,0,NORMAL,0
INV-SYN-13577,TXN-SYN-13577,SUPP-NEXUS-02,BUYER-APEX-06,Kuehne+Nagel Logistics,1,71436.49,71717.83,0.0039,0.8437,463.91,286.54,0,0,525,813,0,0,1,1,NORMAL,0
INV-SYN-13578,TXN-SYN-13578,SUPP-PACIFIC-08,BUYER-GLOBAL-05,Kuehne+Nagel Logistics,1,59711.71,60061.2,0.0059,0.8008,553.71,466.03,0,0,559,818,0,15,0,0,NORMAL,0
INV-SYN-13579,TXN-SYN-13579,SUPP-TITAN-03,BUYER-APEX-06,DHL Global Express,1,205363.55,206390.66,0.005,0.7371,387.61,339.15,1,0,604,814,0,13,1,0,NORMAL,0
INV-SYN-13580,TXN-SYN-13580,SUPP-TITAN-03,BUYER-STEEL-03,DHL Global Express,1,772987.63,888935.77,0.15,3.1748,125.1,13.62,1,1,605,105,0,3,0,1,SERIAL_COUNTERPARTY_SPIKE,1
INV-SYN-13581,TXN-SYN-13581,SUPP-IND-05,BUYER-GLOBAL-05,Maersk Ocean Freight,1,213253.56,214889.27,0.0077,1.3431,475.85,345.36,1,0,617,819,0,19,0,0,NORMAL,0
INV-SYN-13582,TXN-SYN-13582,SUPP-IND-05,BUYER-VORTEX-02,Kuehne+Nagel Logistics,1,236814.7,238051.1,0.0052,1.4878,960.52,770.06,1,0,618,824,0,20,0,0,NORMAL,0
INV-SYN-13583,TXN-SYN-13583,SUPP-TITAN-03,BUYER-VORTEX-02,FedEx International,1,194397.35,190971.54,-0.0176,0.682,799.05,728.69,1,0,606,825,0,15,0,0,NORMAL,0
INV-SYN-13584,TXN-SYN-13584,SUPP-IND-05,BUYER-APEX-06,FedEx International,1,162850.15,163177.09,0.002,1.0199,858.4,687.48,1,0,619,815,0,7,0,0,NORMAL,0
INV-SYN-13585,TXN-SYN-13585,SUPP-GLOBAL-01,BUYER-VORTEX-02,Maersk Ocean Freight,1,81194.77,81871.88,0.0083,0.6823,433.65,316.07,0,0,572,826,0,19,1,0,NORMAL,0
INV-SYN-13586,TXN-SYN-13586,SUPP-PREC-04,BUYER-APEX-06,Maersk Ocean Freight,1,78477.25,77228.33,-0.0159,0.8129,535.07,351.69,0,0,563,816,0,0,0,1,NORMAL,0
INV-SYN-13587,TXN-SYN-13587,SUPP-NEXUS-02,BUYER-APEX-06,FedEx International,1,65489.8,66108.46,0.0094,0.7777,392.47,243.78,0,0,526,817,0,15,0,0,NORMAL,0
INV-SYN-13588,TXN-SYN-13588,SUPP-PREC-04,BUYER-APEX-06,DHL Global Express,1,124440.12,125054.21,0.0049,1.3164,918.22,813.95,0,0,564,818,0,13,0,0,NORMAL,0
INV-SYN-13589,TXN-SYN-13589,SUPP-GLOBAL-01,BUYER-APEX-06,Maersk Ocean Freight,1,108113.11,107692.37,-0.0039,0.8974,787.16,622.64,0,0,573,819,0,9,0,0,NORMAL,0
INV-SYN-13590,TXN-SYN-13590,SUPP-TITAN-03,BUYER-GLOBAL-05,FedEx International,1,354786.55,351332.24,-0.0097,1.2548,914.77,812.42,1,0,607,820,0,19,1,0,NORMAL,0
INV-SYN-13591,TXN-SYN-13591,SUPP-NEXUS-02,BUYER-APEX-06,Maersk Ocean Freight,1,97837.57,97976.02,0.0014,1.1527,480.06,438.35,0,0,527,820,0,4,1,1,NORMAL,0
INV-SYN-13592,TXN-SYN-13592,SUPP-TITAN-03,BUYER-GLOBAL-05,FedEx International,1,441254.71,438648.87,-0.0059,1.5666,751.07,705.57,1,0,608,821,0,17,0,0,NORMAL,0
INV-SYN-13593,TXN-SYN-13593,SUPP-NEXUS-02,BUYER-VORTEX-02,Kuehne+Nagel Logistics,1,53561.81,53043.96,-0.0097,0.624,973.89,793.67,0,0,528,827,0,19,0,0,NORMAL,0
INV-SYN-13594,TXN-SYN-13594,SUPP-IND-05,BUYER-OMEGA-01,None,0,280158.76,280158.76,0.0,1.751,2.02,-1.0,1,0,620,878,0,14,0,0,RAPID_GHOST_SETTLEMENT,1
INV-SYN-13595,TXN-SYN-13595,SUPP-PREC-04,BUYER-VORTEX-02,Kuehne+Nagel Logistics,1,122227.97,122701.35,0.0039,1.2916,804.75,629.54,0,0,565,828,0,15,1,0,NORMAL,0
INV-SYN-13596,TXN-SYN-13596,SUPP-TITAN-03,BUYER-OMEGA-01,DHL Global Express,1,211863.48,210655.92,-0.0057,0.7523,578.85,455.81,1,0,609,879,0,14,1,0,NORMAL,0
INV-SYN-13597,TXN-SYN-13597,SUPP-IND-05,BUYER-APEX-06,Kuehne+Nagel Logistics,1,200285.33,201472.38,0.0059,1.2592,478.07,379.71,1,0,621,821,0,13,0,0,NORMAL,0
INV-SYN-13598,TXN-SYN-13598,SUPP-PREC-04,BUYER-GLOBAL-05,Maersk Ocean Freight,1,102983.44,100955.16,-0.0197,1.0627,735.31,548.94,0,0,566,822,0,5,0,1,NORMAL,0
INV-SYN-13599,TXN-SYN-13599,SUPP-TITAN-03,BUYER-APEX-06,FedEx International,1,264076.66,260603.5,-0.0132,0.9307,679.4,614.16,1,0,610,822,0,8,1,0,NORMAL,0
INV-SYN-13600,TXN-SYN-13600,SUPP-GLOBAL-01,BUYER-VORTEX-02,Kuehne+Nagel Logistics,1,95281.94,95097.92,-0.0019,0.7925,881.76,790.81,0,0,574,829,0,2,0,1,NORMAL,0
INV-SYN-13601,TXN-SYN-13601,SUPP-PREC-04,BUYER-OMEGA-01,FedEx International,1,77921.15,78347.41,0.0055,0.8247,821.46,646.43,0,0,567,880,0,6,0,0,NORMAL,0
INV-SYN-13602,TXN-SYN-13602,SUPP-TITAN-03,BUYER-GLOBAL-05,FedEx International,1,423486.85,422548.72,-0.0022,1.5091,660.38,493.05,1,0,611,823,0,11,0,0,NORMAL,0
INV-SYN-13603,TXN-SYN-13603,SUPP-GLOBAL-01,BUYER-APEX-06,FedEx International,1,120020.48,119910.71,-0.0009,0.9993,404.26,275.49,0,0,575,823,0,23,0,1,NORMAL,0
INV-SYN-13604,TXN-SYN-13604,SUPP-NEXUS-02,BUYER-OMEGA-01,DHL Global Express,1,101620.26,102499.93,0.0087,1.2059,782.13,656.29,0,0,529,881,0,15,0,0,NORMAL,0
INV-SYN-13605,TXN-SYN-13605,SUPP-NEXUS-02,BUYER-APEX-06,FedEx International,1,68193.39,68382.71,0.0028,0.8045,447.08,388.65,0,0,530,824,0,3,0,1,NORMAL,0
INV-SYN-13606,TXN-SYN-13606,SUPP-PREC-04,BUYER-OMEGA-01,DHL Global Express,1,76478.49,76985.42,0.0066,0.8104,419.82,262.91,0,0,568,882,0,21,0,0,NORMAL,0
INV-SYN-13607,TXN-SYN-13607,SUPP-PACIFIC-08,BUYER-OMEGA-01,Kuehne+Nagel Logistics,1,95287.22,94427.66,-0.009,1.259,478.2,408.12,0,0,560,883,0,10,0,0,NORMAL,0
INV-SYN-13608,TXN-SYN-13608,SUPP-NEXUS-02,BUYER-GLOBAL-05,Kuehne+Nagel Logistics,1,56321.51,55230.86,-0.0194,0.6498,669.8,534.6,0,0,531,824,0,5,0,1,NORMAL,0
INV-SYN-13609,TXN-SYN-13609,SUPP-IND-05,BUYER-APEX-06,DB Schenker,1,143391.45,141894.89,-0.0104,0.8868,594.33,498.9,1,0,622,825,0,8,0,0,NORMAL,0
INV-SYN-13610,TXN-SYN-13610,SUPP-IND-05,BUYER-GLOBAL-05,Maersk Ocean Freight,1,161361.1,162570.59,0.0075,1.0161,592.25,452.07,1,0,623,825,0,20,0,0,NORMAL,0
INV-SYN-13611,TXN-SYN-13611,SUPP-PREC-04,BUYER-GLOBAL-05,Maersk Ocean Freight,1,97645.1,97483.81,-0.0017,1.0261,349.1,255.25,0,0,569,826,0,18,0,0,NORMAL,0
INV-SYN-13612,TXN-SYN-13612,SUPP-TITAN-03,BUYER-GLOBAL-05,FedEx International,1,267463.47,264039.86,-0.0128,0.943,712.04,577.89,1,0,612,827,0,3,1,1,NORMAL,0
INV-SYN-13613,TXN-SYN-13613,SUPP-PACIFIC-08,BUYER-OMEGA-01,Maersk Ocean Freight,1,82421.62,81515.88,-0.011,1.0869,871.41,778.54,0,0,561,884,0,22,0,0,NORMAL,0
INV-SYN-13614,TXN-SYN-13614,SUPP-IND-05,BUYER-VORTEX-02,FedEx International,1,187714.23,189265.09,0.0083,1.1829,827.03,683.44,1,0,624,830,0,21,0,0,NORMAL,0
INV-SYN-13615,TXN-SYN-13615,SUPP-PACIFIC-08,BUYER-GLOBAL-05,DB Schenker,1,88774.45,89483.83,0.008,1.1931,810.16,627.14,0,0,562,828,0,12,0,0,NORMAL,0
INV-SYN-13616,TXN-SYN-13616,SUPP-IND-05,BUYER-VORTEX-02,DHL Global Express,1,120567.85,118425.26,-0.0178,0.7402,901.62,764.2,1,0,625,831,0,7,0,0,NORMAL,0
INV-SYN-13617,TXN-SYN-13617,SUPP-IND-05,BUYER-VORTEX-02,Maersk Ocean Freight,1,148633.8,149372.05,0.005,0.9336,760.7,666.32,1,0,626,832,0,23,1,1,NORMAL,0
INV-SYN-13618,TXN-SYN-13618,SUPP-TITAN-03,BUYER-VORTEX-02,FedEx International,1,363633.4,358591.73,-0.0139,1.2807,683.31,524.15,1,0,613,833,0,5,0,1,NORMAL,0
INV-SYN-13619,TXN-SYN-13619,SUPP-PREC-04,BUYER-GLOBAL-05,DB Schenker,1,116247.87,114012.61,-0.0192,1.2001,474.88,324.9,0,0,570,829,0,6,1,0,NORMAL,0
INV-SYN-13620,TXN-SYN-13620,SUPP-GLOBAL-01,BUYER-VORTEX-02,FedEx International,1,78814.22,78094.75,-0.0091,0.6508,843.98,674.1,0,0,576,834,0,16,1,0,NORMAL,0
INV-SYN-13621,TXN-SYN-13621,SUPP-GLOBAL-01,BUYER-VORTEX-02,DHL Global Express,1,130544.4,129047.76,-0.0115,1.0754,872.71,682.07,0,0,577,835,0,2,0,1,NORMAL,0
INV-SYN-13622,TXN-SYN-13622,SUPP-NEXUS-02,BUYER-VORTEX-02,DHL Global Express,1,42962.71,42666.06,-0.0069,0.502,666.7,585.52,0,0,532,836,0,9,0,0,NORMAL,0
INV-SYN-13623,TXN-SYN-13623,SUPP-GLOBAL-01,BUYER-VORTEX-02,DHL Global Express,1,121408.05,119302.4,-0.0173,0.9942,579.08,457.02,0,0,578,837,0,23,0,1,NORMAL,0
INV-SYN-13624,TXN-SYN-13624,SUPP-PACIFIC-08,BUYER-VORTEX-02,DHL Global Express,1,110583.13,110267.99,-0.0028,1.4702,791.39,664.44,0,0,563,838,0,5,0,1,NORMAL,0
INV-SYN-13625,TXN-SYN-13625,SUPP-TITAN-03,BUYER-APEX-06,FedEx International,1,213647.51,210995.38,-0.0124,0.7536,839.8,782.54,1,0,614,826,0,12,0,0,NORMAL,0
INV-SYN-13626,TXN-SYN-13626,SUPP-TITAN-03,BUYER-GLOBAL-05,DHL Global Express,1,221597.39,217739.45,-0.0174,0.7776,989.29,812.89,1,0,615,830,0,3,0,1,NORMAL,0
INV-SYN-13627,TXN-SYN-13627,SUPP-GLOBAL-01,BUYER-VORTEX-02,FedEx International,1,142920.89,143239.67,0.0022,1.1937,547.05,397.19,0,0,579,839,0,1,0,1,NORMAL,0
INV-SYN-13628,TXN-SYN-13628,SUPP-IND-05,BUYER-GLOBAL-05,DB Schenker,1,98287.94,96918.19,-0.0139,0.6057,629.17,499.44,1,0,627,831,0,23,0,1,NORMAL,0
INV-SYN-13629,TXN-SYN-13629,SUPP-NEXUS-02,BUYER-APEX-06,FedEx International,1,71553.96,71015.9,-0.0075,0.8355,479.17,414.21,0,0,533,827,0,3,0,1,NORMAL,0
INV-SYN-13630,TXN-SYN-13630,SUPP-NEXUS-02,BUYER-OMEGA-01,DB Schenker,1,97674.37,96162.58,-0.0155,1.1313,448.42,291.79,0,0,534,885,0,17,0,0,NORMAL,0
INV-SYN-13631,TXN-SYN-13631,SUPP-PACIFIC-08,BUYER-VORTEX-02,Maersk Ocean Freight,1,63107.14,63726.72,0.0098,0.8497,637.39,595.24,0,0,564,840,0,5,1,1,NORMAL,0
INV-SYN-13632,TXN-SYN-13632,SUPP-TITAN-03,BUYER-OMEGA-01,DB Schenker,1,263482.1,262367.38,-0.0042,0.937,696.99,567.02,1,0,616,886,0,6,0,0,NORMAL,0
INV-SYN-13633,TXN-SYN-13633,SUPP-IND-05,BUYER-OMEGA-01,Maersk Ocean Freight,1,189767.43,189828.69,0.0003,1.1864,417.78,334.67,1,0,628,887,0,1,0,1,NORMAL,0
INV-SYN-13634,TXN-SYN-13634,SUPP-GLOBAL-01,BUYER-OMEGA-01,FedEx International,1,132646.38,133450.98,0.0061,1.1121,323.69,282.06,0,0,580,888,0,21,0,0,NORMAL,0
INV-SYN-13635,TXN-SYN-13635,SUPP-NEXUS-02,BUYER-VORTEX-02,FedEx International,1,90669.89,91479.28,0.0089,1.0762,445.88,296.46,0,0,535,841,0,5,1,1,NORMAL,0
INV-SYN-13636,TXN-SYN-13636,SUPP-NEXUS-02,BUYER-VORTEX-02,Kuehne+Nagel Logistics,1,77793.65,78293.87,0.0064,0.9211,405.96,272.3,0,0,536,842,0,20,0,0,NORMAL,0
INV-SYN-13637,TXN-SYN-13637,SUPP-TITAN-03,BUYER-OMEGA-01,FedEx International,1,305904.28,300566.95,-0.0174,1.0735,824.36,654.47,1,0,617,889,0,18,0,0,NORMAL,0
INV-SYN-13638,TXN-SYN-13638,SUPP-IND-05,BUYER-OMEGA-01,Kuehne+Nagel Logistics,1,155050.69,156079.56,0.0066,0.9755,574.07,414.34,1,0,629,890,0,4,0,1,NORMAL,0
INV-SYN-13639,TXN-SYN-13639,SUPP-TITAN-03,BUYER-STEEL-03,Maersk Ocean Freight,1,312046.39,695226.51,1.228,2.483,605.63,462.97,1,1,618,106,0,16,0,0,AMOUNT_INFLATION,1
INV-SYN-13640,TXN-SYN-13640,SUPP-TITAN-03,BUYER-GLOBAL-05,DB Schenker,1,245214.76,247359.04,0.0087,0.8834,572.8,524.85,1,0,619,832,0,7,1,0,NORMAL,0
INV-SYN-13641,TXN-SYN-13641,SUPP-PREC-04,BUYER-GLOBAL-05,FedEx International,1,90663.99,90796.97,0.0015,0.9558,561.65,454.86,0,0,571,833,0,1,0,1,NORMAL,0
INV-SYN-13642,TXN-SYN-13642,SUPP-PACIFIC-08,BUYER-APEX-06,FedEx International,1,56438.29,55436.92,-0.0177,0.7392,405.47,310.6,0,0,565,828,0,7,0,0,NORMAL,0
INV-SYN-13643,TXN-SYN-13643,SUPP-GLOBAL-01,BUYER-VORTEX-02,DHL Global Express,1,118949.77,119995.39,0.0088,1.0,410.29,295.69,0,0,581,843,0,23,1,1,NORMAL,0
INV-SYN-13644,TXN-SYN-13644,SUPP-PACIFIC-08,BUYER-OMEGA-01,DHL Global Express,1,59793.73,60192.22,0.0067,0.8026,966.25,812.46,0,0,566,891,0,22,0,0,NORMAL,0
INV-SYN-13645,TXN-SYN-13645,SUPP-IND-05,BUYER-APEX-06,Kuehne+Nagel Logistics,1,115438.14,113842.0,-0.0138,0.7115,355.85,253.63,1,0,630,829,0,9,1,0,NORMAL,0
INV-SYN-13646,TXN-SYN-13646,SUPP-TITAN-03,BUYER-GLOBAL-05,Kuehne+Nagel Logistics,1,298106.28,297484.99,-0.0021,1.0624,644.95,478.33,1,0,620,834,0,14,0,0,NORMAL,0
INV-SYN-13647,TXN-SYN-13647,SUPP-IND-05,BUYER-VORTEX-02,FedEx International,1,168509.59,165831.59,-0.0159,1.0364,809.49,654.01,1,0,631,844,0,3,0,1,NORMAL,0
INV-SYN-13648,TXN-SYN-13648,SUPP-PHANTOM-07,BUYER-QUICK-04,DHL Global Express,1,538073.3,1209886.62,1.2486,2.6886,322.45,218.77,8,5,71,145,0,3,0,1,AMOUNT_INFLATION,1
INV-SYN-13649,TXN-SYN-13649,SUPP-GLOBAL-01,BUYER-APEX-06,DHL Global Express,1,107066.23,105511.43,-0.0145,0.8793,801.98,719.45,0,0,582,830,0,14,0,0,NORMAL,0
INV-SYN-13650,TXN-SYN-13650,SUPP-PREC-04,BUYER-GLOBAL-05,DB Schenker,1,104691.26,105041.92,0.0033,1.1057,737.83,656.09,0,0,572,835,0,10,0,0,NORMAL,0
INV-SYN-13651,TXN-SYN-13651,SUPP-IND-05,BUYER-VORTEX-02,Maersk Ocean Freight,1,182031.9,181946.84,-0.0005,1.1372,673.84,599.87,1,0,632,845,0,20,0,0,NORMAL,0
INV-SYN-13652,TXN-SYN-13652,SUPP-GLOBAL-01,BUYER-APEX-06,DB Schenker,1,133343.21,132774.9,-0.0043,1.1065,917.82,743.08,0,0,583,831,0,6,0,0,NORMAL,0
INV-SYN-13653,TXN-SYN-13653,SUPP-NEXUS-02,BUYER-GLOBAL-05,Maersk Ocean Freight,1,67454.86,66789.08,-0.0099,0.7858,918.16,839.36,0,0,537,836,0,19,0,0,NORMAL,0
INV-SYN-13654,TXN-SYN-13654,SUPP-TITAN-03,BUYER-QUICK-04,None,0,506419.68,506419.68,0.0,1.8086,2.84,-1.0,1,5,621,146,0,13,0,0,RAPID_GHOST_SETTLEMENT,1
INV-SYN-13655,TXN-SYN-13655,SUPP-NEXUS-02,BUYER-VORTEX-02,DB Schenker,1,92737.98,92392.98,-0.0037,1.087,844.05,666.26,0,0,538,846,0,19,0,0,NORMAL,0
INV-SYN-13656,TXN-SYN-13656,SUPP-IND-05,BUYER-STEEL-03,Maersk Ocean Freight,1,160287.14,263962.83,0.6468,1.6498,348.63,278.03,1,1,633,107,0,1,0,1,AMOUNT_INFLATION,1
INV-SYN-13657,TXN-SYN-13657,SUPP-IND-05,BUYER-GLOBAL-05,Kuehne+Nagel Logistics,1,76540.89,77073.43,0.007,0.4817,761.49,682.83,1,0,634,837,0,5,1,1,NORMAL,0
INV-SYN-13658,TXN-SYN-13658,SUPP-PACIFIC-08,BUYER-GLOBAL-05,FedEx International,1,78009.18,76989.34,-0.0131,1.0265,418.76,263.15,0,0,567,838,0,20,0,0,NORMAL,0
INV-SYN-13659,TXN-SYN-13659,SUPP-NEXUS-02,BUYER-OMEGA-01,Kuehne+Nagel Logistics,1,132016.28,130743.14,-0.0096,1.5382,590.78,528.47,0,0,539,892,0,22,0,0,NORMAL,0
INV-SYN-13660,TXN-SYN-13660,SUPP-GLOBAL-01,BUYER-OMEGA-01,DHL Global Express,1,109198.82,108696.68,-0.0046,0.9058,343.3,306.54,0,0,584,893,0,2,0,1,NORMAL,0
INV-SYN-13661,TXN-SYN-13661,SUPP-IND-05,BUYER-STEEL-03,Kuehne+Nagel Logistics,1,130876.92,283053.23,1.1627,1.7691,557.28,440.99,1,1,635,108,0,20,0,0,AMOUNT_INFLATION,1
INV-SYN-13662,TXN-SYN-13662,SUPP-GLOBAL-01,BUYER-APEX-06,DHL Global Express,1,131200.46,129041.93,-0.0165,1.0753,839.73,755.85,0,0,585,832,0,9,1,0,NORMAL,0
INV-SYN-13663,TXN-SYN-13663,SUPP-PREC-04,BUYER-OMEGA-01,DHL Global Express,1,102418.98,102237.41,-0.0018,1.0762,807.96,709.62,0,0,573,894,0,5,0,1,NORMAL,0
INV-SYN-13664,TXN-SYN-13664,SUPP-TITAN-03,BUYER-GLOBAL-05,Maersk Ocean Freight,1,363491.46,359161.7,-0.0119,1.2827,532.8,345.27,1,0,622,839,0,13,0,0,NORMAL,0
INV-SYN-13665,TXN-SYN-13665,SUPP-PREC-04,BUYER-VORTEX-02,FedEx International,1,65125.63,65294.42,0.0026,0.6873,720.18,539.9,0,0,574,847,0,10,1,0,NORMAL,0
INV-SYN-13666,TXN-SYN-13666,SUPP-GLOBAL-01,BUYER-GLOBAL-05,Maersk Ocean Freight,1,141941.41,139947.44,-0.014,1.1662,791.99,619.13,0,0,586,840,0,2,0,1,NORMAL,0
INV-SYN-13667,TXN-SYN-13667,SUPP-TITAN-03,BUYER-GLOBAL-05,Kuehne+Nagel Logistics,1,321329.54,323073.71,0.0054,1.1538,804.01,712.76,1,0,623,841,0,10,0,0,NORMAL,0
INV-SYN-13668,TXN-SYN-13668,SUPP-GLOBAL-01,BUYER-OMEGA-01,DB Schenker,1,115735.6,113445.0,-0.0198,0.9454,862.62,813.17,0,0,587,895,0,22,0,0,NORMAL,0
INV-SYN-13669,TXN-SYN-13669,SUPP-PACIFIC-08,BUYER-VORTEX-02,DB Schenker,1,81350.39,81615.84,0.0033,1.0882,651.05,465.84,0,0,568,848,0,15,1,0,NORMAL,0
INV-SYN-13670,TXN-SYN-13670,SUPP-IND-05,BUYER-APEX-06,Kuehne+Nagel Logistics,1,201178.3,201300.95,0.0006,1.2581,829.96,686.25,1,0,636,833,0,17,0,0,NORMAL,0
INV-SYN-13671,TXN-SYN-13671,SUPP-NEXUS-02,BUYER-APEX-06,DHL Global Express,1,103536.7,102185.82,-0.013,1.2022,898.73,805.38,0,0,540,834,0,14,0,0,NORMAL,0
INV-SYN-13672,TXN-SYN-13672,SUPP-TITAN-03,BUYER-APEX-06,DHL Global Express,1,199988.65,200728.57,0.0037,0.7169,774.75,708.54,1,0,624,835,0,5,0,1,NORMAL,0
INV-SYN-13673,TXN-SYN-13673,SUPP-IND-05,BUYER-OMEGA-01,DB Schenker,1,192806.33,194264.26,0.0076,1.2142,400.37,308.1,1,0,637,896,0,11,0,0,NORMAL,0
INV-SYN-13674,TXN-SYN-13674,SUPP-NEXUS-02,BUYER-APEX-06,DHL Global Express,1,83625.37,83936.59,0.0037,0.9875,553.89,384.33,0,0,541,836,0,7,0,0,NORMAL,0
INV-SYN-13675,TXN-SYN-13675,SUPP-IND-05,BUYER-GLOBAL-05,Kuehne+Nagel Logistics,1,162914.96,160579.51,-0.0143,1.0036,880.07,727.77,1,0,638,842,0,11,1,0,NORMAL,0
INV-SYN-13676,TXN-SYN-13676,SUPP-GLOBAL-01,BUYER-OMEGA-01,DB Schenker,1,122195.91,120385.16,-0.0148,1.0032,550.41,438.43,0,0,588,897,0,10,1,0,NORMAL,0
INV-SYN-13677,TXN-SYN-13677,SUPP-SUSP-06,BUYER-OMEGA-01,None,0,568935.91,568935.91,0.0,1.4588,2.1,-1.0,6,0,74,898,0,1,1,1,RAPID_GHOST_SETTLEMENT,1
INV-SYN-13678,TXN-SYN-13678,SUPP-PHANTOM-07,BUYER-QUICK-04,Kuehne+Nagel Logistics,1,584067.09,1447386.78,1.4781,3.2164,543.48,423.32,8,5,72,147,0,13,0,0,AMOUNT_INFLATION,1
INV-SYN-13679,TXN-SYN-13679,SUPP-PACIFIC-08,BUYER-GLOBAL-05,DB Schenker,1,73430.29,72249.01,-0.0161,0.9633,334.13,244.65,0,0,569,843,0,9,0,0,NORMAL,0
INV-SYN-13680,TXN-SYN-13680,SUPP-GLOBAL-01,BUYER-OMEGA-01,DHL Global Express,1,86413.62,87096.85,0.0079,0.7258,803.7,629.02,0,0,589,899,0,20,0,0,NORMAL,0
INV-SYN-13681,TXN-SYN-13681,SUPP-PREC-04,BUYER-VORTEX-02,Maersk Ocean Freight,1,85653.67,85125.08,-0.0062,0.8961,797.58,658.27,0,0,575,849,0,20,1,0,NORMAL,0
INV-SYN-13682,TXN-SYN-13682,SUPP-TITAN-03,BUYER-VORTEX-02,FedEx International,1,292508.63,292574.37,0.0002,1.0449,733.8,570.48,1,0,625,850,0,9,1,0,NORMAL,0
INV-SYN-13683,TXN-SYN-13683,SUPP-NEXUS-02,BUYER-APEX-06,DHL Global Express,1,111120.81,111339.55,0.002,1.3099,782.65,652.11,0,0,542,837,0,7,0,0,NORMAL,0
INV-SYN-13684,TXN-SYN-13684,SUPP-PACIFIC-08,BUYER-OMEGA-01,DHL Global Express,1,86308.03,85733.97,-0.0067,1.1431,423.83,315.27,0,0,570,900,0,14,1,0,NORMAL,0
INV-SYN-13685,TXN-SYN-13685,SUPP-PACIFIC-08,BUYER-GLOBAL-05,DHL Global Express,1,59052.46,58469.92,-0.0099,0.7796,781.79,682.6,0,0,571,844,0,11,0,0,NORMAL,0
INV-SYN-13686,TXN-SYN-13686,SUPP-SUSP-06,BUYER-GLOBAL-05,None,0,100000.0,100000.0,0.0,0.2564,43.7,9.18,6,0,75,845,1,2,1,1,OFF_HOURS_ROUND_SUM,1
INV-SYN-13687,TXN-SYN-13687,SUPP-TITAN-03,BUYER-VORTEX-02,FedEx International,1,298534.27,300507.57,0.0066,1.0732,799.09,623.94,1,0,626,851,0,16,1,0,NORMAL,0
INV-SYN-13688,TXN-SYN-13688,SUPP-PHANTOM-07,BUYER-QUICK-04,FedEx International,1,593481.46,1251341.69,1.1085,2.7808,321.87,269.24,8,5,73,148,0,7,0,0,AMOUNT_INFLATION,1
INV-SYN-13689,TXN-SYN-13689,SUPP-TITAN-03,BUYER-APEX-06,DHL Global Express,1,269379.99,267680.29,-0.0063,0.956,883.68,736.76,1,0,627,838,0,1,1,1,NORMAL,0
INV-SYN-13690,TXN-SYN-13690,SUPP-TITAN-03,BUYER-VORTEX-02,DB Schenker,1,317335.15,317928.07,0.0019,1.1355,805.28,759.18,1,0,628,852,0,23,0,1,NORMAL,0
INV-SYN-13691,TXN-SYN-13691,SUPP-PREC-04,BUYER-OMEGA-01,DHL Global Express,1,114937.38,114437.66,-0.0043,1.2046,928.16,799.42,0,0,576,901,0,13,1,0,NORMAL,0
INV-SYN-13692,TXN-SYN-13692,SUPP-PACIFIC-08,BUYER-OMEGA-01,Maersk Ocean Freight,1,154929.72,178169.18,0.15,2.3756,115.31,1.74,0,0,572,902,0,18,1,0,SERIAL_COUNTERPARTY_SPIKE,1
INV-SYN-13693,TXN-SYN-13693,SUPP-PREC-04,BUYER-OMEGA-01,FedEx International,1,120112.5,121311.31,0.01,1.277,445.79,276.21,0,0,577,903,0,12,0,0,NORMAL,0
INV-SYN-13694,TXN-SYN-13694,SUPP-IND-05,BUYER-APEX-06,Maersk Ocean Freight,1,194887.88,192764.17,-0.0109,1.2048,914.0,763.9,1,0,639,839,0,13,1,0,NORMAL,0
INV-SYN-13695,TXN-SYN-13695,SUPP-PREC-04,BUYER-VORTEX-02,DB Schenker,1,87516.69,87901.76,0.0044,0.9253,895.39,754.79,0,0,578,853,0,20,0,0,NORMAL,0
INV-SYN-13696,TXN-SYN-13696,SUPP-TITAN-03,BUYER-VORTEX-02,Maersk Ocean Freight,1,239977.78,242377.48,0.01,0.8656,716.12,575.74,1,0,629,854,0,9,0,0,NORMAL,0
INV-SYN-13697,TXN-SYN-13697,SUPP-PACIFIC-08,BUYER-STEEL-03,FedEx International,1,81236.39,168760.6,1.0774,2.2501,321.06,240.36,0,1,573,109,0,20,0,0,AMOUNT_INFLATION,1
INV-SYN-13698,TXN-SYN-13698,SUPP-GLOBAL-01,BUYER-VORTEX-02,DHL Global Express,1,147993.84,147918.96,-0.0005,1.2327,726.62,570.36,0,0,590,855,0,8,0,0,NORMAL,0
INV-SYN-13699,TXN-SYN-13699,SUPP-NEXUS-02,BUYER-VORTEX-02,DB Schenker,1,80267.19,80038.63,-0.0028,0.9416,612.81,485.46,0,0,543,856,0,4,0,1,NORMAL,0
INV-SYN-13700,TXN-SYN-13700,SUPP-PREC-04,BUYER-APEX-06,FedEx International,1,120297.83,118427.45,-0.0155,1.2466,672.73,569.59,0,0,579,840,0,11,0,0,NORMAL,0
INV-SYN-13701,TXN-SYN-13701,SUPP-SUSP-06,BUYER-QUICK-04,None,0,947664.73,947664.73,0.0,2.4299,3.96,-1.0,6,5,76,149,0,12,0,0,RAPID_GHOST_SETTLEMENT,1
INV-SYN-13702,TXN-SYN-13702,SUPP-GLOBAL-01,BUYER-OMEGA-01,DB Schenker,1,92510.37,93416.11,0.0098,0.7785,855.36,745.67,0,0,591,904,0,23,1,1,NORMAL,0
INV-SYN-13703,TXN-SYN-13703,SUPP-GLOBAL-01,BUYER-APEX-06,DHL Global Express,1,94892.38,93694.75,-0.0126,0.7808,673.79,556.64,0,0,592,841,0,14,1,0,NORMAL,0
INV-SYN-13704,TXN-SYN-13704,SUPP-IND-05,BUYER-APEX-06,DB Schenker,1,154385.0,154562.77,0.0012,0.966,478.68,374.88,1,0,640,842,0,13,0,0,NORMAL,0
INV-SYN-13705,TXN-SYN-13705,SUPP-GLOBAL-01,BUYER-APEX-06,DB Schenker,1,129228.38,129723.87,0.0038,1.081,964.52,818.34,0,0,593,843,0,19,1,0,NORMAL,0
INV-SYN-13706,TXN-SYN-13706,SUPP-IND-05,BUYER-VORTEX-02,Kuehne+Nagel Logistics,1,139017.32,137368.52,-0.0119,0.8586,595.13,535.02,1,0,641,857,0,12,1,0,NORMAL,0
INV-SYN-13707,TXN-SYN-13707,SUPP-TITAN-03,BUYER-APEX-06,Kuehne+Nagel Logistics,1,374654.19,377657.45,0.008,1.3488,512.02,448.57,1,0,630,844,0,21,0,0,NORMAL,0
INV-SYN-13708,TXN-SYN-13708,SUPP-PREC-04,BUYER-GLOBAL-05,Maersk Ocean Freight,1,105071.59,103818.15,-0.0119,1.0928,594.07,504.99,0,0,580,846,0,14,1,0,NORMAL,0
INV-SYN-13709,TXN-SYN-13709,SUPP-PREC-04,BUYER-APEX-06,DB Schenker,1,95936.87,95966.56,0.0003,1.0102,595.91,545.9,0,0,581,845,0,13,0,0,NORMAL,0
INV-SYN-13710,TXN-SYN-13710,SUPP-IND-05,BUYER-OMEGA-01,DB Schenker,1,102563.62,102315.35,-0.0024,0.6395,563.77,450.01,1,0,642,905,0,1,0,1,NORMAL,0
INV-SYN-13711,TXN-SYN-13711,SUPP-GLOBAL-01,BUYER-QUICK-04,None,0,92017.09,92017.09,0.0,0.7668,2.47,-1.0,0,5,594,150,0,9,0,0,RAPID_GHOST_SETTLEMENT,1
INV-SYN-13712,TXN-SYN-13712,SUPP-NEXUS-02,BUYER-APEX-06,FedEx International,1,90971.45,91817.57,0.0093,1.0802,792.2,747.09,0,0,544,846,0,12,0,0,NORMAL,0
INV-SYN-13713,TXN-SYN-13713,SUPP-PREC-04,BUYER-GLOBAL-05,Kuehne+Nagel Logistics,1,44350.85,44731.86,0.0086,0.4709,467.52,373.61,0,0,582,847,0,6,1,0,NORMAL,0
INV-SYN-13714,TXN-SYN-13714,SUPP-GLOBAL-01,BUYER-OMEGA-01,Maersk Ocean Freight,1,150379.12,149453.3,-0.0062,1.2454,862.28,705.34,0,0,595,906,0,18,0,0,NORMAL,0
INV-SYN-13715,TXN-SYN-13715,SUPP-GLOBAL-01,BUYER-APEX-06,FedEx International,1,115255.38,113249.5,-0.0174,0.9437,744.71,628.38,0,0,596,847,0,23,0,1,NORMAL,0
INV-SYN-13716,TXN-SYN-13716,SUPP-TITAN-03,BUYER-APEX-06,Maersk Ocean Freight,1,507016.51,504156.47,-0.0056,1.8006,719.91,664.85,1,0,631,848,0,4,0,1,NORMAL,0
INV-SYN-13717,TXN-SYN-13717,SUPP-NEXUS-02,BUYER-APEX-06,DHL Global Express,1,134043.22,133673.62,-0.0028,1.5726,861.49,672.07,0,0,545,849,0,15,0,0,NORMAL,0
INV-SYN-13718,TXN-SYN-13718,SUPP-TITAN-03,BUYER-VORTEX-02,FedEx International,1,267298.57,269363.31,0.0077,0.962,456.15,356.47,1,0,632,858,0,0,1,1,NORMAL,0
INV-SYN-13719,TXN-SYN-13719,SUPP-PREC-04,BUYER-APEX-06,DB Schenker,1,92474.5,93379.57,0.0098,0.9829,862.41,806.21,0,0,583,850,0,18,0,0,NORMAL,0
INV-SYN-13720,TXN-SYN-13720,SUPP-PACIFIC-08,BUYER-APEX-06,Kuehne+Nagel Logistics,1,93667.15,94453.4,0.0084,1.2594,440.95,323.89,0,0,574,851,0,18,0,0,NORMAL,0
INV-SYN-13721,TXN-SYN-13721,SUPP-NEXUS-02,BUYER-APEX-06,FedEx International,1,121192.42,119445.69,-0.0144,1.4052,454.35,301.2,0,0,546,852,0,7,0,0,NORMAL,0
INV-SYN-13722,TXN-SYN-13722,SUPP-NEXUS-02,BUYER-VORTEX-02,DHL Global Express,1,50191.88,50429.62,0.0047,0.5933,394.55,244.14,0,0,547,859,0,4,0,1,NORMAL,0
INV-SYN-13723,TXN-SYN-13723,SUPP-PACIFIC-08,BUYER-GLOBAL-05,DHL Global Express,1,41505.46,40933.87,-0.0138,0.5458,544.6,362.65,0,0,575,848,0,0,0,1,NORMAL,0
INV-SYN-13724,TXN-SYN-13724,SUPP-PREC-04,BUYER-OMEGA-01,FedEx International,1,80226.67,79082.05,-0.0143,0.8324,824.03,649.68,0,0,584,907,0,21,1,0,NORMAL,0
INV-SYN-13725,TXN-SYN-13725,SUPP-PACIFIC-08,BUYER-VORTEX-02,DHL Global Express,1,85926.33,85154.2,-0.009,1.1354,451.73,316.73,0,0,576,860,0,4,0,1,NORMAL,0
INV-SYN-13726,TXN-SYN-13726,SUPP-TITAN-03,BUYER-STEEL-03,Unregistered Logistics,1,750000.0,750000.0,0.0,2.6786,51.56,5.37,1,1,633,110,1,0,0,1,OFF_HOURS_ROUND_SUM,1
INV-SYN-13727,TXN-SYN-13727,SUPP-PACIFIC-08,BUYER-APEX-06,Maersk Ocean Freight,1,95058.21,95564.35,0.0053,1.2742,768.36,676.74,0,0,577,853,0,1,1,1,NORMAL,0
INV-SYN-13728,TXN-SYN-13728,SUPP-PACIFIC-08,BUYER-VORTEX-02,FedEx International,1,52505.67,52226.55,-0.0053,0.6964,662.83,518.14,0,0,578,861,0,17,0,0,NORMAL,0
INV-SYN-13729,TXN-SYN-13729,SUPP-PACIFIC-08,BUYER-VORTEX-02,FedEx International,1,31572.3,30969.38,-0.0191,0.4129,685.72,617.54,0,0,579,862,0,20,1,0,NORMAL,0
INV-SYN-13730,TXN-SYN-13730,SUPP-PREC-04,BUYER-VORTEX-02,DB Schenker,1,115377.84,116499.81,0.0097,1.2263,687.59,557.59,0,0,585,863,0,17,0,0,NORMAL,0
INV-SYN-13731,TXN-SYN-13731,SUPP-IND-05,BUYER-VORTEX-02,DB Schenker,1,126872.15,127994.54,0.0088,0.8,486.11,368.03,1,0,643,864,0,15,0,0,NORMAL,0
INV-SYN-13732,TXN-SYN-13732,SUPP-IND-05,BUYER-OMEGA-01,Kuehne+Nagel Logistics,1,79260.49,78761.5,-0.0063,0.4923,966.21,788.22,1,0,644,908,0,21,0,0,NORMAL,0
INV-SYN-13733,TXN-SYN-13733,SUPP-IND-05,BUYER-OMEGA-01,DB Schenker,1,165802.55,269217.89,0.6237,1.6826,311.77,254.69,1,0,645,909,0,18,0,0,AMOUNT_INFLATION,1
INV-SYN-13734,TXN-SYN-13734,SUPP-IND-05,BUYER-APEX-06,DHL Global Express,1,191727.03,192481.67,0.0039,1.203,474.24,316.66,1,0,646,854,0,15,0,0,NORMAL,0
INV-SYN-13735,TXN-SYN-13735,SUPP-GLOBAL-01,BUYER-APEX-06,DB Schenker,1,116338.29,117072.21,0.0063,0.9756,633.76,482.87,0,0,597,855,0,3,1,1,NORMAL,0
INV-SYN-13736,TXN-SYN-13736,SUPP-PACIFIC-08,BUYER-OMEGA-01,Kuehne+Nagel Logistics,1,66415.34,65999.07,-0.0063,0.88,681.04,490.53,0,0,580,910,0,11,0,0,NORMAL,0
INV-SYN-13737,TXN-SYN-13737,SUPP-GLOBAL-01,BUYER-GLOBAL-05,FedEx International,1,115219.13,114909.21,-0.0027,0.9576,444.37,325.4,0,0,598,849,0,10,1,0,NORMAL,0
INV-SYN-13738,TXN-SYN-13738,SUPP-IND-05,BUYER-GLOBAL-05,FedEx International,1,145176.69,142660.9,-0.0173,0.8916,706.63,556.64,1,0,647,850,0,19,0,0,NORMAL,0
INV-SYN-13739,TXN-SYN-13739,SUPP-NEXUS-02,BUYER-GLOBAL-05,DHL Global Express,1,56354.0,56021.01,-0.0059,0.6591,497.5,435.15,0,0,548,851,0,5,0,1,NORMAL,0
INV-SYN-13740,TXN-SYN-13740,SUPP-IND-05,BUYER-APEX-06,DB Schenker,1,131412.77,131453.53,0.0003,0.8216,728.01,646.0,1,0,648,856,0,8,0,0,NORMAL,0
INV-SYN-13741,TXN-SYN-13741,SUPP-PREC-04,BUYER-VORTEX-02,DB Schenker,1,107380.4,106061.25,-0.0123,1.1164,501.96,413.42,0,0,586,865,0,9,0,0,NORMAL,0
INV-SYN-13742,TXN-SYN-13742,SUPP-NEXUS-02,BUYER-GLOBAL-05,Kuehne+Nagel Logistics,1,91835.67,92049.0,0.0023,1.0829,807.92,707.22,0,0,549,852,0,0,1,1,NORMAL,0
INV-SYN-13743,TXN-SYN-13743,SUPP-PACIFIC-08,BUYER-GLOBAL-05,FedEx International,1,78151.12,77689.86,-0.0059,1.0359,374.9,258.79,0,0,581,853,0,1,1,1,NORMAL,0
INV-SYN-13744,TXN-SYN-13744,SUPP-TITAN-03,BUYER-STEEL-03,Kuehne+Nagel Logistics,1,453915.02,522002.27,0.15,1.8643,109.2,20.74,1,1,634,111,0,11,1,0,SERIAL_COUNTERPARTY_SPIKE,1
INV-SYN-13745,TXN-SYN-13745,SUPP-PACIFIC-08,BUYER-VORTEX-02,FedEx International,1,71596.82,71003.69,-0.0083,0.9467,831.87,671.89,0,0,582,866,0,11,0,0,NORMAL,0
INV-SYN-13746,TXN-SYN-13746,SUPP-TITAN-03,BUYER-VORTEX-02,FedEx International,1,215338.17,247638.9,0.15,0.8844,82.97,1.53,1,0,635,867,0,17,1,0,SERIAL_COUNTERPARTY_SPIKE,1
INV-SYN-13747,TXN-SYN-13747,SUPP-TITAN-03,BUYER-GLOBAL-05,Kuehne+Nagel Logistics,1,292493.37,496571.33,0.6977,1.7735,477.06,379.2,1,0,636,854,0,2,1,1,AMOUNT_INFLATION,1
INV-SYN-13748,TXN-SYN-13748,SUPP-PACIFIC-08,BUYER-OMEGA-01,FedEx International,1,101791.08,100390.05,-0.0138,1.3385,657.99,488.01,0,0,583,911,0,13,1,0,NORMAL,0
INV-SYN-13749,TXN-SYN-13749,SUPP-TITAN-03,BUYER-APEX-06,FedEx International,1,176810.75,176232.33,-0.0033,0.6294,763.76,638.68,1,0,637,857,0,20,0,0,NORMAL,0
INV-SYN-13750,TXN-SYN-13750,SUPP-IND-05,BUYER-GLOBAL-05,Kuehne+Nagel Logistics,1,136562.89,136413.08,-0.0011,0.8526,914.62,835.03,1,0,649,855,0,0,0,1,NORMAL,0
INV-SYN-13751,TXN-SYN-13751,SUPP-GLOBAL-01,BUYER-OMEGA-01,Maersk Ocean Freight,1,129873.2,129206.88,-0.0051,1.0767,968.45,789.17,0,0,599,912,0,9,0,0,NORMAL,0
INV-SYN-13752,TXN-SYN-13752,SUPP-PACIFIC-08,BUYER-GLOBAL-05,Maersk Ocean Freight,1,98490.8,98173.35,-0.0032,1.309,729.0,690.74,0,0,584,856,0,11,1,0,NORMAL,0
INV-SYN-13753,TXN-SYN-13753,SUPP-NEXUS-02,BUYER-GLOBAL-05,Maersk Ocean Freight,1,75475.23,76142.51,0.0088,0.8958,954.82,788.5,0,0,550,857,0,2,0,1,NORMAL,0
INV-SYN-13754,TXN-SYN-13754,SUPP-NEXUS-02,BUYER-VORTEX-02,Maersk Ocean Freight,1,70289.68,70503.6,0.003,0.8295,492.08,318.46,0,0,551,868,0,4,1,1,NORMAL,0
INV-SYN-13755,TXN-SYN-13755,SUPP-IND-05,BUYER-OMEGA-01,DHL Global Express,1,81243.07,80566.29,-0.0083,0.5035,661.66,571.88,1,0,650,913,0,20,0,0,NORMAL,0
INV-SYN-13756,TXN-SYN-13756,SUPP-PREC-04,BUYER-GLOBAL-05,DB Schenker,1,97456.66,96801.39,-0.0067,1.019,670.05,541.47,0,0,587,858,0,22,0,0,NORMAL,0
INV-SYN-13757,TXN-SYN-13757,SUPP-PREC-04,BUYER-GLOBAL-05,Kuehne+Nagel Logistics,1,143499.31,141765.94,-0.0121,1.4923,587.64,544.87,0,0,588,859,0,9,1,0,NORMAL,0
INV-SYN-13758,TXN-SYN-13758,SUPP-IND-05,BUYER-VORTEX-02,DHL Global Express,1,171094.34,169700.29,-0.0081,1.0606,482.4,329.88,1,0,651,869,0,5,0,1,NORMAL,0
INV-SYN-13759,TXN-SYN-13759,SUPP-GLOBAL-01,BUYER-APEX-06,FedEx International,1,119331.63,119816.89,0.0041,0.9985,583.69,399.13,0,0,600,858,0,1,0,1,NORMAL,0
INV-SYN-13760,TXN-SYN-13760,SUPP-NEXUS-02,BUYER-GLOBAL-05,Kuehne+Nagel Logistics,1,91844.25,90647.14,-0.013,1.0664,672.1,596.92,0,0,552,860,0,13,0,0,NORMAL,0
INV-SYN-13761,TXN-SYN-13761,SUPP-NEXUS-02,BUYER-OMEGA-01,DHL Global Express,1,84764.29,83328.7,-0.0169,0.9803,825.01,733.53,0,0,553,914,0,12,0,0,NORMAL,0
INV-SYN-13762,TXN-SYN-13762,SUPP-IND-05,BUYER-APEX-06,Maersk Ocean Freight,1,127479.43,126922.78,-0.0044,0.7933,803.69,760.67,1,0,652,859,0,2,0,1,NORMAL,0
INV-SYN-13763,TXN-SYN-13763,SUPP-PREC-04,BUYER-GLOBAL-05,DHL Global Express,1,114552.9,112264.22,-0.02,1.1817,449.91,367.16,0,0,589,861,0,5,0,1,NORMAL,0
INV-SYN-13764,TXN-SYN-13764,SUPP-PREC-04,BUYER-GLOBAL-05,DB Schenker,1,100361.84,99738.26,-0.0062,1.0499,464.12,313.52,0,0,590,862,0,23,0,1,NORMAL,0
INV-SYN-13765,TXN-SYN-13765,SUPP-PACIFIC-08,BUYER-OMEGA-01,Maersk Ocean Freight,1,75330.25,74244.58,-0.0144,0.9899,320.63,266.57,0,0,585,915,0,17,0,0,NORMAL,0
INV-SYN-13766,TXN-SYN-13766,SUPP-NEXUS-02,BUYER-APEX-06,Kuehne+Nagel Logistics,1,64273.47,64875.78,0.0094,0.7632,788.09,666.1,0,0,554,860,0,11,1,0,NORMAL,0
INV-SYN-13767,TXN-SYN-13767,SUPP-PACIFIC-08,BUYER-OMEGA-01,Maersk Ocean Freight,1,99440.77,100145.63,0.0071,1.3353,356.5,313.57,0,0,586,916,0,23,0,1,NORMAL,0
INV-SYN-13768,TXN-SYN-13768,SUPP-IND-05,BUYER-VORTEX-02,Kuehne+Nagel Logistics,1,186588.11,184943.19,-0.0088,1.1559,836.62,668.79,1,0,653,870,0,5,1,1,NORMAL,0
INV-SYN-13769,TXN-SYN-13769,SUPP-TITAN-03,BUYER-STEEL-03,None,0,750000.0,750000.0,0.0,2.6786,54.33,11.28,1,1,638,112,1,0,0,1,OFF_HOURS_ROUND_SUM,1
INV-SYN-13770,TXN-SYN-13770,SUPP-PREC-04,BUYER-VORTEX-02,DHL Global Express,1,118793.34,116458.68,-0.0197,1.2259,471.82,281.15,0,0,591,871,0,11,0,0,NORMAL,0
INV-SYN-13771,TXN-SYN-13771,SUPP-TITAN-03,BUYER-GLOBAL-05,Maersk Ocean Freight,1,245170.04,240963.0,-0.0172,0.8606,695.91,575.36,1,0,639,863,0,15,0,0,NORMAL,0
INV-SYN-13772,TXN-SYN-13772,SUPP-PREC-04,BUYER-OMEGA-01,DHL Global Express,1,76427.42,76291.96,-0.0018,0.8031,510.05,353.82,0,0,592,917,0,8,0,0,NORMAL,0
INV-SYN-13773,TXN-SYN-13773,SUPP-PREC-04,BUYER-GLOBAL-05,DHL Global Express,1,76957.05,76240.37,-0.0093,0.8025,697.95,643.11,0,0,593,864,0,22,0,0,NORMAL,0
INV-SYN-13774,TXN-SYN-13774,SUPP-PACIFIC-08,BUYER-VORTEX-02,DHL Global Express,1,41792.46,41679.27,-0.0027,0.5557,660.03,541.0,0,0,587,872,0,19,0,0,NORMAL,0
INV-SYN-13775,TXN-SYN-13775,SUPP-PACIFIC-08,BUYER-APEX-06,Maersk Ocean Freight,1,83841.42,82184.18,-0.0198,1.0958,643.98,606.19,0,0,588,861,0,15,0,0,NORMAL,0
INV-SYN-13776,TXN-SYN-13776,SUPP-NEXUS-02,BUYER-VORTEX-02,DB Schenker,1,46088.17,46205.07,0.0025,0.5436,968.15,784.3,0,0,555,873,0,12,0,0,NORMAL,0
INV-SYN-13777,TXN-SYN-13777,SUPP-SUSP-06,BUYER-STEEL-03,FedEx International,1,270226.73,412569.47,0.5268,1.0579,517.34,412.6,6,1,77,113,0,23,0,1,AMOUNT_INFLATION,1
INV-SYN-13778,TXN-SYN-13778,SUPP-GLOBAL-01,BUYER-VORTEX-02,DHL Global Express,1,57732.36,57189.12,-0.0094,0.4766,763.55,577.52,0,0,601,874,0,1,0,1,NORMAL,0
INV-SYN-13779,TXN-SYN-13779,SUPP-TITAN-03,BUYER-OMEGA-01,Kuehne+Nagel Logistics,1,273975.12,276251.87,0.0083,0.9866,928.66,763.67,1,0,640,918,0,12,0,0,NORMAL,0
INV-SYN-13780,TXN-SYN-13780,SUPP-GLOBAL-01,BUYER-APEX-06,FedEx International,1,115490.39,114989.68,-0.0043,0.9582,760.21,669.81,0,0,602,862,0,20,0,0,NORMAL,0
INV-SYN-13781,TXN-SYN-13781,SUPP-TITAN-03,BUYER-OMEGA-01,FedEx International,1,257131.27,252807.99,-0.0168,0.9029,926.79,783.07,1,0,641,919,0,19,1,0,NORMAL,0
INV-SYN-13782,TXN-SYN-13782,SUPP-PACIFIC-08,BUYER-VORTEX-02,Kuehne+Nagel Logistics,1,55451.67,55423.39,-0.0005,0.739,774.17,595.15,0,0,589,875,0,19,0,0,NORMAL,0
INV-SYN-13783,TXN-SYN-13783,SUPP-TITAN-03,BUYER-OMEGA-01,DHL Global Express,1,197943.64,196896.83,-0.0053,0.7032,361.28,310.73,1,0,642,920,0,5,0,1,NORMAL,0
INV-SYN-13784,TXN-SYN-13784,SUPP-PREC-04,BUYER-OMEGA-01,DHL Global Express,1,106028.78,104110.1,-0.0181,1.0959,689.11,640.34,0,0,594,921,0,0,0,1,NORMAL,0
INV-SYN-13785,TXN-SYN-13785,SUPP-IND-05,BUYER-GLOBAL-05,None,0,170674.13,170674.13,0.0,1.0667,1.32,-1.0,1,0,654,865,0,0,0,1,RAPID_GHOST_SETTLEMENT,1
INV-SYN-13786,TXN-SYN-13786,SUPP-TITAN-03,BUYER-APEX-06,FedEx International,1,302145.08,304398.56,0.0075,1.0871,417.99,372.7,1,0,643,863,0,9,0,0,NORMAL,0
INV-SYN-13787,TXN-SYN-13787,SUPP-TITAN-03,BUYER-GLOBAL-05,DB Schenker,1,218032.59,217301.99,-0.0034,0.7761,981.12,837.87,1,0,644,866,0,5,0,1,NORMAL,0
INV-SYN-13788,TXN-SYN-13788,SUPP-GLOBAL-01,BUYER-OMEGA-01,DB Schenker,1,125431.88,125571.96,0.0011,1.0464,832.48,697.69,0,0,603,922,0,0,0,1,NORMAL,0
INV-SYN-13789,TXN-SYN-13789,SUPP-IND-05,BUYER-OMEGA-01,DHL Global Express,1,212131.12,210175.12,-0.0092,1.3136,368.69,279.06,1,0,655,923,0,19,0,0,NORMAL,0
INV-SYN-13790,TXN-SYN-13790,SUPP-GLOBAL-01,BUYER-VORTEX-02,Maersk Ocean Freight,1,137584.97,134857.56,-0.0198,1.1238,760.69,705.58,0,0,604,876,0,0,0,1,NORMAL,0
INV-SYN-13791,TXN-SYN-13791,SUPP-PACIFIC-08,BUYER-OMEGA-01,DHL Global Express,1,67267.24,67429.66,0.0024,0.8991,927.8,765.87,0,0,590,924,0,16,0,0,NORMAL,0
INV-SYN-13792,TXN-SYN-13792,SUPP-PACIFIC-08,BUYER-OMEGA-01,DHL Global Express,1,79822.48,79422.32,-0.005,1.059,774.61,722.67,0,0,591,925,0,4,0,1,NORMAL,0
INV-SYN-13793,TXN-SYN-13793,SUPP-IND-05,BUYER-VORTEX-02,DB Schenker,1,150373.39,149909.89,-0.0031,0.9369,842.29,765.17,1,0,656,877,0,22,0,0,NORMAL,0
INV-SYN-13794,TXN-SYN-13794,SUPP-GLOBAL-01,BUYER-APEX-06,Maersk Ocean Freight,1,120236.41,120284.88,0.0004,1.0024,905.73,737.18,0,0,605,864,0,7,0,0,NORMAL,0
INV-SYN-13795,TXN-SYN-13795,SUPP-IND-05,BUYER-OMEGA-01,Maersk Ocean Freight,1,146975.56,144616.76,-0.016,0.9039,627.66,444.29,1,0,657,926,0,0,0,1,NORMAL,0
INV-SYN-13796,TXN-SYN-13796,SUPP-PREC-04,BUYER-VORTEX-02,Maersk Ocean Freight,1,91097.04,91017.82,-0.0009,0.9581,761.57,582.9,0,0,595,878,0,13,0,0,NORMAL,0
INV-SYN-13797,TXN-SYN-13797,SUPP-GLOBAL-01,BUYER-APEX-06,Maersk Ocean Freight,1,126362.8,126141.87,-0.0017,1.0512,404.62,325.85,0,0,606,865,0,10,0,0,NORMAL,0
INV-SYN-13798,TXN-SYN-13798,SUPP-IND-05,BUYER-OMEGA-01,Kuehne+Nagel Logistics,1,120265.65,119155.91,-0.0092,0.7447,965.69,784.62,1,0,658,927,0,8,0,0,NORMAL,0
INV-SYN-13799,TXN-SYN-13799,SUPP-IND-05,BUYER-APEX-06,Kuehne+Nagel Logistics,1,212990.51,244939.09,0.15,1.5309,219.53,137.46,1,0,659,866,0,15,1,0,SERIAL_COUNTERPARTY_SPIKE,1
INV-SYN-13800,TXN-SYN-13800,SUPP-PREC-04,BUYER-QUICK-04,Unregistered Logistics,1,450000.0,450000.0,0.0,4.7368,27.07,-20.22,0,5,596,151,1,1,1,1,OFF_HOURS_ROUND_SUM,1
INV-SYN-13801,TXN-SYN-13801,SUPP-TITAN-03,BUYER-APEX-06,FedEx International,1,167981.02,166234.87,-0.0104,0.5937,997.09,819.65,1,0,645,867,0,13,1,0,NORMAL,0
INV-SYN-13802,TXN-SYN-13802,SUPP-PHANTOM-07,BUYER-QUICK-04,FedEx International,1,313055.7,466172.39,0.4891,1.0359,482.2,396.74,8,5,74,152,0,9,0,0,AMOUNT_INFLATION,1
INV-SYN-13803,TXN-SYN-13803,SUPP-IND-05,BUYER-APEX-06,DB Schenker,1,166378.5,166884.26,0.003,1.043,400.6,316.48,1,0,660,868,0,3,0,1,NORMAL,0
INV-SYN-13804,TXN-SYN-13804,SUPP-PREC-04,BUYER-APEX-06,Kuehne+Nagel Logistics,1,73796.3,72422.15,-0.0186,0.7623,432.19,334.44,0,0,597,869,0,5,0,1,NORMAL,0
INV-SYN-13805,TXN-SYN-13805,SUPP-PREC-04,BUYER-APEX-06,Maersk Ocean Freight,1,107198.34,106004.21,-0.0111,1.1158,793.79,733.12,0,0,598,870,0,0,0,1,NORMAL,0
INV-SYN-13806,TXN-SYN-13806,SUPP-PREC-04,BUYER-VORTEX-02,FedEx International,1,95824.45,95968.57,0.0015,1.0102,463.12,404.11,0,0,599,879,0,0,0,1,NORMAL,0
INV-SYN-13807,TXN-SYN-13807,SUPP-NEXUS-02,BUYER-GLOBAL-05,DHL Global Express,1,43169.29,43377.98,0.0048,0.5103,337.3,240.41,0,0,556,867,0,3,0,1,NORMAL,0
INV-SYN-13808,TXN-SYN-13808,SUPP-TITAN-03,BUYER-GLOBAL-05,DHL Global Express,1,325848.29,327919.74,0.0064,1.1711,563.79,457.18,1,0,646,868,0,22,1,0,NORMAL,0
INV-SYN-13809,TXN-SYN-13809,SUPP-SUSP-06,BUYER-OMEGA-01,None,0,624459.73,624459.73,0.0,1.6012,3.95,-1.0,6,0,78,928,0,12,0,0,RAPID_GHOST_SETTLEMENT,1
INV-SYN-13810,TXN-SYN-13810,SUPP-NEXUS-02,BUYER-OMEGA-01,Maersk Ocean Freight,1,63880.42,63314.7,-0.0089,0.7449,708.11,607.57,0,0,557,929,0,22,0,0,NORMAL,0
INV-SYN-13811,TXN-SYN-13811,SUPP-IND-05,BUYER-VORTEX-02,DHL Global Express,1,176807.66,174064.03,-0.0155,1.0879,303.29,243.98,1,0,661,880,0,13,0,0,NORMAL,0
INV-SYN-13812,TXN-SYN-13812,SUPP-GLOBAL-01,BUYER-VORTEX-02,FedEx International,1,94305.05,94056.04,-0.0026,0.7838,854.28,675.32,0,0,607,881,0,11,0,0,NORMAL,0
INV-SYN-13813,TXN-SYN-13813,SUPP-TITAN-03,BUYER-OMEGA-01,Kuehne+Nagel Logistics,1,286836.93,281366.68,-0.0191,1.0049,724.12,547.2,1,0,647,930,0,6,0,0,NORMAL,0
INV-SYN-13814,TXN-SYN-13814,SUPP-TITAN-03,BUYER-VORTEX-02,Kuehne+Nagel Logistics,1,191485.11,191304.21,-0.0009,0.6832,767.69,595.04,1,0,648,882,0,0,0,1,NORMAL,0
INV-SYN-13815,TXN-SYN-13815,SUPP-IND-05,BUYER-VORTEX-02,DHL Global Express,1,88275.74,87314.6,-0.0109,0.5457,950.77,796.78,1,0,662,883,0,2,0,1,NORMAL,0
INV-SYN-13816,TXN-SYN-13816,SUPP-PREC-04,BUYER-VORTEX-02,DB Schenker,1,85908.09,84749.22,-0.0135,0.8921,892.44,759.3,0,0,600,884,0,16,0,0,NORMAL,0
INV-SYN-13817,TXN-SYN-13817,SUPP-NEXUS-02,BUYER-STEEL-03,Maersk Ocean Freight,1,132239.88,152075.86,0.15,1.7891,140.61,101.0,0,1,558,114,0,15,0,0,SERIAL_COUNTERPARTY_SPIKE,1
INV-SYN-13818,TXN-SYN-13818,SUPP-PREC-04,BUYER-APEX-06,Kuehne+Nagel Logistics,1,85555.11,85587.49,0.0004,0.9009,603.41,511.0,0,0,601,871,0,6,0,0,NORMAL,0
INV-SYN-13819,TXN-SYN-13819,SUPP-TITAN-03,BUYER-GLOBAL-05,Maersk Ocean Freight,1,197117.86,195641.52,-0.0075,0.6987,697.05,541.36,1,0,649,869,0,11,0,0,NORMAL,0
INV-SYN-13820,TXN-SYN-13820,SUPP-TITAN-03,BUYER-QUICK-04,None,0,332698.99,332698.99,0.0,1.1882,1.83,-1.0,1,5,650,153,0,8,1,0,RAPID_GHOST_SETTLEMENT,1
INV-SYN-13821,TXN-SYN-13821,SUPP-SUSP-06,BUYER-STEEL-03,None,0,907021.54,1043074.77,0.15,2.6746,103.34,25.86,6,1,79,115,0,3,0,1,SERIAL_COUNTERPARTY_SPIKE,1
INV-SYN-13822,TXN-SYN-13822,SUPP-GLOBAL-01,BUYER-GLOBAL-05,FedEx International,1,118653.21,117168.36,-0.0125,0.9764,660.89,572.41,0,0,608,870,0,17,1,0,NORMAL,0
INV-SYN-13823,TXN-SYN-13823,SUPP-IND-05,BUYER-VORTEX-02,Maersk Ocean Freight,1,167300.04,166321.64,-0.0058,1.0395,541.94,504.83,1,0,663,885,0,17,1,0,NORMAL,0
INV-SYN-13824,TXN-SYN-13824,SUPP-PREC-04,BUYER-APEX-06,FedEx International,1,79084.76,78401.93,-0.0086,0.8253,607.11,564.2,0,0,602,872,0,15,0,0,NORMAL,0
INV-SYN-13825,TXN-SYN-13825,SUPP-PREC-04,BUYER-GLOBAL-05,DHL Global Express,1,122828.3,122937.48,0.0009,1.2941,787.86,673.78,0,0,603,871,0,11,1,0,NORMAL,0
INV-SYN-13826,TXN-SYN-13826,SUPP-NEXUS-02,BUYER-OMEGA-01,FedEx International,1,60006.32,59370.38,-0.0106,0.6985,717.34,670.07,0,0,559,931,0,3,1,1,NORMAL,0
INV-SYN-13827,TXN-SYN-13827,SUPP-PREC-04,BUYER-GLOBAL-05,FedEx International,1,106579.56,104776.41,-0.0169,1.1029,634.91,477.68,0,0,604,872,0,1,1,1,NORMAL,0
INV-SYN-13828,TXN-SYN-13828,SUPP-GLOBAL-01,BUYER-OMEGA-01,DHL Global Express,1,155456.73,153725.88,-0.0111,1.281,570.32,394.15,0,0,609,932,0,17,1,0,NORMAL,0
INV-SYN-13829,TXN-SYN-13829,SUPP-TITAN-03,BUYER-VORTEX-02,Kuehne+Nagel Logistics,1,313663.57,315097.38,0.0046,1.1253,327.35,288.97,1,0,651,886,0,0,0,1,NORMAL,0
INV-SYN-13830,TXN-SYN-13830,SUPP-TITAN-03,BUYER-GLOBAL-05,Maersk Ocean Freight,1,265823.3,266794.51,0.0037,0.9528,580.73,451.52,1,0,652,873,0,9,1,0,NORMAL,0
INV-SYN-13831,TXN-SYN-13831,SUPP-SUSP-06,BUYER-VORTEX-02,DHL Global Express,1,530645.39,610242.2,0.15,1.5647,132.89,43.27,6,0,80,887,0,4,0,1,SERIAL_COUNTERPARTY_SPIKE,1
INV-SYN-13832,TXN-SYN-13832,SUPP-NEXUS-02,BUYER-VORTEX-02,FedEx International,1,107016.86,107398.35,0.0036,1.2635,794.86,613.33,0,0,560,888,0,12,0,0,NORMAL,0
INV-SYN-13833,TXN-SYN-13833,SUPP-IND-05,BUYER-APEX-06,FedEx International,1,103081.0,101097.16,-0.0192,0.6319,758.22,715.09,1,0,664,873,0,7,0,0,NORMAL,0
INV-SYN-13834,TXN-SYN-13834,SUPP-SUSP-06,BUYER-QUICK-04,None,0,500000.0,500000.0,0.0,1.2821,74.39,59.92,6,5,81,154,1,3,1,1,OFF_HOURS_ROUND_SUM,1
INV-SYN-13835,TXN-SYN-13835,SUPP-PREC-04,BUYER-APEX-06,FedEx International,1,85558.0,85670.65,0.0013,0.9018,490.5,309.36,0,0,605,874,0,18,0,0,NORMAL,0
INV-SYN-13836,TXN-SYN-13836,SUPP-IND-05,BUYER-VORTEX-02,FedEx International,1,209506.15,206919.55,-0.0123,1.2932,656.17,548.98,1,0,665,889,0,5,1,1,NORMAL,0
INV-SYN-13837,TXN-SYN-13837,SUPP-PREC-04,BUYER-GLOBAL-05,FedEx International,1,104019.48,102079.63,-0.0186,1.0745,490.01,310.51,0,0,606,874,0,18,0,0,NORMAL,0
INV-SYN-13838,TXN-SYN-13838,SUPP-NEXUS-02,BUYER-VORTEX-02,DHL Global Express,1,64429.03,64304.2,-0.0019,0.7565,874.82,797.63,0,0,561,890,0,12,0,0,NORMAL,0
INV-SYN-13839,TXN-SYN-13839,SUPP-PREC-04,BUYER-OMEGA-01,Maersk Ocean Freight,1,87630.19,86421.08,-0.0138,0.9097,733.46,679.1,0,0,607,933,0,9,0,0,NORMAL,0
INV-SYN-13840,TXN-SYN-13840,SUPP-PACIFIC-08,BUYER-VORTEX-02,Kuehne+Nagel Logistics,1,63481.44,63269.87,-0.0033,0.8436,758.14,673.83,0,0,592,891,0,14,0,0,NORMAL,0
INV-SYN-13841,TXN-SYN-13841,SUPP-PREC-04,BUYER-GLOBAL-05,Kuehne+Nagel Logistics,1,78142.51,76621.85,-0.0195,0.8065,854.6,755.78,0,0,608,875,0,9,1,0,NORMAL,0
INV-SYN-13842,TXN-SYN-13842,SUPP-TITAN-03,BUYER-APEX-06,FedEx International,1,348522.27,348580.23,0.0002,1.2449,443.32,337.23,1,0,653,875,0,13,1,0,NORMAL,0
INV-SYN-13843,TXN-SYN-13843,SUPP-IND-05,BUYER-VORTEX-02,DB Schenker,1,105130.27,106077.66,0.009,0.663,475.08,316.24,1,0,666,892,0,0,0,1,NORMAL,0
INV-SYN-13844,TXN-SYN-13844,SUPP-IND-05,BUYER-VORTEX-02,DB Schenker,1,224351.23,223252.66,-0.0049,1.3953,509.99,339.02,1,0,667,893,0,6,0,0,NORMAL,0
INV-SYN-13845,TXN-SYN-13845,SUPP-IND-05,BUYER-GLOBAL-05,FedEx International,1,193129.19,190041.03,-0.016,1.1878,676.0,599.22,1,0,668,876,0,6,0,0,NORMAL,0
INV-SYN-13846,TXN-SYN-13846,SUPP-NEXUS-02,BUYER-OMEGA-01,DB Schenker,1,108180.81,108360.14,0.0017,1.2748,931.16,838.98,0,0,562,934,0,12,1,0,NORMAL,0
INV-SYN-13847,TXN-SYN-13847,SUPP-PREC-04,BUYER-VORTEX-02,Kuehne+Nagel Logistics,1,84005.19,82417.54,-0.0189,0.8676,358.24,259.48,0,0,609,894,0,21,0,0,NORMAL,0
INV-SYN-13848,TXN-SYN-13848,SUPP-TITAN-03,BUYER-GLOBAL-05,Maersk Ocean Freight,1,269504.15,264878.12,-0.0172,0.946,430.92,363.35,1,0,654,877,0,2,0,1,NORMAL,0
INV-SYN-13849,TXN-SYN-13849,SUPP-SUSP-06,BUYER-STEEL-03,Unregistered Logistics,1,450000.0,450000.0,0.0,1.1538,24.55,7.01,6,1,82,116,1,2,0,1,OFF_HOURS_ROUND_SUM,1
INV-SYN-13850,TXN-SYN-13850,SUPP-PHANTOM-07,BUYER-QUICK-04,Maersk Ocean Freight,1,390975.48,740865.56,0.8949,1.6464,437.2,321.28,8,5,75,155,0,12,1,0,AMOUNT_INFLATION,1
INV-SYN-13851,TXN-SYN-13851,SUPP-PACIFIC-08,BUYER-VORTEX-02,DHL Global Express,1,84256.03,83208.95,-0.0124,1.1095,474.05,289.9,0,0,593,895,0,7,0,0,NORMAL,0
INV-SYN-13852,TXN-SYN-13852,SUPP-PREC-04,BUYER-GLOBAL-05,DB Schenker,1,125781.5,126759.01,0.0078,1.3343,875.04,723.89,0,0,610,878,0,15,0,0,NORMAL,0
INV-SYN-13853,TXN-SYN-13853,SUPP-PACIFIC-08,BUYER-GLOBAL-05,FedEx International,1,54240.81,53575.83,-0.0123,0.7143,587.21,539.78,0,0,594,879,0,1,0,1,NORMAL,0
INV-SYN-13854,TXN-SYN-13854,SUPP-NEXUS-02,BUYER-OMEGA-01,Kuehne+Nagel Logistics,1,77233.0,77665.13,0.0056,0.9137,508.05,441.87,0,0,563,935,0,3,0,1,NORMAL,0
INV-SYN-13855,TXN-SYN-13855,SUPP-PREC-04,BUYER-VORTEX-02,Kuehne+Nagel Logistics,1,91406.64,90843.25,-0.0062,0.9562,649.94,532.87,0,0,611,896,0,9,1,0,NORMAL,0
INV-SYN-13856,TXN-SYN-13856,SUPP-IND-05,BUYER-VORTEX-02,Maersk Ocean Freight,1,104168.43,103831.96,-0.0032,0.6489,340.8,293.58,1,0,669,897,0,9,0,0,NORMAL,0
INV-SYN-13857,TXN-SYN-13857,SUPP-TITAN-03,BUYER-OMEGA-01,DB Schenker,1,321394.45,317088.33,-0.0134,1.1325,417.08,254.09,1,0,655,936,0,12,1,0,NORMAL,0
INV-SYN-13858,TXN-SYN-13858,SUPP-IND-05,BUYER-GLOBAL-05,FedEx International,1,131040.39,131511.96,0.0036,0.8219,529.66,360.29,1,0,670,880,0,3,0,1,NORMAL,0
INV-SYN-13859,TXN-SYN-13859,SUPP-IND-05,BUYER-OMEGA-01,Maersk Ocean Freight,1,152184.39,151377.85,-0.0053,0.9461,858.87,759.53,1,0,671,937,0,2,1,1,NORMAL,0
INV-SYN-13860,TXN-SYN-13860,SUPP-GLOBAL-01,BUYER-OMEGA-01,Maersk Ocean Freight,1,106441.52,105027.8,-0.0133,0.8752,607.99,555.41,0,0,610,938,0,3,1,1,NORMAL,0
INV-SYN-13861,TXN-SYN-13861,SUPP-GLOBAL-01,BUYER-GLOBAL-05,Maersk Ocean Freight,1,96319.84,96558.86,0.0025,0.8047,640.02,539.63,0,0,611,881,0,20,1,0,NORMAL,0
INV-SYN-13862,TXN-SYN-13862,SUPP-NEXUS-02,BUYER-OMEGA-01,DHL Global Express,1,84850.29,84642.47,-0.0024,0.9958,796.4,758.4,0,0,564,939,0,18,0,0,NORMAL,0
INV-SYN-13863,TXN-SYN-13863,SUPP-IND-05,BUYER-APEX-06,Maersk Ocean Freight,1,151375.62,152588.6,0.008,0.9537,892.58,735.31,1,0,672,876,0,0,0,1,NORMAL,0
INV-SYN-13864,TXN-SYN-13864,SUPP-PACIFIC-08,BUYER-OMEGA-01,DB Schenker,1,68027.66,67950.46,-0.0011,0.906,743.33,582.41,0,0,595,940,0,17,1,0,NORMAL,0
INV-SYN-13865,TXN-SYN-13865,SUPP-GLOBAL-01,BUYER-GLOBAL-05,DHL Global Express,1,98146.15,97600.09,-0.0056,0.8133,587.58,468.85,0,0,612,882,0,16,0,0,NORMAL,0
INV-SYN-13866,TXN-SYN-13866,SUPP-IND-05,BUYER-APEX-06,DHL Global Express,1,172780.99,170523.61,-0.0131,1.0658,696.95,590.42,1,0,673,877,0,17,0,0,NORMAL,0
INV-SYN-13867,TXN-SYN-13867,SUPP-PREC-04,BUYER-OMEGA-01,FedEx International,1,134273.41,132317.95,-0.0146,1.3928,565.62,499.41,0,0,612,941,0,5,0,1,NORMAL,0
INV-SYN-13868,TXN-SYN-13868,SUPP-NEXUS-02,BUYER-VORTEX-02,DB Schenker,1,87972.6,87556.27,-0.0047,1.0301,599.66,503.3,0,0,565,898,0,4,0,1,NORMAL,0
INV-SYN-13869,TXN-SYN-13869,SUPP-NEXUS-02,BUYER-GLOBAL-05,Maersk Ocean Freight,1,106167.51,106020.31,-0.0014,1.2473,566.31,457.15,0,0,566,883,0,23,1,1,NORMAL,0
INV-SYN-13870,TXN-SYN-13870,SUPP-PACIFIC-08,BUYER-APEX-06,Kuehne+Nagel Logistics,1,48933.34,48185.08,-0.0153,0.6425,416.99,244.27,0,0,596,878,0,11,0,0,NORMAL,0
INV-SYN-13871,TXN-SYN-13871,SUPP-SUSP-06,BUYER-STEEL-03,FedEx International,1,799878.64,919860.44,0.15,2.3586,102.73,18.69,6,1,83,117,0,17,0,0,SERIAL_COUNTERPARTY_SPIKE,1
INV-SYN-13872,TXN-SYN-13872,SUPP-PHANTOM-07,BUYER-QUICK-04,None,0,606027.14,696931.21,0.15,1.5487,179.66,104.2,8,5,76,156,0,3,0,1,SERIAL_COUNTERPARTY_SPIKE,1
INV-SYN-13873,TXN-SYN-13873,SUPP-IND-05,BUYER-APEX-06,Maersk Ocean Freight,1,100923.0,99010.31,-0.019,0.6188,798.1,644.13,1,0,674,879,0,22,0,0,NORMAL,0
INV-SYN-13874,TXN-SYN-13874,SUPP-PREC-04,BUYER-VORTEX-02,Kuehne+Nagel Logistics,1,77439.93,77054.95,-0.005,0.8111,947.06,757.2,0,0,613,899,0,8,0,0,NORMAL,0
INV-SYN-13875,TXN-SYN-13875,SUPP-IND-05,BUYER-GLOBAL-05,Kuehne+Nagel Logistics,1,207675.97,209434.32,0.0085,1.309,583.15,404.28,1,0,675,884,0,10,1,0,NORMAL,0
INV-SYN-13876,TXN-SYN-13876,SUPP-PREC-04,BUYER-OMEGA-01,Kuehne+Nagel Logistics,1,117562.88,115919.7,-0.014,1.2202,747.15,634.71,0,0,614,942,0,7,1,0,NORMAL,0
INV-SYN-13877,TXN-SYN-13877,SUPP-TITAN-03,BUYER-APEX-06,DB Schenker,1,297010.33,298184.97,0.004,1.0649,657.38,506.67,1,0,656,880,0,7,0,0,NORMAL,0
INV-SYN-13878,TXN-SYN-13878,SUPP-PACIFIC-08,BUYER-APEX-06,Maersk Ocean Freight,1,46261.86,45696.47,-0.0122,0.6093,950.47,823.47,0,0,597,881,0,20,0,0,NORMAL,0
INV-SYN-13879,TXN-SYN-13879,SUPP-SUSP-06,BUYER-STEEL-03,Maersk Ocean Freight,1,791786.94,910554.98,0.15,2.3348,192.44,106.25,6,1,84,118,0,21,0,0,SERIAL_COUNTERPARTY_SPIKE,1
INV-SYN-13880,TXN-SYN-13880,SUPP-NEXUS-02,BUYER-GLOBAL-05,FedEx International,1,91411.13,90582.61,-0.0091,1.0657,705.37,600.31,0,0,567,885,0,10,0,0,NORMAL,0
INV-SYN-13881,TXN-SYN-13881,SUPP-GLOBAL-01,BUYER-GLOBAL-05,Maersk Ocean Freight,1,125266.09,125571.88,0.0024,1.0464,898.44,767.1,0,0,613,886,0,13,0,0,NORMAL,0
INV-SYN-13882,TXN-SYN-13882,SUPP-SUSP-06,BUYER-STEEL-03,Unregistered Logistics,1,300000.0,300000.0,0.0,0.7692,45.1,-0.81,6,1,85,119,1,4,1,1,OFF_HOURS_ROUND_SUM,1
INV-SYN-13883,TXN-SYN-13883,SUPP-TITAN-03,BUYER-VORTEX-02,Kuehne+Nagel Logistics,1,217677.75,214621.91,-0.014,0.7665,707.46,588.21,1,0,657,900,0,3,0,1,NORMAL,0
INV-SYN-13884,TXN-SYN-13884,SUPP-NEXUS-02,BUYER-OMEGA-01,DB Schenker,1,83638.35,83473.17,-0.002,0.982,349.0,265.74,0,0,568,943,0,14,0,0,NORMAL,0
INV-SYN-13885,TXN-SYN-13885,SUPP-TITAN-03,BUYER-OMEGA-01,Maersk Ocean Freight,1,317540.36,315558.25,-0.0062,1.127,337.05,292.42,1,0,658,944,0,17,1,0,NORMAL,0
INV-SYN-13886,TXN-SYN-13886,SUPP-GLOBAL-01,BUYER-APEX-06,DHL Global Express,1,54116.17,54350.16,0.0043,0.4529,574.75,428.54,0,0,614,882,0,5,0,1,NORMAL,0
INV-SYN-13887,TXN-SYN-13887,SUPP-GLOBAL-01,BUYER-VORTEX-02,Kuehne+Nagel Logistics,1,115136.28,114617.68,-0.0045,0.9551,790.6,618.98,0,0,615,901,0,9,0,0,NORMAL,0
INV-SYN-13888,TXN-SYN-13888,SUPP-PREC-04,BUYER-VORTEX-02,Maersk Ocean Freight,1,98397.41,97289.51,-0.0113,1.0241,726.18,628.63,0,0,615,902,0,17,0,0,NORMAL,0
INV-SYN-13889,TXN-SYN-13889,SUPP-TITAN-03,BUYER-APEX-06,FedEx International,1,339472.84,340276.38,0.0024,1.2153,856.69,782.06,1,0,659,883,0,11,0,0,NORMAL,0
INV-SYN-13890,TXN-SYN-13890,SUPP-PHANTOM-07,BUYER-QUICK-04,Maersk Ocean Freight,1,527946.48,1143014.2,1.165,2.54,535.3,414.54,8,5,77,157,0,17,0,0,AMOUNT_INFLATION,1
INV-SYN-13891,TXN-SYN-13891,SUPP-GLOBAL-01,BUYER-OMEGA-01,Kuehne+Nagel Logistics,1,137477.14,134814.82,-0.0194,1.1235,400.96,266.95,0,0,616,945,0,16,0,0,NORMAL,0
INV-SYN-13892,TXN-SYN-13892,SUPP-IND-05,BUYER-OMEGA-01,Maersk Ocean Freight,1,128002.38,127732.26,-0.0021,0.7983,879.99,826.05,1,0,676,946,0,7,0,0,NORMAL,0
INV-SYN-13893,TXN-SYN-13893,SUPP-TITAN-03,BUYER-APEX-06,FedEx International,1,146439.85,146295.67,-0.001,0.5225,905.05,837.51,1,0,660,884,0,23,0,1,NORMAL,0
INV-SYN-13894,TXN-SYN-13894,SUPP-GLOBAL-01,BUYER-APEX-06,Kuehne+Nagel Logistics,1,108208.42,106861.04,-0.0125,0.8905,932.08,757.33,0,0,617,885,0,6,0,0,NORMAL,0
INV-SYN-13895,TXN-SYN-13895,SUPP-PHANTOM-07,BUYER-STEEL-03,FedEx International,1,562683.58,1371660.88,1.4377,3.0481,403.05,267.56,8,1,78,120,0,20,0,0,AMOUNT_INFLATION,1
INV-SYN-13896,TXN-SYN-13896,SUPP-NEXUS-02,BUYER-APEX-06,Maersk Ocean Freight,1,114610.91,113706.01,-0.0079,1.3377,617.97,499.63,0,0,569,886,0,17,0,0,NORMAL,0
INV-SYN-13897,TXN-SYN-13897,SUPP-PREC-04,BUYER-OMEGA-01,DB Schenker,1,111875.54,111774.32,-0.0009,1.1766,826.75,648.12,0,0,616,947,0,11,0,0,NORMAL,0
INV-SYN-13898,TXN-SYN-13898,SUPP-IND-05,BUYER-STEEL-03,FedEx International,1,380162.95,437187.39,0.15,2.7324,93.4,14.68,1,1,677,121,0,1,0,1,SERIAL_COUNTERPARTY_SPIKE,1
INV-SYN-13899,TXN-SYN-13899,SUPP-PREC-04,BUYER-APEX-06,Maersk Ocean Freight,1,104016.44,103802.86,-0.0021,1.0927,943.74,815.97,0,0,617,887,0,13,0,0,NORMAL,0
INV-SYN-13900,TXN-SYN-13900,SUPP-GLOBAL-01,BUYER-VORTEX-02,DB Schenker,1,103316.44,102020.21,-0.0125,0.8502,607.69,507.54,0,0,618,903,0,15,0,0,NORMAL,0
INV-SYN-13901,TXN-SYN-13901,SUPP-TITAN-03,BUYER-OMEGA-01,Kuehne+Nagel Logistics,1,270895.78,266015.36,-0.018,0.9501,790.01,747.01,1,0,661,948,0,11,1,0,NORMAL,0
INV-SYN-13902,TXN-SYN-13902,SUPP-TITAN-03,BUYER-OMEGA-01,Kuehne+Nagel Logistics,1,396834.87,398644.48,0.0046,1.4237,339.19,261.49,1,0,662,949,0,3,1,1,NORMAL,0
INV-SYN-13903,TXN-SYN-13903,SUPP-IND-05,BUYER-APEX-06,Maersk Ocean Freight,1,228896.7,263231.21,0.15,1.6452,104.97,31.79,1,0,678,888,0,6,1,0,SERIAL_COUNTERPARTY_SPIKE,1
INV-SYN-13904,TXN-SYN-13904,SUPP-GLOBAL-01,BUYER-VORTEX-02,FedEx International,1,168443.36,169326.47,0.0052,1.4111,590.51,499.72,0,0,619,904,0,6,0,0,NORMAL,0
INV-SYN-13905,TXN-SYN-13905,SUPP-TITAN-03,BUYER-GLOBAL-05,Maersk Ocean Freight,1,257458.03,252364.78,-0.0198,0.9013,693.52,612.11,1,0,663,887,0,21,0,0,NORMAL,0
INV-SYN-13906,TXN-SYN-13906,SUPP-PREC-04,BUYER-VORTEX-02,Kuehne+Nagel Logistics,1,126479.01,126280.46,-0.0016,1.3293,637.95,572.45,0,0,618,905,0,12,1,0,NORMAL,0
INV-SYN-13907,TXN-SYN-13907,SUPP-IND-05,BUYER-VORTEX-02,Maersk Ocean Freight,1,103727.4,104098.36,0.0036,0.6506,548.78,387.42,1,0,679,906,0,19,0,0,NORMAL,0
INV-SYN-13908,TXN-SYN-13908,SUPP-GLOBAL-01,BUYER-APEX-06,DB Schenker,1,137577.13,136968.73,-0.0044,1.1414,889.57,737.18,0,0,620,889,0,7,0,0,NORMAL,0
INV-SYN-13909,TXN-SYN-13909,SUPP-TITAN-03,BUYER-GLOBAL-05,Maersk Ocean Freight,1,228426.09,227632.26,-0.0035,0.813,976.71,837.91,1,0,664,888,0,23,0,1,NORMAL,0
INV-SYN-13910,TXN-SYN-13910,SUPP-IND-05,BUYER-VORTEX-02,DHL Global Express,1,103389.31,104410.33,0.0099,0.6526,704.29,516.7,1,0,680,907,0,14,0,0,NORMAL,0
INV-SYN-13911,TXN-SYN-13911,SUPP-TITAN-03,BUYER-APEX-06,Kuehne+Nagel Logistics,1,295297.38,295710.02,0.0014,1.0561,700.98,611.59,1,0,665,890,0,6,1,0,NORMAL,0
INV-SYN-13912,TXN-SYN-13912,SUPP-GLOBAL-01,BUYER-OMEGA-01,DHL Global Express,1,150284.15,147995.11,-0.0152,1.2333,945.37,779.36,0,0,621,950,0,1,0,1,NORMAL,0
INV-SYN-13913,TXN-SYN-13913,SUPP-IND-05,BUYER-APEX-06,FedEx International,1,126202.34,124507.23,-0.0134,0.7782,971.82,786.15,1,0,681,891,0,14,0,0,NORMAL,0
INV-SYN-13914,TXN-SYN-13914,SUPP-TITAN-03,BUYER-APEX-06,DHL Global Express,1,175068.88,176657.03,0.0091,0.6309,692.74,504.1,1,0,666,892,0,14,0,0,NORMAL,0
INV-SYN-13915,TXN-SYN-13915,SUPP-PACIFIC-08,BUYER-OMEGA-01,DHL Global Express,1,73277.91,72417.29,-0.0117,0.9656,882.58,722.59,0,0,598,951,0,20,0,0,NORMAL,0
INV-SYN-13916,TXN-SYN-13916,SUPP-PACIFIC-08,BUYER-APEX-06,DB Schenker,1,73360.59,72252.89,-0.0151,0.9634,508.7,454.37,0,0,599,893,0,2,0,1,NORMAL,0
INV-SYN-13917,TXN-SYN-13917,SUPP-GLOBAL-01,BUYER-GLOBAL-05,DB Schenker,1,136449.59,134916.74,-0.0112,1.1243,391.29,324.02,0,0,622,889,0,0,0,1,NORMAL,0
INV-SYN-13918,TXN-SYN-13918,SUPP-GLOBAL-01,BUYER-APEX-06,Maersk Ocean Freight,1,148487.84,146080.77,-0.0162,1.2173,734.74,557.01,0,0,623,894,0,22,0,0,NORMAL,0
INV-SYN-13919,TXN-SYN-13919,SUPP-GLOBAL-01,BUYER-OMEGA-01,Maersk Ocean Freight,1,118217.54,119080.7,0.0073,0.9923,463.12,418.39,0,0,624,952,0,14,1,0,NORMAL,0
INV-SYN-13920,TXN-SYN-13920,SUPP-TITAN-03,BUYER-APEX-06,Kuehne+Nagel Logistics,1,409885.23,408035.07,-0.0045,1.4573,705.18,600.0,1,0,667,895,0,4,0,1,NORMAL,0
INV-SYN-13921,TXN-SYN-13921,SUPP-NEXUS-02,BUYER-VORTEX-02,Maersk Ocean Freight,1,89764.99,89899.7,0.0015,1.0576,517.56,382.02,0,0,570,908,0,4,0,1,NORMAL,0
INV-SYN-13922,TXN-SYN-13922,SUPP-GLOBAL-01,BUYER-GLOBAL-05,FedEx International,1,109607.2,109176.83,-0.0039,0.9098,810.63,698.81,0,0,625,890,0,10,0,0,NORMAL,0
INV-SYN-13923,TXN-SYN-13923,SUPP-PHANTOM-07,BUYER-VORTEX-02,Maersk Ocean Freight,1,268698.67,518617.93,0.9301,1.1525,317.17,251.45,8,0,79,909,0,11,0,0,AMOUNT_INFLATION,1
INV-SYN-13924,TXN-SYN-13924,SUPP-PREC-04,BUYER-APEX-06,DHL Global Express,1,88761.84,89072.8,0.0035,0.9376,581.1,441.93,0,0,619,896,0,12,0,0,NORMAL,0
INV-SYN-13925,TXN-SYN-13925,SUPP-TITAN-03,BUYER-OMEGA-01,Kuehne+Nagel Logistics,1,256452.91,258531.67,0.0081,0.9233,732.09,676.76,1,0,668,953,0,10,0,0,NORMAL,0
INV-SYN-13926,TXN-SYN-13926,SUPP-IND-05,BUYER-GLOBAL-05,Kuehne+Nagel Logistics,1,198412.19,196002.29,-0.0121,1.225,416.27,301.99,1,0,682,891,0,23,1,1,NORMAL,0
INV-SYN-13927,TXN-SYN-13927,SUPP-TITAN-03,BUYER-OMEGA-01,Maersk Ocean Freight,1,312373.85,313269.18,0.0029,1.1188,707.07,591.12,1,0,669,954,0,1,0,1,NORMAL,0
INV-SYN-13928,TXN-SYN-13928,SUPP-GLOBAL-01,BUYER-GLOBAL-05,Maersk Ocean Freight,1,84618.93,84222.29,-0.0047,0.7019,470.12,412.86,0,0,626,892,0,22,1,0,NORMAL,0
INV-SYN-13929,TXN-SYN-13929,SUPP-PACIFIC-08,BUYER-GLOBAL-05,Kuehne+Nagel Logistics,1,78229.77,78818.33,0.0075,1.0509,637.57,597.4,0,0,600,893,0,1,0,1,NORMAL,0
INV-SYN-13930,TXN-SYN-13930,SUPP-TITAN-03,BUYER-GLOBAL-05,FedEx International,1,327007.18,326366.26,-0.002,1.1656,621.75,460.96,1,0,670,894,0,12,0,0,NORMAL,0
INV-SYN-13931,TXN-SYN-13931,SUPP-TITAN-03,BUYER-OMEGA-01,FedEx International,1,386962.2,385117.82,-0.0048,1.3754,655.02,507.98,1,0,671,955,0,9,0,0,NORMAL,0
INV-SYN-13932,TXN-SYN-13932,SUPP-TITAN-03,BUYER-GLOBAL-05,Kuehne+Nagel Logistics,1,342125.28,343867.02,0.0051,1.2281,536.81,402.91,1,0,672,895,0,2,0,1,NORMAL,0
INV-SYN-13933,TXN-SYN-13933,SUPP-IND-05,BUYER-VORTEX-02,FedEx International,1,190433.87,191649.13,0.0064,1.1978,602.91,548.59,1,0,683,910,0,5,0,1,NORMAL,0
INV-SYN-13934,TXN-SYN-13934,SUPP-NEXUS-02,BUYER-GLOBAL-05,DB Schenker,1,86276.83,86653.6,0.0044,1.0195,596.7,521.96,0,0,571,896,0,23,0,1,NORMAL,0
INV-SYN-13935,TXN-SYN-13935,SUPP-GLOBAL-01,BUYER-OMEGA-01,Maersk Ocean Freight,1,131649.36,131823.25,0.0013,1.0985,772.28,599.91,0,0,627,956,0,23,1,1,NORMAL,0
INV-SYN-13936,TXN-SYN-13936,SUPP-TITAN-03,BUYER-GLOBAL-05,Maersk Ocean Freight,1,367465.34,368243.02,0.0021,1.3152,901.26,793.21,1,0,673,897,0,5,0,1,NORMAL,0
INV-SYN-13937,TXN-SYN-13937,SUPP-GLOBAL-01,BUYER-APEX-06,Kuehne+Nagel Logistics,1,80016.68,78890.39,-0.0141,0.6574,759.32,635.39,0,0,628,897,0,5,1,1,NORMAL,0
INV-SYN-13938,TXN-SYN-13938,SUPP-PREC-04,BUYER-OMEGA-01,DHL Global Express,1,86700.82,85913.61,-0.0091,0.9044,868.55,798.08,0,0,620,957,0,16,0,0,NORMAL,0
INV-SYN-13939,TXN-SYN-13939,SUPP-PREC-04,BUYER-APEX-06,Kuehne+Nagel Logistics,1,76651.49,76553.53,-0.0013,0.8058,580.11,420.68,0,0,621,898,0,18,0,0,NORMAL,0
INV-SYN-13940,TXN-SYN-13940,SUPP-NEXUS-02,BUYER-VORTEX-02,FedEx International,1,93057.0,93092.94,0.0004,1.0952,821.14,723.16,0,0,572,911,0,14,0,0,NORMAL,0
INV-SYN-13941,TXN-SYN-13941,SUPP-TITAN-03,BUYER-GLOBAL-05,DHL Global Express,1,366115.55,366409.51,0.0008,1.3086,605.37,537.86,1,0,674,898,0,17,0,0,NORMAL,0
INV-SYN-13942,TXN-SYN-13942,SUPP-PACIFIC-08,BUYER-OMEGA-01,DB Schenker,1,63806.73,63072.16,-0.0115,0.841,477.26,384.4,0,0,601,958,0,9,0,0,NORMAL,0
INV-SYN-13943,TXN-SYN-13943,SUPP-SUSP-06,BUYER-QUICK-04,None,0,450000.0,450000.0,0.0,1.1538,32.14,4.88,6,5,86,158,1,1,0,1,OFF_HOURS_ROUND_SUM,1
INV-SYN-13944,TXN-SYN-13944,SUPP-PACIFIC-08,BUYER-APEX-06,DB Schenker,1,67270.86,67662.33,0.0058,0.9022,373.06,272.38,0,0,602,899,0,12,0,0,NORMAL,0
INV-SYN-13945,TXN-SYN-13945,SUPP-IND-05,BUYER-GLOBAL-05,DB Schenker,1,196538.95,194386.0,-0.011,1.2149,456.35,294.99,1,0,684,899,0,0,0,1,NORMAL,0
INV-SYN-13946,TXN-SYN-13946,SUPP-IND-05,BUYER-APEX-06,Kuehne+Nagel Logistics,1,181505.2,178151.79,-0.0185,1.1134,360.62,293.28,1,0,685,900,0,6,0,0,NORMAL,0
INV-SYN-13947,TXN-SYN-13947,SUPP-TITAN-03,BUYER-APEX-06,DB Schenker,1,309973.04,310896.38,0.003,1.1103,564.66,514.07,1,0,675,901,0,19,1,0,NORMAL,0
INV-SYN-13948,TXN-SYN-13948,SUPP-NEXUS-02,BUYER-VORTEX-02,DB Schenker,1,79050.14,78379.12,-0.0085,0.9221,692.2,648.99,0,0,573,912,0,7,0,0,NORMAL,0
INV-SYN-13949,TXN-SYN-13949,SUPP-TITAN-03,BUYER-QUICK-04,Unregistered Logistics,1,750000.0,750000.0,0.0,2.6786,76.92,63.71,1,5,676,159,1,0,0,1,OFF_HOURS_ROUND_SUM,1
INV-SYN-13950,TXN-SYN-13950,SUPP-IND-05,BUYER-VORTEX-02,FedEx International,1,180611.77,177502.55,-0.0172,1.1094,437.56,343.93,1,0,686,913,0,1,0,1,NORMAL,0
INV-SYN-13951,TXN-SYN-13951,SUPP-NEXUS-02,BUYER-APEX-06,FedEx International,1,67271.51,65992.63,-0.019,0.7764,811.04,664.57,0,0,574,902,0,1,0,1,NORMAL,0
INV-SYN-13952,TXN-SYN-13952,SUPP-IND-05,BUYER-APEX-06,DHL Global Express,1,247363.87,246775.9,-0.0024,1.5423,704.26,639.41,1,0,687,903,0,21,0,0,NORMAL,0
INV-SYN-13953,TXN-SYN-13953,SUPP-NEXUS-02,BUYER-APEX-06,DHL Global Express,1,97123.28,97930.29,0.0083,1.1521,766.87,575.76,0,0,575,904,0,9,1,0,NORMAL,0
INV-SYN-13954,TXN-SYN-13954,SUPP-IND-05,BUYER-VORTEX-02,DB Schenker,1,136774.07,135201.14,-0.0115,0.845,482.11,299.6,1,0,688,914,0,15,1,0,NORMAL,0
INV-SYN-13955,TXN-SYN-13955,SUPP-PREC-04,BUYER-APEX-06,FedEx International,1,80479.6,79469.9,-0.0125,0.8365,857.08,683.49,0,0,622,905,0,11,1,0,NORMAL,0
INV-SYN-13956,TXN-SYN-13956,SUPP-IND-05,BUYER-VORTEX-02,FedEx International,1,156282.23,156435.51,0.001,0.9777,750.67,685.71,1,0,689,915,0,1,1,1,NORMAL,0
INV-SYN-13957,TXN-SYN-13957,SUPP-PREC-04,BUYER-APEX-06,Kuehne+Nagel Logistics,1,89311.83,88270.71,-0.0117,0.9292,573.73,424.17,0,0,623,906,0,23,0,1,NORMAL,0
INV-SYN-13958,TXN-SYN-13958,SUPP-GLOBAL-01,BUYER-GLOBAL-05,FedEx International,1,153505.01,153008.29,-0.0032,1.2751,852.55,696.98,0,0,629,900,0,22,0,0,NORMAL,0
INV-SYN-13959,TXN-SYN-13959,SUPP-IND-05,BUYER-APEX-06,Maersk Ocean Freight,1,167456.65,166329.72,-0.0067,1.0396,709.41,550.97,1,0,690,907,0,9,1,0,NORMAL,0
INV-SYN-13960,TXN-SYN-13960,SUPP-PACIFIC-08,BUYER-APEX-06,DB Schenker,1,61281.9,61627.66,0.0056,0.8217,419.79,341.26,0,0,603,908,0,9,0,0,NORMAL,0
INV-SYN-13961,TXN-SYN-13961,SUPP-PREC-04,BUYER-APEX-06,Kuehne+Nagel Logistics,1,139897.97,138384.09,-0.0108,1.4567,913.45,729.27,0,0,624,909,0,19,1,0,NORMAL,0
INV-SYN-13962,TXN-SYN-13962,SUPP-NEXUS-02,BUYER-GLOBAL-05,Kuehne+Nagel Logistics,1,86047.8,86418.77,0.0043,1.0167,569.55,482.03,0,0,576,901,0,16,1,0,NORMAL,0
INV-SYN-13963,TXN-SYN-13963,SUPP-PACIFIC-08,BUYER-VORTEX-02,Kuehne+Nagel Logistics,1,89415.74,88376.23,-0.0116,1.1783,898.22,715.34,0,0,604,916,0,14,1,0,NORMAL,0
INV-SYN-13964,TXN-SYN-13964,SUPP-IND-05,BUYER-OMEGA-01,Maersk Ocean Freight,1,135670.94,136778.32,0.0082,0.8549,861.02,699.4,1,0,691,959,0,12,1,0,NORMAL,0
INV-SYN-13965,TXN-SYN-13965,SUPP-IND-05,BUYER-APEX-06,DHL Global Express,1,174524.63,174529.89,0.0,1.0908,977.26,815.24,1,0,692,910,0,21,0,0,NORMAL,0
INV-SYN-13966,TXN-SYN-13966,SUPP-GLOBAL-01,BUYER-VORTEX-02,FedEx International,1,129333.3,128983.6,-0.0027,1.0749,798.34,638.99,0,0,630,917,0,1,1,1,NORMAL,0
INV-SYN-13967,TXN-SYN-13967,SUPP-PACIFIC-08,BUYER-VORTEX-02,DHL Global Express,1,39569.08,39442.68,-0.0032,0.5259,433.36,375.93,0,0,605,918,0,4,0,1,NORMAL,0
INV-SYN-13968,TXN-SYN-13968,SUPP-NEXUS-02,BUYER-VORTEX-02,Kuehne+Nagel Logistics,1,127824.6,127407.88,-0.0033,1.4989,723.39,645.29,0,0,577,919,0,21,0,0,NORMAL,0
INV-SYN-13969,TXN-SYN-13969,SUPP-GLOBAL-01,BUYER-VORTEX-02,DB Schenker,1,158719.33,157887.35,-0.0052,1.3157,901.12,818.2,0,0,631,920,0,19,0,0,NORMAL,0
INV-SYN-13970,TXN-SYN-13970,SUPP-PREC-04,BUYER-VORTEX-02,DB Schenker,1,85566.61,84536.8,-0.012,0.8899,558.46,471.03,0,0,625,921,0,9,0,0,NORMAL,0
INV-SYN-13971,TXN-SYN-13971,SUPP-SUSP-06,BUYER-QUICK-04,None,0,450000.0,450000.0,0.0,1.1538,25.21,-7.01,6,5,87,160,1,4,0,1,OFF_HOURS_ROUND_SUM,1
INV-SYN-13972,TXN-SYN-13972,SUPP-TITAN-03,BUYER-GLOBAL-05,Kuehne+Nagel Logistics,1,304329.31,304951.0,0.002,1.0891,809.98,631.0,1,0,677,902,0,7,0,0,NORMAL,0
INV-SYN-13973,TXN-SYN-13973,SUPP-TITAN-03,BUYER-GLOBAL-05,FedEx International,1,286068.84,282612.85,-0.0121,1.0093,526.39,339.37,1,0,678,903,0,5,0,1,NORMAL,0
INV-SYN-13974,TXN-SYN-13974,SUPP-GLOBAL-01,BUYER-GLOBAL-05,FedEx International,1,130670.07,129057.71,-0.0123,1.0755,873.45,769.69,0,0,632,904,0,17,0,0,NORMAL,0
INV-SYN-13975,TXN-SYN-13975,SUPP-TITAN-03,BUYER-VORTEX-02,DB Schenker,1,293410.42,290111.07,-0.0112,1.0361,548.47,498.78,1,0,679,922,0,0,1,1,NORMAL,0
INV-SYN-13976,TXN-SYN-13976,SUPP-TITAN-03,BUYER-APEX-06,FedEx International,1,315436.87,317318.06,0.006,1.1333,492.9,435.48,1,0,680,911,0,3,0,1,NORMAL,0
INV-SYN-13977,TXN-SYN-13977,SUPP-PACIFIC-08,BUYER-OMEGA-01,DHL Global Express,1,102136.98,101711.11,-0.0042,1.3561,863.3,722.68,0,0,606,960,0,23,0,1,NORMAL,0
INV-SYN-13978,TXN-SYN-13978,SUPP-PREC-04,BUYER-GLOBAL-05,DB Schenker,1,108492.45,107088.88,-0.0129,1.1273,517.09,431.7,0,0,626,905,0,15,1,0,NORMAL,0
INV-SYN-13979,TXN-SYN-13979,SUPP-IND-05,BUYER-OMEGA-01,FedEx International,1,118013.78,119154.59,0.0097,0.7447,844.08,665.74,1,0,693,961,0,11,0,0,NORMAL,0
INV-SYN-13980,TXN-SYN-13980,SUPP-IND-05,BUYER-APEX-06,FedEx International,1,214502.51,212855.71,-0.0077,1.3303,943.76,752.53,1,0,694,912,0,3,0,1,NORMAL,0
INV-SYN-13981,TXN-SYN-13981,SUPP-PACIFIC-08,BUYER-OMEGA-01,DHL Global Express,1,105761.52,104055.13,-0.0161,1.3874,308.83,240.94,0,0,607,962,0,2,0,1,NORMAL,0
INV-SYN-13982,TXN-SYN-13982,SUPP-GLOBAL-01,BUYER-OMEGA-01,FedEx International,1,214561.7,213431.38,-0.0053,1.7786,358.1,316.15,0,0,633,963,0,1,0,1,NORMAL,0
INV-SYN-13983,TXN-SYN-13983,SUPP-GLOBAL-01,BUYER-GLOBAL-05,Maersk Ocean Freight,1,86295.18,86899.71,0.007,0.7242,726.3,588.23,0,0,634,906,0,8,0,0,NORMAL,0
INV-SYN-13984,TXN-SYN-13984,SUPP-PREC-04,BUYER-GLOBAL-05,Kuehne+Nagel Logistics,1,100768.45,98816.35,-0.0194,1.0402,419.54,251.37,0,0,627,907,0,14,0,0,NORMAL,0
INV-SYN-13985,TXN-SYN-13985,SUPP-NEXUS-02,BUYER-GLOBAL-05,Maersk Ocean Freight,1,40755.4,40465.08,-0.0071,0.4761,554.71,369.34,0,0,578,908,0,7,0,0,NORMAL,0
INV-SYN-13986,TXN-SYN-13986,SUPP-IND-05,BUYER-VORTEX-02,Kuehne+Nagel Logistics,1,182125.97,183631.29,0.0083,1.1477,564.45,527.48,1,0,695,923,0,0,0,1,NORMAL,0
INV-SYN-13987,TXN-SYN-13987,SUPP-PACIFIC-08,BUYER-GLOBAL-05,DB Schenker,1,64721.24,63504.77,-0.0188,0.8467,738.68,690.7,0,0,608,909,0,19,0,0,NORMAL,0
INV-SYN-13988,TXN-SYN-13988,SUPP-NEXUS-02,BUYER-OMEGA-01,FedEx International,1,125873.22,125574.93,-0.0024,1.4774,814.71,733.86,0,0,579,964,0,1,0,1,NORMAL,0
INV-SYN-13989,TXN-SYN-13989,SUPP-GLOBAL-01,BUYER-GLOBAL-05,DHL Global Express,1,96761.55,95520.7,-0.0128,0.796,576.21,410.05,0,0,635,910,0,10,1,0,NORMAL,0
INV-SYN-13990,TXN-SYN-13990,SUPP-GLOBAL-01,BUYER-VORTEX-02,Kuehne+Nagel Logistics,1,69324.51,68455.69,-0.0125,0.5705,544.56,494.99,0,0,636,924,0,11,1,0,NORMAL,0
INV-SYN-13991,TXN-SYN-13991,SUPP-TITAN-03,BUYER-APEX-06,DHL Global Express,1,247011.54,243372.08,-0.0147,0.8692,849.99,782.6,1,0,681,913,0,22,0,0,NORMAL,0
INV-SYN-13992,TXN-SYN-13992,SUPP-TITAN-03,BUYER-GLOBAL-05,Kuehne+Nagel Logistics,1,141715.86,140660.87,-0.0074,0.5024,494.22,435.52,1,0,682,911,0,10,0,0,NORMAL,0
INV-SYN-13993,TXN-SYN-13993,SUPP-TITAN-03,BUYER-VORTEX-02,FedEx International,1,332576.96,335305.85,0.0082,1.1975,658.61,483.11,1,0,683,925,0,2,1,1,NORMAL,0
INV-SYN-13994,TXN-SYN-13994,SUPP-PREC-04,BUYER-OMEGA-01,DHL Global Express,1,45954.28,46033.35,0.0017,0.4846,827.14,773.56,0,0,628,965,0,13,0,0,NORMAL,0
INV-SYN-13995,TXN-SYN-13995,SUPP-TITAN-03,BUYER-APEX-06,Maersk Ocean Freight,1,281992.03,276704.7,-0.0187,0.9882,643.75,517.42,1,0,684,914,0,1,0,1,NORMAL,0
INV-SYN-13996,TXN-SYN-13996,SUPP-GLOBAL-01,BUYER-OMEGA-01,Kuehne+Nagel Logistics,1,57665.65,56656.32,-0.0175,0.4721,629.7,512.18,0,0,637,966,0,3,0,1,NORMAL,0
INV-SYN-13997,TXN-SYN-13997,SUPP-PACIFIC-08,BUYER-VORTEX-02,FedEx International,1,68994.42,69626.08,0.0092,0.9283,677.55,584.61,0,0,609,926,0,1,1,1,NORMAL,0
INV-SYN-13998,TXN-SYN-13998,SUPP-NEXUS-02,BUYER-VORTEX-02,Maersk Ocean Freight,1,119921.79,120635.46,0.006,1.4192,758.98,680.45,0,0,580,927,0,23,0,1,NORMAL,0
INV-SYN-13999,TXN-SYN-13999,SUPP-PACIFIC-08,BUYER-GLOBAL-05,Kuehne+Nagel Logistics,1,81762.15,82263.04,0.0061,1.0968,831.92,730.62,0,0,610,912,0,21,1,0,NORMAL,0
INV-SYN-14000,TXN-SYN-14000,SUPP-PREC-04,BUYER-GLOBAL-05,FedEx International,1,74492.03,74925.62,0.0058,0.7887,405.42,259.24,0,0,629,913,0,22,0,0,NORMAL,0
INV-SYN-14001,TXN-SYN-14001,SUPP-TITAN-03,BUYER-VORTEX-02,Maersk Ocean Freight,1,277815.76,274468.64,-0.012,0.9802,769.83,616.85,1,0,685,928,0,5,0,1,NORMAL,0
INV-SYN-14002,TXN-SYN-14002,SUPP-PACIFIC-08,BUYER-GLOBAL-05,DHL Global Express,1,75337.82,75127.33,-0.0028,1.0017,481.01,422.75,0,0,611,914,0,13,0,0,NORMAL,0
INV-SYN-14003,TXN-SYN-14003,SUPP-PACIFIC-08,BUYER-OMEGA-01,Maersk Ocean Freight,1,83861.82,82951.37,-0.0109,1.106,413.81,299.12,0,0,612,967,0,23,0,1,NORMAL,0
INV-SYN-14004,TXN-SYN-14004,SUPP-IND-05,BUYER-VORTEX-02,FedEx International,1,105325.67,104455.73,-0.0083,0.6528,467.51,374.56,1,0,696,929,0,14,1,0,NORMAL,0
INV-SYN-14005,TXN-SYN-14005,SUPP-PREC-04,BUYER-VORTEX-02,Maersk Ocean Freight,1,109073.47,106913.31,-0.0198,1.1254,771.13,659.94,0,0,630,930,0,23,1,1,NORMAL,0
INV-SYN-14006,TXN-SYN-14006,SUPP-NEXUS-02,BUYER-APEX-06,DB Schenker,1,27531.68,27024.77,-0.0184,0.3179,905.94,779.82,0,0,581,915,0,9,1,0,NORMAL,0
INV-SYN-14007,TXN-SYN-14007,SUPP-GLOBAL-01,BUYER-APEX-06,Kuehne+Nagel Logistics,1,101103.46,99880.76,-0.0121,0.8323,366.13,259.8,0,0,638,916,0,23,1,1,NORMAL,0
INV-SYN-14008,TXN-SYN-14008,SUPP-PACIFIC-08,BUYER-VORTEX-02,Maersk Ocean Freight,1,65844.87,65441.42,-0.0061,0.8726,669.74,504.5,0,0,613,931,0,0,1,1,NORMAL,0
INV-SYN-14009,TXN-SYN-14009,SUPP-GLOBAL-01,BUYER-VORTEX-02,DB Schenker,1,138999.8,139139.1,0.001,1.1595,912.21,779.11,0,0,639,932,0,11,0,0,NORMAL,0
INV-SYN-14010,TXN-SYN-14010,SUPP-NEXUS-02,BUYER-VORTEX-02,Kuehne+Nagel Logistics,1,85480.91,85380.69,-0.0012,1.0045,419.72,295.52,0,0,582,933,0,20,1,0,NORMAL,0
INV-SYN-14011,TXN-SYN-14011,SUPP-PACIFIC-08,BUYER-GLOBAL-05,Kuehne+Nagel Logistics,1,48645.69,47831.03,-0.0167,0.6377,560.05,464.99,0,0,614,915,0,5,0,1,NORMAL,0
INV-SYN-14012,TXN-SYN-14012,SUPP-TITAN-03,BUYER-OMEGA-01,DB Schenker,1,211050.48,211511.6,0.0022,0.7554,570.38,383.39,1,0,686,968,0,15,1,0,NORMAL,0
INV-SYN-14013,TXN-SYN-14013,SUPP-PACIFIC-08,BUYER-OMEGA-01,DB Schenker,1,78725.25,78770.04,0.0006,1.0503,438.87,290.38,0,0,615,969,0,9,0,0,NORMAL,0
INV-SYN-14014,TXN-SYN-14014,SUPP-PREC-04,BUYER-VORTEX-02,FedEx International,1,93122.15,93076.87,-0.0005,0.9798,949.16,837.02,0,0,631,934,0,10,0,0,NORMAL,0
INV-SYN-14015,TXN-SYN-14015,SUPP-PHANTOM-07,BUYER-QUICK-04,Maersk Ocean Freight,1,384848.54,690250.16,0.7936,1.5339,569.71,454.11,8,5,80,161,0,7,0,0,AMOUNT_INFLATION,1
INV-SYN-14016,TXN-SYN-14016,SUPP-TITAN-03,BUYER-VORTEX-02,Maersk Ocean Freight,1,246341.63,243883.5,-0.01,0.871,587.86,520.25,1,0,687,935,0,13,0,0,NORMAL,0
INV-SYN-14017,TXN-SYN-14017,SUPP-PACIFIC-08,BUYER-APEX-06,DHL Global Express,1,88053.15,88908.51,0.0097,1.1854,756.87,585.93,0,0,616,917,0,5,0,1,NORMAL,0
INV-SYN-14018,TXN-SYN-14018,SUPP-PREC-04,BUYER-VORTEX-02,Maersk Ocean Freight,1,82704.8,82214.3,-0.0059,0.8654,668.62,495.23,0,0,632,936,0,15,0,0,NORMAL,0
INV-SYN-14019,TXN-SYN-14019,SUPP-PACIFIC-08,BUYER-VORTEX-02,Kuehne+Nagel Logistics,1,73348.29,73159.71,-0.0026,0.9755,419.37,255.64,0,0,617,937,0,21,0,0,NORMAL,0
INV-SYN-14020,TXN-SYN-14020,SUPP-NEXUS-02,BUYER-APEX-06,DB Schenker,1,131111.15,131710.65,0.0046,1.5495,547.78,501.67,0,0,583,918,0,11,0,0,NORMAL,0
INV-SYN-14021,TXN-SYN-14021,SUPP-GLOBAL-01,BUYER-OMEGA-01,FedEx International,1,77289.52,77149.7,-0.0018,0.6429,684.13,501.6,0,0,640,970,0,2,0,1,NORMAL,0
INV-SYN-14022,TXN-SYN-14022,SUPP-GLOBAL-01,BUYER-OMEGA-01,DB Schenker,1,64444.72,64788.18,0.0053,0.5399,316.89,280.35,0,0,641,971,0,21,0,0,NORMAL,0
INV-SYN-14023,TXN-SYN-14023,SUPP-PREC-04,BUYER-OMEGA-01,Kuehne+Nagel Logistics,1,113610.25,112007.11,-0.0141,1.179,697.27,640.06,0,0,633,972,0,20,0,0,NORMAL,0
INV-SYN-14024,TXN-SYN-14024,SUPP-IND-05,BUYER-OMEGA-01,DB Schenker,1,132854.28,133561.1,0.0053,0.8348,657.36,517.1,1,0,697,973,0,21,1,0,NORMAL,0
INV-SYN-14025,TXN-SYN-14025,SUPP-PREC-04,BUYER-APEX-06,Kuehne+Nagel Logistics,1,87441.86,85915.02,-0.0175,0.9044,461.16,320.48,0,0,634,919,0,9,0,0,NORMAL,0
INV-SYN-14026,TXN-SYN-14026,SUPP-IND-05,BUYER-OMEGA-01,Unregistered Logistics,1,450000.0,450000.0,0.0,2.8125,25.83,-0.62,1,0,698,974,1,4,0,1,OFF_HOURS_ROUND_SUM,1
INV-SYN-14027,TXN-SYN-14027,SUPP-PREC-04,BUYER-APEX-06,Kuehne+Nagel Logistics,1,88829.75,87900.42,-0.0105,0.9253,785.98,657.22,0,0,635,920,0,7,0,0,NORMAL,0
INV-SYN-14028,TXN-SYN-14028,SUPP-IND-05,BUYER-OMEGA-01,Maersk Ocean Freight,1,223941.52,224954.42,0.0045,1.406,818.48,759.19,1,0,699,975,0,7,0,0,NORMAL,0
INV-SYN-14029,TXN-SYN-14029,SUPP-GLOBAL-01,BUYER-VORTEX-02,DB Schenker,1,144063.85,142220.52,-0.0128,1.1852,980.93,800.25,0,0,642,938,0,3,0,1,NORMAL,0
INV-SYN-14030,TXN-SYN-14030,SUPP-PACIFIC-08,BUYER-APEX-06,DB Schenker,1,91166.69,91341.57,0.0019,1.2179,502.88,344.82,0,0,618,921,0,17,1,0,NORMAL,0
INV-SYN-14031,TXN-SYN-14031,SUPP-GLOBAL-01,BUYER-OMEGA-01,Maersk Ocean Freight,1,77513.19,76209.05,-0.0168,0.6351,876.42,767.57,0,0,643,976,0,16,1,0,NORMAL,0
INV-SYN-14032,TXN-SYN-14032,SUPP-PACIFIC-08,BUYER-APEX-06,DB Schenker,1,53415.87,52650.64,-0.0143,0.702,438.88,318.43,0,0,619,922,0,15,0,0,NORMAL,0
INV-SYN-14033,TXN-SYN-14033,SUPP-GLOBAL-01,BUYER-APEX-06,Maersk Ocean Freight,1,34827.64,34404.98,-0.0121,0.2867,645.56,539.48,0,0,644,923,0,18,0,0,NORMAL,0
INV-SYN-14034,TXN-SYN-14034,SUPP-IND-05,BUYER-VORTEX-02,Maersk Ocean Freight,1,127624.77,128843.22,0.0095,0.8053,813.61,632.76,1,0,700,939,0,2,0,1,NORMAL,0
INV-SYN-14035,TXN-SYN-14035,SUPP-TITAN-03,BUYER-VORTEX-02,DB Schenker,1,346969.22,343910.79,-0.0088,1.2283,652.09,521.81,1,0,688,940,0,12,0,0,NORMAL,0
INV-SYN-14036,TXN-SYN-14036,SUPP-GLOBAL-01,BUYER-VORTEX-02,DB Schenker,1,135508.4,135940.76,0.0032,1.1328,527.5,360.09,0,0,645,941,0,16,0,0,NORMAL,0
INV-SYN-14037,TXN-SYN-14037,SUPP-PACIFIC-08,BUYER-APEX-06,FedEx International,1,70846.63,70334.66,-0.0072,0.9378,595.07,468.91,0,0,620,924,0,20,0,0,NORMAL,0
INV-SYN-14038,TXN-SYN-14038,SUPP-PREC-04,BUYER-OMEGA-01,DB Schenker,1,94470.37,94192.43,-0.0029,0.9915,539.59,353.49,0,0,636,977,0,13,0,0,NORMAL,0
INV-SYN-14039,TXN-SYN-14039,SUPP-TITAN-03,BUYER-VORTEX-02,DB Schenker,1,231778.01,228622.73,-0.0136,0.8165,574.94,527.03,1,0,689,942,0,12,0,0,NORMAL,0
INV-SYN-14040,TXN-SYN-14040,SUPP-SUSP-06,BUYER-STEEL-03,FedEx International,1,722249.03,830586.38,0.15,2.1297,127.69,72.06,6,1,88,122,0,1,1,1,SERIAL_COUNTERPARTY_SPIKE,1
INV-SYN-14041,TXN-SYN-14041,SUPP-PREC-04,BUYER-VORTEX-02,DB Schenker,1,113189.61,112957.2,-0.0021,1.189,892.84,813.66,0,0,637,943,0,7,1,0,NORMAL,0
INV-SYN-14042,TXN-SYN-14042,SUPP-TITAN-03,BUYER-APEX-06,Kuehne+Nagel Logistics,1,166887.92,164119.6,-0.0166,0.5861,717.66,594.53,1,0,690,925,0,11,0,0,NORMAL,0
INV-SYN-14043,TXN-SYN-14043,SUPP-PACIFIC-08,BUYER-VORTEX-02,DB Schenker,1,80618.39,79896.99,-0.0089,1.0653,930.65,824.13,0,0,621,944,0,22,0,0,NORMAL,0
INV-SYN-14044,TXN-SYN-14044,SUPP-NEXUS-02,BUYER-VORTEX-02,DB Schenker,1,104814.24,102978.01,-0.0175,1.2115,635.49,498.9,0,0,584,945,0,11,1,0,NORMAL,0
INV-SYN-14045,TXN-SYN-14045,SUPP-GLOBAL-01,BUYER-GLOBAL-05,None,0,189440.28,217856.32,0.15,1.8155,125.13,38.89,0,0,646,916,0,2,0,1,SERIAL_COUNTERPARTY_SPIKE,1
INV-SYN-14046,TXN-SYN-14046,SUPP-PREC-04,BUYER-APEX-06,Kuehne+Nagel Logistics,1,111641.64,112024.49,0.0034,1.1792,544.15,420.39,0,0,638,926,0,9,0,0,NORMAL,0
INV-SYN-14047,TXN-SYN-14047,SUPP-GLOBAL-01,BUYER-VORTEX-02,FedEx International,1,204439.63,201649.13,-0.0136,1.6804,585.8,449.85,0,0,647,946,0,4,0,1,NORMAL,0
INV-SYN-14048,TXN-SYN-14048,SUPP-IND-05,BUYER-OMEGA-01,DB Schenker,1,155826.29,154254.43,-0.0101,0.9641,415.3,324.43,1,0,701,978,0,17,0,0,NORMAL,0
INV-SYN-14049,TXN-SYN-14049,SUPP-PREC-04,BUYER-VORTEX-02,FedEx International,1,104341.04,103104.62,-0.0118,1.0853,509.72,468.32,0,0,639,947,0,15,0,0,NORMAL,0
INV-SYN-14050,TXN-SYN-14050,SUPP-PACIFIC-08,BUYER-GLOBAL-05,DB Schenker,1,61161.43,60584.69,-0.0094,0.8078,495.11,393.95,0,0,622,917,0,8,0,0,NORMAL,0
INV-SYN-14051,TXN-SYN-14051,SUPP-NEXUS-02,BUYER-OMEGA-01,Kuehne+Nagel Logistics,1,88851.59,88080.98,-0.0087,1.0362,990.87,825.89,0,0,585,979,0,8,0,0,NORMAL,0
INV-SYN-14052,TXN-SYN-14052,SUPP-IND-05,BUYER-GLOBAL-05,FedEx International,1,178410.86,176982.16,-0.008,1.1061,858.81,704.41,1,0,702,918,0,8,0,0,NORMAL,0
INV-SYN-14053,TXN-SYN-14053,SUPP-IND-05,BUYER-GLOBAL-05,DHL Global Express,1,167793.69,164972.18,-0.0168,1.0311,407.98,249.38,1,0,703,919,0,23,0,1,NORMAL,0
INV-SYN-14054,TXN-SYN-14054,SUPP-NEXUS-02,BUYER-APEX-06,FedEx International,1,63331.47,63191.52,-0.0022,0.7434,525.91,449.28,0,0,586,927,0,4,0,1,NORMAL,0
INV-SYN-14055,TXN-SYN-14055,SUPP-IND-05,BUYER-VORTEX-02,DB Schenker,1,168254.47,169723.62,0.0087,1.0608,772.48,719.82,1,0,704,948,0,11,1,0,NORMAL,0
INV-SYN-14056,TXN-SYN-14056,SUPP-IND-05,BUYER-APEX-06,FedEx International,1,218487.84,220266.76,0.0081,1.3767,951.71,815.63,1,0,705,928,0,2,0,1,NORMAL,0
INV-SYN-14057,TXN-SYN-14057,SUPP-PACIFIC-08,BUYER-VORTEX-02,DB Schenker,1,83411.92,84173.8,0.0091,1.1223,510.08,424.01,0,0,623,949,0,5,1,1,NORMAL,0
INV-SYN-14058,TXN-SYN-14058,SUPP-IND-05,BUYER-OMEGA-01,FedEx International,1,198479.49,196444.78,-0.0103,1.2278,533.66,419.74,1,0,706,980,0,23,0,1,NORMAL,0
INV-SYN-14059,TXN-SYN-14059,SUPP-TITAN-03,BUYER-APEX-06,Kuehne+Nagel Logistics,1,263409.16,258872.0,-0.0172,0.9245,600.29,411.78,1,0,691,929,0,1,0,1,NORMAL,0
INV-SYN-14060,TXN-SYN-14060,SUPP-PACIFIC-08,BUYER-VORTEX-02,Maersk Ocean Freight,1,89060.63,88086.01,-0.0109,1.1745,593.07,410.3,0,0,624,950,0,14,0,0,NORMAL,0
INV-SYN-14061,TXN-SYN-14061,SUPP-NEXUS-02,BUYER-OMEGA-01,Maersk Ocean Freight,1,90934.44,91738.79,0.0088,1.0793,830.99,665.43,0,0,587,981,0,10,0,0,NORMAL,0
INV-SYN-14062,TXN-SYN-14062,SUPP-PREC-04,BUYER-VORTEX-02,Kuehne+Nagel Logistics,1,72415.87,71510.58,-0.0125,0.7527,822.3,741.92,0,0,640,951,0,9,0,0,NORMAL,0
INV-SYN-14063,TXN-SYN-14063,SUPP-GLOBAL-01,BUYER-APEX-06,Kuehne+Nagel Logistics,1,129555.63,128111.49,-0.0111,1.0676,866.93,787.84,0,0,648,930,0,8,0,0,NORMAL,0
INV-SYN-14064,TXN-SYN-14064,SUPP-IND-05,BUYER-GLOBAL-05,DHL Global Express,1,120332.13,118861.15,-0.0122,0.7429,633.16,490.27,1,0,707,920,0,15,0,0,NORMAL,0
INV-SYN-14065,TXN-SYN-14065,SUPP-NEXUS-02,BUYER-OMEGA-01,DHL Global Express,1,71551.29,71361.16,-0.0027,0.8395,631.42,474.71,0,0,588,982,0,10,0,0,NORMAL,0
INV-SYN-14066,TXN-SYN-14066,SUPP-TITAN-03,BUYER-VORTEX-02,FedEx International,1,293252.98,292951.58,-0.001,1.0463,391.42,240.27,1,0,692,952,0,21,0,0,NORMAL,0
INV-SYN-14067,TXN-SYN-14067,SUPP-NEXUS-02,BUYER-VORTEX-02,DHL Global Express,1,91316.44,89782.4,-0.0168,1.0563,558.5,469.78,0,0,589,953,0,18,0,0,NORMAL,0
INV-SYN-14068,TXN-SYN-14068,SUPP-GLOBAL-01,BUYER-GLOBAL-05,Maersk Ocean Freight,1,84323.03,84317.44,-0.0001,0.7026,451.29,401.89,0,0,649,921,0,15,0,0,NORMAL,0
INV-SYN-14069,TXN-SYN-14069,SUPP-NEXUS-02,BUYER-VORTEX-02,DHL Global Express,1,107397.2,106649.99,-0.007,1.2547,416.39,324.29,0,0,590,954,0,16,1,0,NORMAL,0
INV-SYN-14070,TXN-SYN-14070,SUPP-TITAN-03,BUYER-QUICK-04,None,0,500000.0,500000.0,0.0,1.7857,59.99,24.7,1,5,693,162,1,0,0,1,OFF_HOURS_ROUND_SUM,1
INV-SYN-14071,TXN-SYN-14071,SUPP-PACIFIC-08,BUYER-APEX-06,FedEx International,1,61786.34,61599.41,-0.003,0.8213,828.44,682.63,0,0,625,931,0,4,0,1,NORMAL,0
INV-SYN-14072,TXN-SYN-14072,SUPP-TITAN-03,BUYER-VORTEX-02,DHL Global Express,1,172369.06,173133.21,0.0044,0.6183,800.84,630.25,1,0,694,955,0,14,0,0,NORMAL,0
INV-SYN-14073,TXN-SYN-14073,SUPP-NEXUS-02,BUYER-GLOBAL-05,DHL Global Express,1,81920.78,80995.55,-0.0113,0.9529,450.18,369.84,0,0,591,922,0,3,1,1,NORMAL,0
INV-SYN-14074,TXN-SYN-14074,SUPP-IND-05,BUYER-GLOBAL-05,FedEx International,1,142162.25,141011.18,-0.0081,0.8813,714.34,588.29,1,0,708,923,0,12,0,0,NORMAL,0
INV-SYN-14075,TXN-SYN-14075,SUPP-TITAN-03,BUYER-VORTEX-02,FedEx International,1,287919.83,283490.21,-0.0154,1.0125,909.77,732.47,1,0,695,956,0,19,0,0,NORMAL,0
INV-SYN-14076,TXN-SYN-14076,SUPP-GLOBAL-01,BUYER-OMEGA-01,DB Schenker,1,109106.5,109837.61,0.0067,0.9153,841.04,781.3,0,0,650,983,0,11,0,0,NORMAL,0
INV-SYN-14077,TXN-SYN-14077,SUPP-PACIFIC-08,BUYER-GLOBAL-05,DB Schenker,1,37360.18,37101.47,-0.0069,0.4947,1005.05,816.21,0,0,626,924,0,4,0,1,NORMAL,0
INV-SYN-14078,TXN-SYN-14078,SUPP-PREC-04,BUYER-APEX-06,DB Schenker,1,85776.76,84826.25,-0.0111,0.8929,375.69,328.13,0,0,641,932,0,12,0,0,NORMAL,0
INV-SYN-14079,TXN-SYN-14079,SUPP-NEXUS-02,BUYER-OMEGA-01,Maersk Ocean Freight,1,78505.59,77843.6,-0.0084,0.9158,984.01,809.65,0,0,592,984,0,20,0,0,NORMAL,0
INV-SYN-14080,TXN-SYN-14080,SUPP-GLOBAL-01,BUYER-APEX-06,DHL Global Express,1,139009.83,137368.59,-0.0118,1.1447,973.41,837.69,0,0,651,933,0,11,0,0,NORMAL,0
INV-SYN-14081,TXN-SYN-14081,SUPP-TITAN-03,BUYER-VORTEX-02,DHL Global Express,1,231126.02,231491.13,0.0016,0.8268,898.78,775.46,1,0,696,957,0,13,0,0,NORMAL,0
INV-SYN-14082,TXN-SYN-14082,SUPP-GLOBAL-01,BUYER-VORTEX-02,DHL Global Express,1,170360.24,168561.13,-0.0106,1.4047,513.02,455.58,0,0,652,958,0,23,0,1,NORMAL,0
INV-SYN-14083,TXN-SYN-14083,SUPP-IND-05,BUYER-VORTEX-02,Maersk Ocean Freight,1,83534.38,82454.67,-0.0129,0.5153,865.0,800.45,1,0,709,959,0,11,1,0,NORMAL,0
INV-SYN-14084,TXN-SYN-14084,SUPP-GLOBAL-01,BUYER-VORTEX-02,Maersk Ocean Freight,1,159335.02,159621.16,0.0018,1.3302,627.35,476.72,0,0,653,960,0,3,0,1,NORMAL,0
INV-SYN-14085,TXN-SYN-14085,SUPP-PREC-04,BUYER-APEX-06,FedEx International,1,89672.42,89573.06,-0.0011,0.9429,437.87,246.02,0,0,642,934,0,17,0,0,NORMAL,0
INV-SYN-14086,TXN-SYN-14086,SUPP-NEXUS-02,BUYER-GLOBAL-05,Maersk Ocean Freight,1,103266.18,103787.78,0.0051,1.221,489.54,335.36,0,0,593,925,0,1,0,1,NORMAL,0
INV-SYN-14087,TXN-SYN-14087,SUPP-IND-05,BUYER-APEX-06,Kuehne+Nagel Logistics,1,163192.06,160120.89,-0.0188,1.0008,363.7,257.78,1,0,710,935,0,15,0,0,NORMAL,0
INV-SYN-14088,TXN-SYN-14088,SUPP-NEXUS-02,BUYER-VORTEX-02,DB Schenker,1,109215.56,109110.1,-0.001,1.2836,829.91,690.78,0,0,594,961,0,21,0,0,NORMAL,0
INV-SYN-14089,TXN-SYN-14089,SUPP-PREC-04,BUYER-APEX-06,DB Schenker,1,85800.15,86426.38,0.0073,0.9098,743.65,660.48,0,0,643,936,0,19,0,0,NORMAL,0
INV-SYN-14090,TXN-SYN-14090,SUPP-PREC-04,BUYER-APEX-06,Maersk Ocean Freight,1,68907.76,67684.73,-0.0177,0.7125,453.1,347.09,0,0,644,937,0,8,0,0,NORMAL,0
INV-SYN-14091,TXN-SYN-14091,SUPP-TITAN-03,BUYER-OMEGA-01,Maersk Ocean Freight,1,379435.3,381323.67,0.005,1.3619,897.72,752.68,1,0,697,985,0,18,0,0,NORMAL,0
INV-SYN-14092,TXN-SYN-14092,SUPP-GLOBAL-01,BUYER-APEX-06,FedEx International,1,116595.58,114769.6,-0.0157,0.9564,607.33,446.8,0,0,654,938,0,13,0,0,NORMAL,0
INV-SYN-14093,TXN-SYN-14093,SUPP-NEXUS-02,BUYER-APEX-06,DB Schenker,1,89708.12,90296.68,0.0066,1.0623,699.72,595.57,0,0,595,939,0,12,0,0,NORMAL,0
INV-SYN-14094,TXN-SYN-14094,SUPP-NEXUS-02,BUYER-VORTEX-02,FedEx International,1,111238.48,111830.28,0.0053,1.3157,741.94,588.56,0,0,596,962,0,8,0,0,NORMAL,0
INV-SYN-14095,TXN-SYN-14095,SUPP-TITAN-03,BUYER-VORTEX-02,FedEx International,1,207763.13,207706.4,-0.0003,0.7418,878.59,717.02,1,0,698,963,0,11,0,0,NORMAL,0
INV-SYN-14096,TXN-SYN-14096,SUPP-IND-05,BUYER-VORTEX-02,FedEx International,1,183819.64,183717.28,-0.0006,1.1482,893.6,706.24,1,0,711,964,0,19,0,0,NORMAL,0
INV-SYN-14097,TXN-SYN-14097,SUPP-PREC-04,BUYER-APEX-06,DHL Global Express,1,80990.0,80531.85,-0.0057,0.8477,593.99,404.52,0,0,645,940,0,16,0,0,NORMAL,0
INV-SYN-14098,TXN-SYN-14098,SUPP-PACIFIC-08,BUYER-VORTEX-02,FedEx International,1,72521.82,73060.12,0.0074,0.9741,444.07,287.44,0,0,627,965,0,1,0,1,NORMAL,0
INV-SYN-14099,TXN-SYN-14099,SUPP-IND-05,BUYER-GLOBAL-05,Kuehne+Nagel Logistics,1,162891.16,159979.2,-0.0179,0.9999,697.6,649.02,1,0,712,926,0,23,0,1,NORMAL,0
INV-SYN-14100,TXN-SYN-14100,SUPP-IND-05,BUYER-VORTEX-02,Maersk Ocean Freight,1,99991.13,99943.54,-0.0005,0.6246,749.99,664.27,1,0,713,966,0,19,1,0,NORMAL,0
INV-SYN-14101,TXN-SYN-14101,SUPP-PACIFIC-08,BUYER-OMEGA-01,DHL Global Express,1,60396.81,60665.75,0.0045,0.8089,726.78,537.37,0,0,628,986,0,13,0,0,NORMAL,0
INV-SYN-14102,TXN-SYN-14102,SUPP-TITAN-03,BUYER-OMEGA-01,Maersk Ocean Freight,1,374575.1,373281.83,-0.0035,1.3331,736.6,579.81,1,0,699,987,0,13,0,0,NORMAL,0
INV-SYN-14103,TXN-SYN-14103,SUPP-PACIFIC-08,BUYER-APEX-06,Kuehne+Nagel Logistics,1,91616.08,90736.12,-0.0096,1.2098,757.56,662.61,0,0,629,941,0,17,0,0,NORMAL,0
INV-SYN-14104,TXN-SYN-14104,SUPP-PREC-04,BUYER-VORTEX-02,Maersk Ocean Freight,1,93512.31,92308.84,-0.0129,0.9717,968.93,787.17,0,0,646,967,0,19,0,0,NORMAL,0
INV-SYN-14105,TXN-SYN-14105,SUPP-TITAN-03,BUYER-OMEGA-01,Maersk Ocean Freight,1,297018.64,298413.49,0.0047,1.0658,528.92,406.74,1,0,700,988,0,6,0,0,NORMAL,0
INV-SYN-14106,TXN-SYN-14106,SUPP-NEXUS-02,BUYER-VORTEX-02,FedEx International,1,78747.35,78548.98,-0.0025,0.9241,818.8,730.28,0,0,597,968,0,13,0,0,NORMAL,0
INV-SYN-14107,TXN-SYN-14107,SUPP-NEXUS-02,BUYER-OMEGA-01,DHL Global Express,1,113827.4,113641.86,-0.0016,1.337,679.86,589.1,0,0,598,989,0,14,0,0,NORMAL,0
INV-SYN-14108,TXN-SYN-14108,SUPP-NEXUS-02,BUYER-GLOBAL-05,DHL Global Express,1,80742.51,80938.7,0.0024,0.9522,435.66,255.55,0,0,599,927,0,17,0,0,NORMAL,0
INV-SYN-14109,TXN-SYN-14109,SUPP-PREC-04,BUYER-APEX-06,Kuehne+Nagel Logistics,1,100506.25,98819.52,-0.0168,1.0402,449.57,377.63,0,0,647,942,0,17,1,0,NORMAL,0
INV-SYN-14110,TXN-SYN-14110,SUPP-GLOBAL-01,BUYER-STEEL-03,None,0,100000.0,100000.0,0.0,0.8333,34.94,5.07,0,1,655,123,1,3,0,1,OFF_HOURS_ROUND_SUM,1
INV-SYN-14111,TXN-SYN-14111,SUPP-TITAN-03,BUYER-VORTEX-02,Kuehne+Nagel Logistics,1,225584.0,225823.54,0.0011,0.8065,928.58,761.03,1,0,701,969,0,17,0,0,NORMAL,0
INV-SYN-14112,TXN-SYN-14112,SUPP-GLOBAL-01,BUYER-VORTEX-02,DB Schenker,1,166763.68,167561.11,0.0048,1.3963,370.13,307.22,0,0,656,970,0,20,0,0,NORMAL,0
INV-SYN-14113,TXN-SYN-14113,SUPP-IND-05,BUYER-OMEGA-01,DB Schenker,1,98781.54,99434.02,0.0066,0.6215,804.52,632.3,1,0,714,990,0,4,0,1,NORMAL,0
INV-SYN-14114,TXN-SYN-14114,SUPP-IND-05,BUYER-VORTEX-02,Maersk Ocean Freight,1,225185.69,226496.63,0.0058,1.4156,907.66,766.4,1,0,715,971,0,22,1,0,NORMAL,0
INV-SYN-14115,TXN-SYN-14115,SUPP-GLOBAL-01,BUYER-OMEGA-01,DB Schenker,1,108819.73,108083.79,-0.0068,0.9007,579.35,493.87,0,0,657,991,0,4,0,1,NORMAL,0
INV-SYN-14116,TXN-SYN-14116,SUPP-PREC-04,BUYER-VORTEX-02,FedEx International,1,89235.9,88269.87,-0.0108,0.9292,550.4,383.16,0,0,648,972,0,5,0,1,NORMAL,0
INV-SYN-14117,TXN-SYN-14117,SUPP-GLOBAL-01,BUYER-OMEGA-01,FedEx International,1,63299.69,62990.54,-0.0049,0.5249,333.57,272.3,0,0,658,992,0,5,0,1,NORMAL,0
INV-SYN-14118,TXN-SYN-14118,SUPP-SUSP-06,BUYER-GLOBAL-05,DB Schenker,1,345657.52,477271.36,0.3808,1.2238,280.54,154.39,6,0,89,928,0,21,0,0,AMOUNT_INFLATION,1
INV-SYN-14119,TXN-SYN-14119,SUPP-GLOBAL-01,BUYER-VORTEX-02,DHL Global Express,1,88805.8,87823.18,-0.0111,0.7319,830.99,646.51,0,0,659,973,0,15,0,0,NORMAL,0
INV-SYN-14120,TXN-SYN-14120,SUPP-GLOBAL-01,BUYER-VORTEX-02,Maersk Ocean Freight,1,101770.61,100202.53,-0.0154,0.835,302.07,254.24,0,0,660,974,0,11,0,0,NORMAL,0
INV-SYN-14121,TXN-SYN-14121,SUPP-GLOBAL-01,BUYER-APEX-06,DHL Global Express,1,115880.67,115363.13,-0.0045,0.9614,682.48,494.77,0,0,661,943,0,8,1,0,NORMAL,0
INV-SYN-14122,TXN-SYN-14122,SUPP-IND-05,BUYER-APEX-06,FedEx International,1,198311.66,198162.11,-0.0008,1.2385,830.34,695.69,1,0,716,944,0,17,0,0,NORMAL,0
INV-SYN-14123,TXN-SYN-14123,SUPP-TITAN-03,BUYER-APEX-06,FedEx International,1,294532.23,296187.82,0.0056,1.0578,886.29,817.59,1,0,702,945,0,16,0,0,NORMAL,0
INV-SYN-14124,TXN-SYN-14124,SUPP-TITAN-03,BUYER-VORTEX-02,FedEx International,1,301537.37,301515.88,-0.0001,1.0768,499.98,424.07,1,0,703,975,0,1,0,1,NORMAL,0
INV-SYN-14125,TXN-SYN-14125,SUPP-NEXUS-02,BUYER-OMEGA-01,DHL Global Express,1,61720.21,61154.65,-0.0092,0.7195,588.38,416.54,0,0,600,993,0,6,0,0,NORMAL,0
INV-SYN-14126,TXN-SYN-14126,SUPP-PREC-04,BUYER-OMEGA-01,DHL Global Express,1,74082.09,73998.39,-0.0011,0.7789,433.89,380.65,0,0,649,994,0,20,1,0,NORMAL,0
INV-SYN-14127,TXN-SYN-14127,SUPP-TITAN-03,BUYER-GLOBAL-05,DHL Global Express,1,405910.75,403335.83,-0.0063,1.4405,755.79,672.45,1,0,704,929,0,5,1,1,NORMAL,0
INV-SYN-14128,TXN-SYN-14128,SUPP-NEXUS-02,BUYER-VORTEX-02,Kuehne+Nagel Logistics,1,69376.98,69231.56,-0.0021,0.8145,410.03,318.29,0,0,601,976,0,2,0,1,NORMAL,0
INV-SYN-14129,TXN-SYN-14129,SUPP-GLOBAL-01,BUYER-APEX-06,DB Schenker,1,169686.25,170268.8,0.0034,1.4189,921.61,774.73,0,0,662,946,0,17,1,0,NORMAL,0
INV-SYN-14130,TXN-SYN-14130,SUPP-IND-05,BUYER-APEX-06,Kuehne+Nagel Logistics,1,150277.55,151357.55,0.0072,0.946,658.53,494.11,1,0,717,947,0,0,0,1,NORMAL,0
INV-SYN-14131,TXN-SYN-14131,SUPP-PACIFIC-08,BUYER-APEX-06,Kuehne+Nagel Logistics,1,75042.9,75488.88,0.0059,1.0065,588.8,518.83,0,0,630,948,0,11,0,0,NORMAL,0
INV-SYN-14132,TXN-SYN-14132,SUPP-GLOBAL-01,BUYER-VORTEX-02,DB Schenker,1,152110.95,151836.26,-0.0018,1.2653,423.03,373.92,0,0,663,977,0,11,1,0,NORMAL,0
INV-SYN-14133,TXN-SYN-14133,SUPP-PREC-04,BUYER-VORTEX-02,Maersk Ocean Freight,1,125207.45,124606.5,-0.0048,1.3116,527.82,456.75,0,0,650,978,0,20,0,0,NORMAL,0
INV-SYN-14134,TXN-SYN-14134,SUPP-IND-05,BUYER-GLOBAL-05,DB Schenker,1,155567.5,155906.31,0.0022,0.9744,825.04,725.09,1,0,718,930,0,0,1,1,NORMAL,0
INV-SYN-14135,TXN-SYN-14135,SUPP-GLOBAL-01,BUYER-APEX-06,DB Schenker,1,108352.71,106911.66,-0.0133,0.8909,833.0,779.3,0,0,664,949,0,7,0,0,NORMAL,0
INV-SYN-14136,TXN-SYN-14136,SUPP-GLOBAL-01,BUYER-APEX-06,Maersk Ocean Freight,1,118322.39,118010.28,-0.0026,0.9834,775.58,676.75,0,0,665,950,0,1,0,1,NORMAL,0
INV-SYN-14137,TXN-SYN-14137,SUPP-GLOBAL-01,BUYER-VORTEX-02,Kuehne+Nagel Logistics,1,130138.73,130641.17,0.0039,1.0887,813.18,722.91,0,0,666,979,0,11,0,0,NORMAL,0
INV-SYN-14138,TXN-SYN-14138,SUPP-IND-05,BUYER-GLOBAL-05,DB Schenker,1,195652.15,197063.82,0.0072,1.2316,675.08,622.54,1,0,719,931,0,3,0,1,NORMAL,0
INV-SYN-14139,TXN-SYN-14139,SUPP-NEXUS-02,BUYER-APEX-06,Maersk Ocean Freight,1,85089.88,83472.24,-0.019,0.982,777.05,600.57,0,0,602,951,0,16,0,0,NORMAL,0
INV-SYN-14140,TXN-SYN-14140,SUPP-NEXUS-02,BUYER-VORTEX-02,DHL Global Express,1,98151.33,98173.72,0.0002,1.155,891.22,805.89,0,0,603,980,0,10,0,0,NORMAL,0
INV-SYN-14141,TXN-SYN-14141,SUPP-NEXUS-02,BUYER-GLOBAL-05,DHL Global Express,1,119815.14,120640.93,0.0069,1.4193,720.64,683.33,0,0,604,932,0,23,1,1,NORMAL,0
INV-SYN-14142,TXN-SYN-14142,SUPP-PACIFIC-08,BUYER-OMEGA-01,Maersk Ocean Freight,1,82149.56,80992.61,-0.0141,1.0799,474.74,351.55,0,0,631,995,0,16,0,0,NORMAL,0
INV-SYN-14143,TXN-SYN-14143,SUPP-SUSP-06,BUYER-QUICK-04,None,0,660695.19,660695.19,0.0,1.6941,1.7,-1.0,6,5,90,163,0,15,1,0,RAPID_GHOST_SETTLEMENT,1
INV-SYN-14144,TXN-SYN-14144,SUPP-GLOBAL-01,BUYER-APEX-06,Kuehne+Nagel Logistics,1,74432.68,74994.78,0.0076,0.625,660.1,513.62,0,0,667,952,0,14,1,0,NORMAL,0
INV-SYN-14145,TXN-SYN-14145,SUPP-PACIFIC-08,BUYER-VORTEX-02,DHL Global Express,1,25673.81,25851.59,0.0069,0.3447,754.5,697.37,0,0,632,981,0,17,0,0,NORMAL,0
INV-SYN-14146,TXN-SYN-14146,SUPP-GLOBAL-01,BUYER-OMEGA-01,Maersk Ocean Freight,1,131651.27,129570.54,-0.0158,1.0798,392.91,253.0,0,0,668,996,0,16,1,0,NORMAL,0
INV-SYN-14147,TXN-SYN-14147,SUPP-IND-05,BUYER-GLOBAL-05,FedEx International,1,156207.03,157628.06,0.0091,0.9852,607.03,417.03,1,0,720,933,0,15,0,0,NORMAL,0
INV-SYN-14148,TXN-SYN-14148,SUPP-GLOBAL-01,BUYER-APEX-06,Maersk Ocean Freight,1,104556.52,104007.96,-0.0052,0.8667,440.95,296.87,0,0,669,953,0,22,0,0,NORMAL,0
INV-SYN-14149,TXN-SYN-14149,SUPP-GLOBAL-01,BUYER-GLOBAL-05,Kuehne+Nagel Logistics,1,127305.91,126321.28,-0.0077,1.0527,443.03,394.27,0,0,670,934,0,20,0,0,NORMAL,0
INV-SYN-14150,TXN-SYN-14150,SUPP-PHANTOM-07,BUYER-QUICK-04,Maersk Ocean Freight,1,683202.47,785682.84,0.15,1.746,141.62,63.58,8,5,81,164,0,13,0,0,SERIAL_COUNTERPARTY_SPIKE,1
INV-SYN-14151,TXN-SYN-14151,SUPP-GLOBAL-01,BUYER-OMEGA-01,Kuehne+Nagel Logistics,1,153833.41,155277.88,0.0094,1.294,821.48,707.15,0,0,671,997,0,8,0,0,NORMAL,0
INV-SYN-14152,TXN-SYN-14152,SUPP-NEXUS-02,BUYER-VORTEX-02,Maersk Ocean Freight,1,86829.86,86299.97,-0.0061,1.0153,679.1,635.77,0,0,605,982,0,10,0,0,NORMAL,0
INV-SYN-14153,TXN-SYN-14153,SUPP-NEXUS-02,BUYER-OMEGA-01,Kuehne+Nagel Logistics,1,69127.88,68024.47,-0.016,0.8003,870.66,703.61,0,0,606,998,0,22,0,0,NORMAL,0
INV-SYN-14154,TXN-SYN-14154,SUPP-IND-05,BUYER-APEX-06,DHL Global Express,1,199606.65,197149.69,-0.0123,1.2322,855.42,692.86,1,0,721,954,0,21,0,0,NORMAL,0
INV-SYN-14155,TXN-SYN-14155,SUPP-PACIFIC-08,BUYER-OMEGA-01,DHL Global Express,1,70928.79,71554.04,0.0088,0.9541,837.77,721.68,0,0,633,999,0,1,0,1,NORMAL,0
INV-SYN-14156,TXN-SYN-14156,SUPP-PREC-04,BUYER-VORTEX-02,Kuehne+Nagel Logistics,1,107505.25,108069.05,0.0052,1.1376,314.49,253.4,0,0,651,983,0,10,0,0,NORMAL,0
INV-SYN-14157,TXN-SYN-14157,SUPP-IND-05,BUYER-OMEGA-01,DHL Global Express,1,140903.57,142037.4,0.008,0.8877,612.89,546.99,1,0,722,1000,0,17,0,0,NORMAL,0
INV-SYN-14158,TXN-SYN-14158,SUPP-TITAN-03,BUYER-VORTEX-02,Maersk Ocean Freight,1,234512.12,230411.0,-0.0175,0.8229,730.83,653.6,1,0,705,984,0,4,0,1,NORMAL,0
INV-SYN-14159,TXN-SYN-14159,SUPP-TITAN-03,BUYER-OMEGA-01,DB Schenker,1,285891.78,281243.45,-0.0163,1.0044,396.74,288.4,1,0,706,1001,0,7,0,0,NORMAL,0
INV-SYN-14160,TXN-SYN-14160,SUPP-PREC-04,BUYER-OMEGA-01,Kuehne+Nagel Logistics,1,95304.68,94174.06,-0.0119,0.9913,579.44,402.49,0,0,652,1002,0,3,0,1,NORMAL,0
INV-SYN-14161,TXN-SYN-14161,SUPP-PACIFIC-08,BUYER-VORTEX-02,Maersk Ocean Freight,1,83996.76,83277.75,-0.0086,1.1104,399.49,257.0,0,0,634,985,0,4,0,1,NORMAL,0
INV-SYN-14162,TXN-SYN-14162,SUPP-PACIFIC-08,BUYER-GLOBAL-05,FedEx International,1,69962.89,68853.43,-0.0159,0.918,413.56,363.3,0,0,635,935,0,22,1,0,NORMAL,0
INV-SYN-14163,TXN-SYN-14163,SUPP-GLOBAL-01,BUYER-GLOBAL-05,DHL Global Express,1,64909.21,64851.42,-0.0009,0.5404,677.76,624.05,0,0,672,936,0,19,0,0,NORMAL,0
INV-SYN-14164,TXN-SYN-14164,SUPP-GLOBAL-01,BUYER-APEX-06,DB Schenker,1,107016.78,105205.39,-0.0169,0.8767,513.31,362.34,0,0,673,955,0,23,0,1,NORMAL,0
INV-SYN-14165,TXN-SYN-14165,SUPP-GLOBAL-01,BUYER-GLOBAL-05,Maersk Ocean Freight,1,143814.55,141699.91,-0.0147,1.1808,587.4,398.87,0,0,674,937,0,5,0,1,NORMAL,0
INV-SYN-14166,TXN-SYN-14166,SUPP-PHANTOM-07,BUYER-QUICK-04,None,0,676379.4,676379.4,0.0,1.5031,2.14,-1.0,8,5,82,165,0,13,1,0,RAPID_GHOST_SETTLEMENT,1
INV-SYN-14167,TXN-SYN-14167,SUPP-NEXUS-02,BUYER-GLOBAL-05,DHL Global Express,1,79764.35,78925.14,-0.0105,0.9285,841.72,739.51,0,0,607,938,0,2,0,1,NORMAL,0
INV-SYN-14168,TXN-SYN-14168,SUPP-GLOBAL-01,BUYER-GLOBAL-05,Maersk Ocean Freight,1,149591.3,149387.14,-0.0014,1.2449,549.69,402.08,0,0,675,939,0,23,0,1,NORMAL,0
INV-SYN-14169,TXN-SYN-14169,SUPP-NEXUS-02,BUYER-APEX-06,Maersk Ocean Freight,1,69870.57,68651.9,-0.0174,0.8077,507.68,428.75,0,0,608,956,0,5,0,1,NORMAL,0
INV-SYN-14170,TXN-SYN-14170,SUPP-PREC-04,BUYER-GLOBAL-05,DB Schenker,1,58358.42,57461.26,-0.0154,0.6049,579.92,461.25,0,0,653,940,0,13,0,0,NORMAL,0
INV-SYN-14171,TXN-SYN-14171,SUPP-IND-05,BUYER-OMEGA-01,Maersk Ocean Freight,1,153574.76,153323.09,-0.0016,0.9583,983.95,820.49,1,0,723,1003,0,23,1,1,NORMAL,0
INV-SYN-14172,TXN-SYN-14172,SUPP-NEXUS-02,BUYER-VORTEX-02,FedEx International,1,74711.3,73995.57,-0.0096,0.8705,829.07,735.29,0,0,609,986,0,0,0,1,NORMAL,0
INV-SYN-14173,TXN-SYN-14173,SUPP-IND-05,BUYER-OMEGA-01,Maersk Ocean Freight,1,121350.15,122378.01,0.0085,0.7649,916.48,765.54,1,0,724,1004,0,2,0,1,NORMAL,0
INV-SYN-14174,TXN-SYN-14174,SUPP-NEXUS-02,BUYER-OMEGA-01,DHL Global Express,1,81273.21,81905.66,0.0078,0.9636,877.07,763.72,0,0,610,1005,0,8,0,0,NORMAL,0
INV-SYN-14175,TXN-SYN-14175,SUPP-PACIFIC-08,BUYER-OMEGA-01,Kuehne+Nagel Logistics,1,84215.73,84761.08,0.0065,1.1301,859.33,724.98,0,0,636,1006,0,12,0,0,NORMAL,0
INV-SYN-14176,TXN-SYN-14176,SUPP-TITAN-03,BUYER-GLOBAL-05,Maersk Ocean Freight,1,279349.8,280655.29,0.0047,1.0023,526.78,348.5,1,0,707,941,0,23,0,1,NORMAL,0
INV-SYN-14177,TXN-SYN-14177,SUPP-PACIFIC-08,BUYER-APEX-06,Maersk Ocean Freight,1,80755.9,80309.54,-0.0055,1.0708,659.8,579.3,0,0,637,957,0,16,0,0,NORMAL,0
INV-SYN-14178,TXN-SYN-14178,SUPP-TITAN-03,BUYER-VORTEX-02,DHL Global Express,1,406938.54,404014.34,-0.0072,1.4429,662.71,500.86,1,0,708,987,0,6,1,0,NORMAL,0
INV-SYN-14179,TXN-SYN-14179,SUPP-PREC-04,BUYER-VORTEX-02,Kuehne+Nagel Logistics,1,86856.63,86543.09,-0.0036,0.911,514.13,458.49,0,0,654,988,0,10,0,0,NORMAL,0
INV-SYN-14180,TXN-SYN-14180,SUPP-IND-05,BUYER-STEEL-03,None,0,750000.0,750000.0,0.0,4.6875,67.05,26.08,1,1,725,124,1,2,0,1,OFF_HOURS_ROUND_SUM,1
INV-SYN-14181,TXN-SYN-14181,SUPP-NEXUS-02,BUYER-OMEGA-01,FedEx International,1,74179.22,74579.29,0.0054,0.8774,795.62,755.82,0,0,611,1007,0,10,1,0,NORMAL,0
INV-SYN-14182,TXN-SYN-14182,SUPP-TITAN-03,BUYER-GLOBAL-05,Kuehne+Nagel Logistics,1,220754.82,220333.52,-0.0019,0.7869,319.06,276.27,1,0,709,942,0,10,0,0,NORMAL,0
INV-SYN-14183,TXN-SYN-14183,SUPP-IND-05,BUYER-VORTEX-02,DHL Global Express,1,136603.69,136462.58,-0.001,0.8529,579.66,504.22,1,0,726,989,0,19,0,0,NORMAL,0
INV-SYN-14184,TXN-SYN-14184,SUPP-NEXUS-02,BUYER-APEX-06,DHL Global Express,1,74826.38,74139.25,-0.0092,0.8722,846.34,664.0,0,0,612,958,0,18,1,0,NORMAL,0
INV-SYN-14185,TXN-SYN-14185,SUPP-TITAN-03,BUYER-VORTEX-02,FedEx International,1,305163.31,302669.29,-0.0082,1.081,507.9,463.04,1,0,710,990,0,15,1,0,NORMAL,0
INV-SYN-14186,TXN-SYN-14186,SUPP-PACIFIC-08,BUYER-VORTEX-02,Maersk Ocean Freight,1,119045.17,120158.94,0.0094,1.6021,545.13,387.92,0,0,638,991,0,18,0,0,NORMAL,0
INV-SYN-14187,TXN-SYN-14187,SUPP-PACIFIC-08,BUYER-GLOBAL-05,DB Schenker,1,61574.19,62075.09,0.0081,0.8277,562.24,454.49,0,0,639,943,0,12,1,0,NORMAL,0
INV-SYN-14188,TXN-SYN-14188,SUPP-PACIFIC-08,BUYER-VORTEX-02,Maersk Ocean Freight,1,67188.28,67429.54,0.0036,0.8991,695.85,581.95,0,0,640,992,0,2,0,1,NORMAL,0
INV-SYN-14189,TXN-SYN-14189,SUPP-PACIFIC-08,BUYER-GLOBAL-05,Maersk Ocean Freight,1,73816.44,74108.25,0.004,0.9881,797.05,666.75,0,0,641,944,0,1,0,1,NORMAL,0
INV-SYN-14190,TXN-SYN-14190,SUPP-TITAN-03,BUYER-APEX-06,FedEx International,1,307705.92,309636.9,0.0063,1.1058,738.42,675.39,1,0,711,959,0,22,0,0,NORMAL,0
INV-SYN-14191,TXN-SYN-14191,SUPP-PREC-04,BUYER-GLOBAL-05,Kuehne+Nagel Logistics,1,101259.33,101856.26,0.0059,1.0722,838.57,677.61,0,0,655,945,0,1,1,1,NORMAL,0
INV-SYN-14192,TXN-SYN-14192,SUPP-IND-05,BUYER-VORTEX-02,DHL Global Express,1,211363.83,208056.4,-0.0156,1.3004,479.35,336.84,1,0,727,993,0,23,0,1,NORMAL,0
INV-SYN-14193,TXN-SYN-14193,SUPP-IND-05,BUYER-VORTEX-02,Kuehne+Nagel Logistics,1,62944.32,62942.42,-0.0,0.3934,357.59,301.42,1,0,728,994,0,1,1,1,NORMAL,0
INV-SYN-14194,TXN-SYN-14194,SUPP-PREC-04,BUYER-GLOBAL-05,DHL Global Express,1,38310.42,38425.1,0.003,0.4045,486.08,406.9,0,0,656,946,0,6,0,0,NORMAL,0
INV-SYN-14195,TXN-SYN-14195,SUPP-PREC-04,BUYER-GLOBAL-05,Kuehne+Nagel Logistics,1,83222.89,81806.35,-0.017,0.8611,440.33,378.84,0,0,657,947,0,2,0,1,NORMAL,0
INV-SYN-14196,TXN-SYN-14196,SUPP-GLOBAL-01,BUYER-OMEGA-01,FedEx International,1,152919.01,151467.27,-0.0095,1.2622,741.42,559.14,0,0,676,1008,0,5,0,1,NORMAL,0
INV-SYN-14197,TXN-SYN-14197,SUPP-IND-05,BUYER-VORTEX-02,Maersk Ocean Freight,1,97374.08,97690.38,0.0032,0.6106,674.14,592.6,1,0,729,995,0,20,0,0,NORMAL,0
INV-SYN-14198,TXN-SYN-14198,SUPP-NEXUS-02,BUYER-VORTEX-02,Kuehne+Nagel Logistics,1,21087.81,21255.2,0.0079,0.2501,818.27,716.75,0,0,613,996,0,7,0,0,NORMAL,0
INV-SYN-14199,TXN-SYN-14199,SUPP-NEXUS-02,BUYER-VORTEX-02,FedEx International,1,97137.56,96122.51,-0.0104,1.1309,809.29,731.95,0,0,614,997,0,12,0,0,NORMAL,0
INV-SYN-14200,TXN-SYN-14200,SUPP-PREC-04,BUYER-VORTEX-02,FedEx International,1,100786.86,99173.85,-0.016,1.0439,709.46,604.75,0,0,658,998,0,20,1,0,NORMAL,0
INV-SYN-14201,TXN-SYN-14201,SUPP-PACIFIC-08,BUYER-VORTEX-02,DHL Global Express,1,54558.59,55036.28,0.0088,0.7338,377.44,322.77,0,0,642,999,0,3,1,1,NORMAL,0
INV-SYN-14202,TXN-SYN-14202,SUPP-GLOBAL-01,BUYER-APEX-06,Maersk Ocean Freight,1,90433.81,89073.14,-0.015,0.7423,888.42,812.26,0,0,677,960,0,12,0,0,NORMAL,0
INV-SYN-14203,TXN-SYN-14203,SUPP-PACIFIC-08,BUYER-APEX-06,Maersk Ocean Freight,1,56817.31,56651.26,-0.0029,0.7554,528.76,369.95,0,0,643,961,0,19,0,0,NORMAL,0
INV-SYN-14204,TXN-SYN-14204,SUPP-PREC-04,BUYER-OMEGA-01,DHL Global Express,1,97625.21,96716.73,-0.0093,1.0181,528.44,453.66,0,0,659,1009,0,9,0,0,NORMAL,0
INV-SYN-14205,TXN-SYN-14205,SUPP-GLOBAL-01,BUYER-VORTEX-02,DB Schenker,1,101210.54,100562.31,-0.0064,0.838,873.62,832.89,0,0,678,1000,0,2,0,1,NORMAL,0
INV-SYN-14206,TXN-SYN-14206,SUPP-GLOBAL-01,BUYER-APEX-06,FedEx International,1,134821.92,135528.24,0.0052,1.1294,412.13,303.27,0,0,679,962,0,18,1,0,NORMAL,0
INV-SYN-14207,TXN-SYN-14207,SUPP-NEXUS-02,BUYER-APEX-06,DHL Global Express,1,24339.18,24501.59,0.0067,0.2883,764.17,685.25,0,0,615,963,0,4,0,1,NORMAL,0
INV-SYN-14208,TXN-SYN-14208,SUPP-IND-05,BUYER-GLOBAL-05,Kuehne+Nagel Logistics,1,125725.93,126902.87,0.0094,0.7931,702.85,641.9,1,0,730,948,0,12,0,0,NORMAL,0
INV-SYN-14209,TXN-SYN-14209,SUPP-TITAN-03,BUYER-OMEGA-01,DHL Global Express,1,201176.22,199639.08,-0.0076,0.713,752.22,604.5,1,0,712,1010,0,10,0,0,NORMAL,0
INV-SYN-14210,TXN-SYN-14210,SUPP-PREC-04,BUYER-VORTEX-02,DHL Global Express,1,88911.91,88629.46,-0.0032,0.9329,896.85,762.85,0,0,660,1001,0,0,0,1,NORMAL,0
INV-SYN-14211,TXN-SYN-14211,SUPP-GLOBAL-01,BUYER-GLOBAL-05,Maersk Ocean Freight,1,103858.57,102545.73,-0.0126,0.8545,773.51,582.14,0,0,680,949,0,0,1,1,NORMAL,0
INV-SYN-14212,TXN-SYN-14212,SUPP-GLOBAL-01,BUYER-VORTEX-02,DB Schenker,1,143935.31,141382.13,-0.0177,1.1782,871.3,784.16,0,0,681,1002,0,7,0,0,NORMAL,0
INV-SYN-14213,TXN-SYN-14213,SUPP-IND-05,BUYER-APEX-06,DB Schenker,1,85626.53,84209.38,-0.0166,0.5263,350.02,257.73,1,0,731,964,0,19,0,0,NORMAL,0
INV-SYN-14214,TXN-SYN-14214,SUPP-NEXUS-02,BUYER-VORTEX-02,DHL Global Express,1,85966.69,86661.16,0.0081,1.0195,834.64,716.62,0,0,616,1003,0,12,0,0,NORMAL,0
INV-SYN-14215,TXN-SYN-14215,SUPP-GLOBAL-01,BUYER-GLOBAL-05,Maersk Ocean Freight,1,136750.09,135922.17,-0.0061,1.1327,350.9,313.06,0,0,682,950,0,23,1,1,NORMAL,0
INV-SYN-14216,TXN-SYN-14216,SUPP-NEXUS-02,BUYER-OMEGA-01,Kuehne+Nagel Logistics,1,124453.76,123880.91,-0.0046,1.4574,750.99,629.78,0,0,617,1011,0,1,0,1,NORMAL,0
INV-SYN-14217,TXN-SYN-14217,SUPP-IND-05,BUYER-APEX-06,DHL Global Express,1,140729.36,140797.35,0.0005,0.88,681.36,592.62,1,0,732,965,0,23,0,1,NORMAL,0
INV-SYN-14218,TXN-SYN-14218,SUPP-TITAN-03,BUYER-STEEL-03,FedEx International,1,491357.1,565060.66,0.15,2.0181,176.5,114.98,1,1,713,125,0,21,0,0,SERIAL_COUNTERPARTY_SPIKE,1
INV-SYN-14219,TXN-SYN-14219,SUPP-PACIFIC-08,BUYER-APEX-06,Maersk Ocean Freight,1,41177.57,40573.88,-0.0147,0.541,405.59,302.63,0,0,644,966,0,7,0,0,NORMAL,0
INV-SYN-14220,TXN-SYN-14220,SUPP-GLOBAL-01,BUYER-GLOBAL-05,FedEx International,1,48241.31,47470.9,-0.016,0.3956,714.9,630.78,0,0,683,951,0,9,1,0,NORMAL,0
INV-SYN-14221,TXN-SYN-14221,SUPP-TITAN-03,BUYER-GLOBAL-05,Kuehne+Nagel Logistics,1,339134.21,339290.0,0.0005,1.2117,471.19,327.74,1,0,714,952,0,3,0,1,NORMAL,0
INV-SYN-14222,TXN-SYN-14222,SUPP-PREC-04,BUYER-APEX-06,FedEx International,1,94867.94,93520.94,-0.0142,0.9844,837.15,754.99,0,0,661,967,0,0,0,1,NORMAL,0
INV-SYN-14223,TXN-SYN-14223,SUPP-TITAN-03,BUYER-OMEGA-01,Kuehne+Nagel Logistics,1,362495.89,364803.03,0.0064,1.3029,693.29,509.48,1,0,715,1012,0,2,0,1,NORMAL,0
INV-SYN-14224,TXN-SYN-14224,SUPP-GLOBAL-01,BUYER-APEX-06,Kuehne+Nagel Logistics,1,78797.91,78826.56,0.0004,0.6569,719.02,578.18,0,0,684,968,0,11,0,0,NORMAL,0
INV-SYN-14225,TXN-SYN-14225,SUPP-PACIFIC-08,BUYER-GLOBAL-05,DHL Global Express,1,84748.17,84188.46,-0.0066,1.1225,405.57,272.76,0,0,645,953,0,23,1,1,NORMAL,0
INV-SYN-14226,TXN-SYN-14226,SUPP-PACIFIC-08,BUYER-APEX-06,DHL Global Express,1,110040.33,108338.79,-0.0155,1.4445,645.29,542.4,0,0,646,969,0,9,0,0,NORMAL,0
INV-SYN-14227,TXN-SYN-14227,SUPP-IND-05,BUYER-VORTEX-02,Maersk Ocean Freight,1,176788.22,175639.18,-0.0065,1.0977,501.32,369.98,1,0,733,1004,0,21,0,0,NORMAL,0
INV-SYN-14228,TXN-SYN-14228,SUPP-PREC-04,BUYER-OMEGA-01,DHL Global Express,1,101568.81,100025.29,-0.0152,1.0529,624.39,498.7,0,0,662,1013,0,11,0,0,NORMAL,0
INV-SYN-14229,TXN-SYN-14229,SUPP-TITAN-03,BUYER-GLOBAL-05,Maersk Ocean Freight,1,280598.93,280017.83,-0.0021,1.0001,1021.05,829.31,1,0,716,954,0,19,0,0,NORMAL,0
INV-SYN-14230,TXN-SYN-14230,SUPP-PREC-04,BUYER-OMEGA-01,DB Schenker,1,57691.57,56542.49,-0.0199,0.5952,402.67,360.54,0,0,663,1014,0,3,0,1,NORMAL,0
INV-SYN-14231,TXN-SYN-14231,SUPP-TITAN-03,BUYER-OMEGA-01,DB Schenker,1,374890.11,376817.08,0.0051,1.3458,441.29,347.06,1,0,717,1015,0,16,1,0,NORMAL,0
INV-SYN-14232,TXN-SYN-14232,SUPP-PREC-04,BUYER-VORTEX-02,FedEx International,1,80492.13,80895.43,0.005,0.8515,797.6,640.94,0,0,664,1005,0,6,0,0,NORMAL,0
INV-SYN-14233,TXN-SYN-14233,SUPP-PACIFIC-08,BUYER-VORTEX-02,Kuehne+Nagel Logistics,1,84459.06,83297.77,-0.0137,1.1106,400.08,310.69,0,0,647,1006,0,14,1,0,NORMAL,0
INV-SYN-14234,TXN-SYN-14234,SUPP-TITAN-03,BUYER-APEX-06,FedEx International,1,170587.6,172243.45,0.0097,0.6152,941.87,751.58,1,0,718,970,0,17,0,0,NORMAL,0
INV-SYN-14235,TXN-SYN-14235,SUPP-GLOBAL-01,BUYER-OMEGA-01,DB Schenker,1,84616.21,83790.56,-0.0098,0.6983,588.27,449.36,0,0,685,1016,0,5,0,1,NORMAL,0
INV-SYN-14236,TXN-SYN-14236,SUPP-IND-05,BUYER-OMEGA-01,Maersk Ocean Freight,1,217403.5,213980.67,-0.0157,1.3374,788.93,705.36,1,0,734,1017,0,14,0,0,NORMAL,0
INV-SYN-14237,TXN-SYN-14237,SUPP-PREC-04,BUYER-OMEGA-01,DHL Global Express,1,86751.57,86421.01,-0.0038,0.9097,914.22,765.28,0,0,665,1018,0,3,0,1,NORMAL,0
INV-SYN-14238,TXN-SYN-14238,SUPP-TITAN-03,BUYER-APEX-06,DHL Global Express,1,381729.28,376532.31,-0.0136,1.3448,796.59,658.67,1,0,719,971,0,13,0,0,NORMAL,0
INV-SYN-14239,TXN-SYN-14239,SUPP-NEXUS-02,BUYER-OMEGA-01,FedEx International,1,83337.6,83946.07,0.0073,0.9876,780.5,733.09,0,0,618,1019,0,0,0,1,NORMAL,0
INV-SYN-14240,TXN-SYN-14240,SUPP-PREC-04,BUYER-GLOBAL-05,Kuehne+Nagel Logistics,1,51254.93,50422.05,-0.0162,0.5308,795.8,679.37,0,0,666,955,0,18,0,0,NORMAL,0
INV-SYN-14241,TXN-SYN-14241,SUPP-IND-05,BUYER-GLOBAL-05,Kuehne+Nagel Logistics,1,195682.7,195758.94,0.0004,1.2235,951.13,759.45,1,0,735,956,0,21,0,0,NORMAL,0
INV-SYN-14242,TXN-SYN-14242,SUPP-PREC-04,BUYER-OMEGA-01,DHL Global Express,1,80990.06,81317.1,0.004,0.856,641.72,539.23,0,0,667,1020,0,17,1,0,NORMAL,0
INV-SYN-14243,TXN-SYN-14243,SUPP-PREC-04,BUYER-OMEGA-01,Kuehne+Nagel Logistics,1,111593.86,111997.31,0.0036,1.1789,333.45,258.83,0,0,668,1021,0,6,0,0,NORMAL,0
INV-SYN-14244,TXN-SYN-14244,SUPP-GLOBAL-01,BUYER-GLOBAL-05,Kuehne+Nagel Logistics,1,120756.33,118628.65,-0.0176,0.9886,1006.46,835.1,0,0,686,957,0,5,1,1,NORMAL,0
INV-SYN-14245,TXN-SYN-14245,SUPP-TITAN-03,BUYER-VORTEX-02,Kuehne+Nagel Logistics,1,171981.72,170800.29,-0.0069,0.61,522.03,383.02,1,0,720,1007,0,8,0,0,NORMAL,0
INV-SYN-14246,TXN-SYN-14246,SUPP-PACIFIC-08,BUYER-STEEL-03,Maersk Ocean Freight,1,155810.55,179182.13,0.15,2.3891,196.16,92.25,0,1,648,126,0,0,0,1,SERIAL_COUNTERPARTY_SPIKE,1
INV-SYN-14247,TXN-SYN-14247,SUPP-TITAN-03,BUYER-GLOBAL-05,FedEx International,1,433735.62,430748.83,-0.0069,1.5384,469.3,414.28,1,0,721,958,0,21,0,0,NORMAL,0
INV-SYN-14248,TXN-SYN-14248,SUPP-IND-05,BUYER-APEX-06,Maersk Ocean Freight,1,179719.46,177602.65,-0.0118,1.11,881.72,769.43,1,0,736,972,0,4,0,1,NORMAL,0
INV-SYN-14249,TXN-SYN-14249,SUPP-PACIFIC-08,BUYER-OMEGA-01,DB Schenker,1,73921.54,74052.66,0.0018,0.9874,652.36,522.08,0,0,649,1022,0,21,0,0,NORMAL,0
INV-SYN-14250,TXN-SYN-14250,SUPP-PREC-04,BUYER-VORTEX-02,FedEx International,1,120539.41,120609.5,0.0006,1.2696,384.65,321.81,0,0,669,1008,0,2,0,1,NORMAL,0
INV-SYN-14251,TXN-SYN-14251,SUPP-PACIFIC-08,BUYER-VORTEX-02,FedEx International,1,78950.03,78757.15,-0.0024,1.0501,474.56,313.6,0,0,650,1009,0,6,0,0,NORMAL,0
INV-SYN-14252,TXN-SYN-14252,SUPP-IND-05,BUYER-OMEGA-01,FedEx International,1,168381.37,168543.07,0.001,1.0534,692.27,637.09,1,0,737,1023,0,21,0,0,NORMAL,0
INV-SYN-14253,TXN-SYN-14253,SUPP-GLOBAL-01,BUYER-GLOBAL-05,Maersk Ocean Freight,1,87251.24,87987.84,0.0084,0.7332,568.28,491.95,0,0,687,959,0,22,0,0,NORMAL,0
INV-SYN-14254,TXN-SYN-14254,SUPP-PREC-04,BUYER-OMEGA-01,Kuehne+Nagel Logistics,1,100553.89,101039.45,0.0048,1.0636,707.43,629.94,0,0,670,1024,0,0,0,1,NORMAL,0
INV-SYN-14255,TXN-SYN-14255,SUPP-PREC-04,BUYER-APEX-06,FedEx International,1,119591.78,118332.42,-0.0105,1.2456,707.53,586.04,0,0,671,973,0,15,0,0,NORMAL,0
INV-SYN-14256,TXN-SYN-14256,SUPP-GLOBAL-01,BUYER-APEX-06,Kuehne+Nagel Logistics,1,94918.14,95122.94,0.0022,0.7927,628.74,534.93,0,0,688,974,0,18,1,0,NORMAL,0
INV-SYN-14257,TXN-SYN-14257,SUPP-PACIFIC-08,BUYER-APEX-06,Kuehne+Nagel Logistics,1,101709.3,100894.1,-0.008,1.3453,765.85,671.75,0,0,651,975,0,5,1,1,NORMAL,0
INV-SYN-14258,TXN-SYN-14258,SUPP-PREC-04,BUYER-APEX-06,DB Schenker,1,92821.98,92304.01,-0.0056,0.9716,549.14,451.67,0,0,672,976,0,7,0,0,NORMAL,0
INV-SYN-14259,TXN-SYN-14259,SUPP-GLOBAL-01,BUYER-GLOBAL-05,Maersk Ocean Freight,1,93366.91,91890.81,-0.0158,0.7658,872.26,768.28,0,0,689,960,0,14,0,0,NORMAL,0
INV-SYN-14260,TXN-SYN-14260,SUPP-NEXUS-02,BUYER-OMEGA-01,DB Schenker,1,106199.68,104273.29,-0.0181,1.2267,677.07,551.64,0,0,619,1025,0,16,0,0,NORMAL,0
INV-SYN-14261,TXN-SYN-14261,SUPP-IND-05,BUYER-VORTEX-02,Kuehne+Nagel Logistics,1,148528.23,147791.29,-0.005,0.9237,647.74,456.36,1,0,738,1010,0,16,1,0,NORMAL,0
INV-SYN-14262,TXN-SYN-14262,SUPP-PACIFIC-08,BUYER-GLOBAL-05,DB Schenker,1,89240.9,87469.33,-0.0199,1.1663,505.1,457.09,0,0,652,961,0,22,0,0,NORMAL,0
INV-SYN-14263,TXN-SYN-14263,SUPP-GLOBAL-01,BUYER-APEX-06,Kuehne+Nagel Logistics,1,111247.24,109590.22,-0.0149,0.9133,875.17,710.18,0,0,690,977,0,14,0,0,NORMAL,0
INV-SYN-14264,TXN-SYN-14264,SUPP-NEXUS-02,BUYER-APEX-06,Kuehne+Nagel Logistics,1,83728.69,82746.46,-0.0117,0.9735,369.44,323.82,0,0,620,978,0,16,0,0,NORMAL,0
INV-SYN-14265,TXN-SYN-14265,SUPP-PHANTOM-07,BUYER-STEEL-03,DHL Global Express,1,505525.52,831834.46,0.6455,1.8485,369.17,315.83,8,1,83,127,0,10,0,0,AMOUNT_INFLATION,1
INV-SYN-14266,TXN-SYN-14266,SUPP-NEXUS-02,BUYER-VORTEX-02,DHL Global Express,1,91181.56,89412.14,-0.0194,1.0519,768.9,720.58,0,0,621,1011,0,22,0,0,NORMAL,0
INV-SYN-14267,TXN-SYN-14267,SUPP-IND-05,BUYER-GLOBAL-05,DB Schenker,1,80178.73,79538.46,-0.008,0.4971,509.28,434.03,1,0,739,962,0,14,1,0,NORMAL,0
INV-SYN-14268,TXN-SYN-14268,SUPP-IND-05,BUYER-APEX-06,FedEx International,1,115150.25,113308.18,-0.016,0.7082,662.88,581.71,1,0,740,979,0,15,1,0,NORMAL,0
INV-SYN-14269,TXN-SYN-14269,SUPP-GLOBAL-01,BUYER-GLOBAL-05,Maersk Ocean Freight,1,147882.3,145780.26,-0.0142,1.2148,578.81,447.87,0,0,691,963,0,20,0,0,NORMAL,0
INV-SYN-14270,TXN-SYN-14270,SUPP-PACIFIC-08,BUYER-VORTEX-02,DB Schenker,1,72522.44,73111.6,0.0081,0.9748,545.22,359.83,0,0,653,1012,0,10,0,0,NORMAL,0
INV-SYN-14271,TXN-SYN-14271,SUPP-IND-05,BUYER-APEX-06,Maersk Ocean Freight,1,139050.75,136640.97,-0.0173,0.854,895.01,821.33,1,0,741,980,0,10,0,0,NORMAL,0
INV-SYN-14272,TXN-SYN-14272,SUPP-PREC-04,BUYER-APEX-06,DB Schenker,1,62733.87,61944.88,-0.0126,0.6521,857.2,667.23,0,0,673,981,0,16,0,0,NORMAL,0
INV-SYN-14273,TXN-SYN-14273,SUPP-IND-05,BUYER-GLOBAL-05,Maersk Ocean Freight,1,116810.55,117083.48,0.0023,0.7318,385.2,280.98,1,0,742,964,0,2,0,1,NORMAL,0
INV-SYN-14274,TXN-SYN-14274,SUPP-PACIFIC-08,BUYER-VORTEX-02,DHL Global Express,1,37091.28,37108.92,0.0005,0.4948,777.02,600.0,0,0,654,1013,0,7,0,0,NORMAL,0
INV-SYN-14275,TXN-SYN-14275,SUPP-PACIFIC-08,BUYER-OMEGA-01,Maersk Ocean Freight,1,73100.99,73648.06,0.0075,0.982,859.84,756.43,0,0,655,1026,0,14,0,0,NORMAL,0
INV-SYN-14276,TXN-SYN-14276,SUPP-IND-05,BUYER-GLOBAL-05,DB Schenker,1,136062.5,135059.33,-0.0074,0.8441,541.6,357.56,1,0,743,965,0,3,0,1,NORMAL,0
INV-SYN-14277,TXN-SYN-14277,SUPP-PACIFIC-08,BUYER-GLOBAL-05,DHL Global Express,1,56876.48,56635.11,-0.0042,0.7551,623.6,531.15,0,0,656,966,0,12,0,0,NORMAL,0
INV-SYN-14278,TXN-SYN-14278,SUPP-IND-05,BUYER-APEX-06,DB Schenker,1,157275.06,156400.86,-0.0056,0.9775,921.26,771.87,1,0,744,982,0,23,0,1,NORMAL,0
INV-SYN-14279,TXN-SYN-14279,SUPP-GLOBAL-01,BUYER-OMEGA-01,Kuehne+Nagel Logistics,1,130919.12,128316.15,-0.0199,1.0693,866.09,727.91,0,0,692,1027,0,6,0,0,NORMAL,0
INV-SYN-14280,TXN-SYN-14280,SUPP-IND-05,BUYER-OMEGA-01,FedEx International,1,243727.92,246141.86,0.0099,1.5384,826.81,742.01,1,0,745,1028,0,19,0,0,NORMAL,0
INV-SYN-14281,TXN-SYN-14281,SUPP-NEXUS-02,BUYER-APEX-06,Maersk Ocean Freight,1,52872.48,53266.55,0.0075,0.6267,677.54,622.17,0,0,622,983,0,8,0,0,NORMAL,0
INV-SYN-14282,TXN-SYN-14282,SUPP-IND-05,BUYER-OMEGA-01,Kuehne+Nagel Logistics,1,206375.24,207813.9,0.007,1.2988,492.95,342.91,1,0,746,1029,0,4,0,1,NORMAL,0
INV-SYN-14283,TXN-SYN-14283,SUPP-TITAN-03,BUYER-GLOBAL-05,Kuehne+Nagel Logistics,1,348117.11,343064.6,-0.0145,1.2252,483.51,441.95,1,0,722,967,0,16,0,0,NORMAL,0
INV-SYN-14284,TXN-SYN-14284,SUPP-PREC-04,BUYER-VORTEX-02,Maersk Ocean Freight,1,76496.55,75507.81,-0.0129,0.7948,330.98,261.88,0,0,674,1014,0,11,0,0,NORMAL,0
INV-SYN-14285,TXN-SYN-14285,SUPP-NEXUS-02,BUYER-GLOBAL-05,FedEx International,1,89318.76,87884.68,-0.0161,1.0339,700.16,644.16,0,0,623,968,0,8,0,0,NORMAL,0
INV-SYN-14286,TXN-SYN-14286,SUPP-GLOBAL-01,BUYER-GLOBAL-05,Maersk Ocean Freight,1,106271.0,104316.64,-0.0184,0.8693,919.78,806.64,0,0,693,969,0,11,1,0,NORMAL,0
INV-SYN-14287,TXN-SYN-14287,SUPP-IND-05,BUYER-GLOBAL-05,FedEx International,1,167427.54,165453.51,-0.0118,1.0341,831.39,770.49,1,0,747,970,0,8,0,0,NORMAL,0
INV-SYN-14288,TXN-SYN-14288,SUPP-IND-05,BUYER-STEEL-03,None,0,300000.0,300000.0,0.0,1.875,74.27,27.9,1,1,748,128,1,0,0,1,OFF_HOURS_ROUND_SUM,1
INV-SYN-14289,TXN-SYN-14289,SUPP-NEXUS-02,BUYER-VORTEX-02,DB Schenker,1,97869.13,98422.0,0.0056,1.1579,740.65,604.86,0,0,624,1015,0,13,0,0,NORMAL,0
INV-SYN-14290,TXN-SYN-14290,SUPP-PREC-04,BUYER-OMEGA-01,FedEx International,1,107079.45,105804.66,-0.0119,1.1137,374.78,291.62,0,0,675,1030,0,9,0,0,NORMAL,0
INV-SYN-14291,TXN-SYN-14291,SUPP-IND-05,BUYER-OMEGA-01,FedEx International,1,142787.63,140343.93,-0.0171,0.8771,769.54,646.61,1,0,749,1031,0,3,0,1,NORMAL,0
INV-SYN-14292,TXN-SYN-14292,SUPP-PACIFIC-08,BUYER-VORTEX-02,Kuehne+Nagel Logistics,1,47173.94,46413.33,-0.0161,0.6188,789.46,617.76,0,0,657,1016,0,3,0,1,NORMAL,0
INV-SYN-14293,TXN-SYN-14293,SUPP-NEXUS-02,BUYER-APEX-06,DHL Global Express,1,80570.05,79788.07,-0.0097,0.9387,607.31,502.54,0,0,625,984,0,4,0,1,NORMAL,0
INV-SYN-14294,TXN-SYN-14294,SUPP-PREC-04,BUYER-GLOBAL-05,DB Schenker,1,123656.94,122019.38,-0.0132,1.2844,882.05,796.05,0,0,676,971,0,0,0,1,NORMAL,0
INV-SYN-14295,TXN-SYN-14295,SUPP-TITAN-03,BUYER-APEX-06,Kuehne+Nagel Logistics,1,173098.25,170569.58,-0.0146,0.6092,400.23,303.45,1,0,723,985,0,7,0,0,NORMAL,0
INV-SYN-14296,TXN-SYN-14296,SUPP-PACIFIC-08,BUYER-VORTEX-02,FedEx International,1,55217.07,55435.68,0.004,0.7391,730.36,604.33,0,0,658,1017,0,0,0,1,NORMAL,0
INV-SYN-14297,TXN-SYN-14297,SUPP-NEXUS-02,BUYER-APEX-06,Maersk Ocean Freight,1,87683.19,88118.81,0.005,1.0367,461.35,275.32,0,0,626,986,0,18,0,0,NORMAL,0
INV-SYN-14298,TXN-SYN-14298,SUPP-PACIFIC-08,BUYER-OMEGA-01,FedEx International,1,56537.72,55838.94,-0.0124,0.7445,750.86,581.64,0,0,659,1032,0,18,1,0,NORMAL,0
INV-SYN-14299,TXN-SYN-14299,SUPP-PREC-04,BUYER-VORTEX-02,DB Schenker,1,76177.57,76607.24,0.0056,0.8064,746.6,626.42,0,0,677,1018,0,14,0,0,NORMAL,0
INV-SYN-14300,TXN-SYN-14300,SUPP-IND-05,BUYER-QUICK-04,None,0,227945.39,227945.39,0.0,1.4247,4.25,-1.0,1,5,750,166,0,0,1,1,RAPID_GHOST_SETTLEMENT,1
INV-SYN-14301,TXN-SYN-14301,SUPP-GLOBAL-01,BUYER-VORTEX-02,Kuehne+Nagel Logistics,1,79031.48,78882.13,-0.0019,0.6574,834.15,791.38,0,0,694,1019,0,17,1,0,NORMAL,0
INV-SYN-14302,TXN-SYN-14302,SUPP-PACIFIC-08,BUYER-OMEGA-01,DB Schenker,1,56735.22,56352.15,-0.0068,0.7514,787.61,658.09,0,0,660,1033,0,2,0,1,NORMAL,0
INV-SYN-14303,TXN-SYN-14303,SUPP-TITAN-03,BUYER-GLOBAL-05,FedEx International,1,329239.95,331743.02,0.0076,1.1848,474.6,290.57,1,0,724,972,0,13,1,0,NORMAL,0
INV-SYN-14304,TXN-SYN-14304,SUPP-PACIFIC-08,BUYER-OMEGA-01,DHL Global Express,1,50486.82,50496.93,0.0002,0.6733,929.29,739.94,0,0,661,1034,0,14,0,0,NORMAL,0
INV-SYN-14305,TXN-SYN-14305,SUPP-PACIFIC-08,BUYER-APEX-06,DHL Global Express,1,45039.9,45114.19,0.0016,0.6015,354.25,267.51,0,0,662,987,0,12,0,0,NORMAL,0
INV-SYN-14306,TXN-SYN-14306,SUPP-PACIFIC-08,BUYER-GLOBAL-05,FedEx International,1,63187.03,62282.68,-0.0143,0.8304,550.56,475.38,0,0,663,973,0,17,1,0,NORMAL,0
INV-SYN-14307,TXN-SYN-14307,SUPP-TITAN-03,BUYER-GLOBAL-05,Kuehne+Nagel Logistics,1,331236.89,326205.75,-0.0152,1.165,750.33,592.94,1,0,725,974,0,3,0,1,NORMAL,0
INV-SYN-14308,TXN-SYN-14308,SUPP-TITAN-03,BUYER-VORTEX-02,DHL Global Express,1,266215.47,266962.05,0.0028,0.9534,798.95,618.92,1,0,726,1020,0,0,0,1,NORMAL,0
INV-SYN-14309,TXN-SYN-14309,SUPP-PREC-04,BUYER-VORTEX-02,DB Schenker,1,83966.2,84526.74,0.0067,0.8898,488.25,383.39,0,0,678,1021,0,20,1,0,NORMAL,0
INV-SYN-14310,TXN-SYN-14310,SUPP-NEXUS-02,BUYER-APEX-06,Kuehne+Nagel Logistics,1,85942.62,86408.03,0.0054,1.0166,908.18,793.04,0,0,627,988,0,19,1,0,NORMAL,0
INV-SYN-14311,TXN-SYN-14311,SUPP-TITAN-03,BUYER-APEX-06,DB Schenker,1,157800.48,157492.38,-0.002,0.5625,760.42,690.37,1,0,727,989,0,11,0,0,NORMAL,0
INV-SYN-14312,TXN-SYN-14312,SUPP-NEXUS-02,BUYER-OMEGA-01,Kuehne+Nagel Logistics,1,95512.5,95287.1,-0.0024,1.121,543.35,367.02,0,0,628,1035,0,16,0,0,NORMAL,0
INV-SYN-14313,TXN-SYN-14313,SUPP-NEXUS-02,BUYER-GLOBAL-05,Kuehne+Nagel Logistics,1,93147.99,93689.55,0.0058,1.1022,935.78,799.1,0,0,629,975,0,3,0,1,NORMAL,0
INV-SYN-14314,TXN-SYN-14314,SUPP-TITAN-03,BUYER-GLOBAL-05,FedEx International,1,251348.41,250480.22,-0.0035,0.8946,626.46,571.64,1,0,728,976,0,18,0,0,NORMAL,0
INV-SYN-14315,TXN-SYN-14315,SUPP-TITAN-03,BUYER-APEX-06,Kuehne+Nagel Logistics,1,350414.72,345943.38,-0.0128,1.2355,701.41,622.63,1,0,729,990,0,20,1,0,NORMAL,0
INV-SYN-14316,TXN-SYN-14316,SUPP-NEXUS-02,BUYER-VORTEX-02,Kuehne+Nagel Logistics,1,61040.71,61321.58,0.0046,0.7214,844.58,753.4,0,0,630,1022,0,20,0,0,NORMAL,0
INV-SYN-14317,TXN-SYN-14317,SUPP-IND-05,BUYER-GLOBAL-05,Kuehne+Nagel Logistics,1,205116.36,205759.76,0.0031,1.286,769.04,680.91,1,0,751,977,0,1,0,1,NORMAL,0
INV-SYN-14318,TXN-SYN-14318,SUPP-TITAN-03,BUYER-OMEGA-01,DHL Global Express,1,290814.56,289317.57,-0.0051,1.0333,815.49,730.58,1,0,730,1036,0,16,0,0,NORMAL,0
INV-SYN-14319,TXN-SYN-14319,SUPP-IND-05,BUYER-GLOBAL-05,Kuehne+Nagel Logistics,1,146537.9,146812.32,0.0019,0.9176,772.14,581.33,1,0,752,978,0,22,0,0,NORMAL,0
INV-SYN-14320,TXN-SYN-14320,SUPP-PREC-04,BUYER-GLOBAL-05,Kuehne+Nagel Logistics,1,94528.0,94243.43,-0.003,0.992,614.77,436.33,0,0,679,979,0,21,0,0,NORMAL,0
INV-SYN-14321,TXN-SYN-14321,SUPP-PREC-04,BUYER-OMEGA-01,FedEx International,1,92452.46,93178.98,0.0079,0.9808,842.96,663.2,0,0,680,1037,0,0,0,1,NORMAL,0
INV-SYN-14322,TXN-SYN-14322,SUPP-PREC-04,BUYER-GLOBAL-05,Maersk Ocean Freight,1,123981.72,123619.83,-0.0029,1.3013,647.15,549.5,0,0,681,980,0,3,0,1,NORMAL,0
INV-SYN-14323,TXN-SYN-14323,SUPP-PACIFIC-08,BUYER-VORTEX-02,FedEx International,1,54812.27,54643.37,-0.0031,0.7286,500.35,435.64,0,0,664,1023,0,20,0,0,NORMAL,0
INV-SYN-14324,TXN-SYN-14324,SUPP-SUSP-06,BUYER-QUICK-04,None,0,447348.98,447348.98,0.0,1.147,1.09,-1.0,6,5,91,167,0,12,0,0,RAPID_GHOST_SETTLEMENT,1
INV-SYN-14325,TXN-SYN-14325,SUPP-PREC-04,BUYER-APEX-06,Kuehne+Nagel Logistics,1,119612.19,118199.63,-0.0118,1.2442,504.55,424.13,0,0,682,991,0,11,0,0,NORMAL,0
INV-SYN-14326,TXN-SYN-14326,SUPP-GLOBAL-01,BUYER-VORTEX-02,FedEx International,1,102133.95,101537.07,-0.0058,0.8461,835.08,714.05,0,0,695,1024,0,7,0,0,NORMAL,0
INV-SYN-14327,TXN-SYN-14327,SUPP-NEXUS-02,BUYER-VORTEX-02,FedEx International,1,104136.33,102499.55,-0.0157,1.2059,495.54,457.02,0,0,631,1025,0,18,1,0,NORMAL,0
INV-SYN-14328,TXN-SYN-14328,SUPP-NEXUS-02,BUYER-GLOBAL-05,FedEx International,1,121113.01,121129.38,0.0001,1.4251,734.97,604.41,0,0,632,981,0,21,0,0,NORMAL,0
INV-SYN-14329,TXN-SYN-14329,SUPP-TITAN-03,BUYER-OMEGA-01,Maersk Ocean Freight,1,251874.35,254311.85,0.0097,0.9083,720.72,580.66,1,0,731,1038,0,7,0,0,NORMAL,0
INV-SYN-14330,TXN-SYN-14330,SUPP-IND-05,BUYER-QUICK-04,Unregistered Logistics,1,250000.0,250000.0,0.0,1.5625,55.81,10.64,1,5,753,168,1,4,1,1,OFF_HOURS_ROUND_SUM,1
INV-SYN-14331,TXN-SYN-14331,SUPP-NEXUS-02,BUYER-GLOBAL-05,DHL Global Express,1,60484.04,60005.38,-0.0079,0.7059,413.36,270.18,0,0,633,982,0,9,1,0,NORMAL,0
INV-SYN-14332,TXN-SYN-14332,SUPP-TITAN-03,BUYER-QUICK-04,Maersk Ocean Freight,1,587147.77,675219.94,0.15,2.4115,109.29,19.26,1,5,732,169,0,14,0,0,SERIAL_COUNTERPARTY_SPIKE,1
INV-SYN-14333,TXN-SYN-14333,SUPP-PACIFIC-08,BUYER-OMEGA-01,DB Schenker,1,78739.2,78499.2,-0.003,1.0467,569.34,485.08,0,0,665,1039,0,6,0,0,NORMAL,0
INV-SYN-14334,TXN-SYN-14334,SUPP-NEXUS-02,BUYER-GLOBAL-05,DB Schenker,1,95052.06,93197.78,-0.0195,1.0964,435.47,348.46,0,0,634,983,0,9,1,0,NORMAL,0
INV-SYN-14335,TXN-SYN-14335,SUPP-PACIFIC-08,BUYER-APEX-06,Kuehne+Nagel Logistics,1,62895.52,62537.12,-0.0057,0.8338,644.1,579.34,0,0,666,992,0,8,1,0,NORMAL,0
INV-SYN-14336,TXN-SYN-14336,SUPP-NEXUS-02,BUYER-VORTEX-02,FedEx International,1,49701.98,49868.08,0.0033,0.5867,619.78,532.7,0,0,635,1026,0,1,0,1,NORMAL,0
INV-SYN-14337,TXN-SYN-14337,SUPP-PACIFIC-08,BUYER-GLOBAL-05,DB Schenker,1,84435.98,84981.36,0.0065,1.1331,846.77,666.96,0,0,667,984,0,5,1,1,NORMAL,0
INV-SYN-14338,TXN-SYN-14338,SUPP-PREC-04,BUYER-OMEGA-01,FedEx International,1,45994.18,45447.51,-0.0119,0.4784,455.58,391.99,0,0,683,1040,0,5,0,1,NORMAL,0
INV-SYN-14339,TXN-SYN-14339,SUPP-TITAN-03,BUYER-APEX-06,Maersk Ocean Freight,1,257785.47,253444.53,-0.0168,0.9052,690.83,599.7,1,0,733,993,0,20,0,0,NORMAL,0
INV-SYN-14340,TXN-SYN-14340,SUPP-PACIFIC-08,BUYER-APEX-06,DB Schenker,1,92647.16,90928.18,-0.0186,1.2124,572.55,477.51,0,0,668,994,0,3,0,1,NORMAL,0
INV-SYN-14341,TXN-SYN-14341,SUPP-IND-05,BUYER-APEX-06,Kuehne+Nagel Logistics,1,167675.91,168076.03,0.0024,1.0505,950.07,805.59,1,0,754,995,0,2,0,1,NORMAL,0
INV-SYN-14342,TXN-SYN-14342,SUPP-IND-05,BUYER-QUICK-04,Unregistered Logistics,1,100000.0,100000.0,0.0,0.625,12.97,-32.69,1,5,755,170,1,1,0,1,OFF_HOURS_ROUND_SUM,1
INV-SYN-14343,TXN-SYN-14343,SUPP-PREC-04,BUYER-GLOBAL-05,Maersk Ocean Freight,1,119346.34,117269.75,-0.0174,1.2344,408.32,268.23,0,0,684,985,0,13,1,0,NORMAL,0
INV-SYN-14344,TXN-SYN-14344,SUPP-IND-05,BUYER-VORTEX-02,FedEx International,1,133844.06,132112.13,-0.0129,0.8257,618.51,566.67,1,0,756,1027,0,14,0,0,NORMAL,0
INV-SYN-14345,TXN-SYN-14345,SUPP-GLOBAL-01,BUYER-APEX-06,DB Schenker,1,120819.4,119093.91,-0.0143,0.9924,390.02,280.87,0,0,696,996,0,9,0,0,NORMAL,0
INV-SYN-14346,TXN-SYN-14346,SUPP-IND-05,BUYER-QUICK-04,None,0,243821.33,243821.33,0.0,1.5239,3.24,-1.0,1,5,757,171,0,19,1,0,RAPID_GHOST_SETTLEMENT,1
INV-SYN-14347,TXN-SYN-14347,SUPP-GLOBAL-01,BUYER-OMEGA-01,DHL Global Express,1,72534.7,72991.65,0.0063,0.6083,347.02,286.07,0,0,697,1041,0,18,0,0,NORMAL,0
INV-SYN-14348,TXN-SYN-14348,SUPP-NEXUS-02,BUYER-OMEGA-01,FedEx International,1,65016.52,64432.15,-0.009,0.758,425.12,384.28,0,0,636,1042,0,16,0,0,NORMAL,0
INV-SYN-14349,TXN-SYN-14349,SUPP-GLOBAL-01,BUYER-GLOBAL-05,Kuehne+Nagel Logistics,1,103177.17,101340.19,-0.0178,0.8445,688.69,622.3,0,0,698,986,0,1,0,1,NORMAL,0
INV-SYN-14350,TXN-SYN-14350,SUPP-PACIFIC-08,BUYER-VORTEX-02,DB Schenker,1,36820.87,36406.0,-0.0113,0.4854,383.22,346.46,0,0,669,1028,0,21,1,0,NORMAL,0
INV-SYN-14351,TXN-SYN-14351,SUPP-NEXUS-02,BUYER-APEX-06,Kuehne+Nagel Logistics,1,86009.24,84919.69,-0.0127,0.9991,652.03,530.34,0,0,637,997,0,1,1,1,NORMAL,0
INV-SYN-14352,TXN-SYN-14352,SUPP-GLOBAL-01,BUYER-OMEGA-01,FedEx International,1,112527.84,111451.01,-0.0096,0.9288,337.44,298.61,0,0,699,1043,0,4,0,1,NORMAL,0
INV-SYN-14353,TXN-SYN-14353,SUPP-PREC-04,BUYER-APEX-06,DHL Global Express,1,55268.77,54824.72,-0.008,0.5771,370.43,244.68,0,0,685,998,0,23,0,1,NORMAL,0
INV-SYN-14354,TXN-SYN-14354,SUPP-GLOBAL-01,BUYER-OMEGA-01,DHL Global Express,1,132126.39,132016.15,-0.0008,1.1001,964.01,810.73,0,0,700,1044,0,19,0,0,NORMAL,0
INV-SYN-14355,TXN-SYN-14355,SUPP-PREC-04,BUYER-GLOBAL-05,FedEx International,1,112001.98,112730.8,0.0065,1.1866,967.46,803.41,0,0,686,987,0,19,0,0,NORMAL,0
INV-SYN-14356,TXN-SYN-14356,SUPP-TITAN-03,BUYER-VORTEX-02,Kuehne+Nagel Logistics,1,295892.41,291916.08,-0.0134,1.0426,479.0,308.24,1,0,734,1029,0,4,0,1,NORMAL,0
INV-SYN-14357,TXN-SYN-14357,SUPP-GLOBAL-01,BUYER-GLOBAL-05,DHL Global Express,1,110277.95,109702.78,-0.0052,0.9142,412.06,308.14,0,0,701,988,0,5,1,1,NORMAL,0
INV-SYN-14358,TXN-SYN-14358,SUPP-GLOBAL-01,BUYER-APEX-06,FedEx International,1,137743.26,207080.53,0.5034,1.7257,507.7,446.2,0,0,702,999,0,19,1,0,AMOUNT_INFLATION,1
INV-SYN-14359,TXN-SYN-14359,SUPP-TITAN-03,BUYER-OMEGA-01,DB Schenker,1,327615.43,323396.55,-0.0129,1.155,436.44,245.8,1,0,735,1045,0,16,0,0,NORMAL,0
INV-SYN-14360,TXN-SYN-14360,SUPP-IND-05,BUYER-VORTEX-02,FedEx International,1,172296.14,172537.68,0.0014,1.0784,878.5,742.43,1,0,758,1030,0,18,0,0,NORMAL,0
INV-SYN-14361,TXN-SYN-14361,SUPP-NEXUS-02,BUYER-OMEGA-01,DB Schenker,1,67476.99,67506.54,0.0004,0.7942,802.16,762.26,0,0,638,1046,0,4,0,1,NORMAL,0
INV-SYN-14362,TXN-SYN-14362,SUPP-NEXUS-02,BUYER-VORTEX-02,Maersk Ocean Freight,1,90877.77,89267.63,-0.0177,1.0502,424.56,352.14,0,0,639,1031,0,6,0,0,NORMAL,0
INV-SYN-14363,TXN-SYN-14363,SUPP-PREC-04,BUYER-APEX-06,FedEx International,1,123392.67,121471.03,-0.0156,1.2786,464.51,292.95,0,0,687,1000,0,4,0,1,NORMAL,0
INV-SYN-14364,TXN-SYN-14364,SUPP-GLOBAL-01,BUYER-OMEGA-01,FedEx International,1,102101.13,101786.66,-0.0031,0.8482,706.66,557.48,0,0,703,1047,0,13,0,0,NORMAL,0
INV-SYN-14365,TXN-SYN-14365,SUPP-PACIFIC-08,BUYER-VORTEX-02,DHL Global Express,1,114336.36,113374.61,-0.0084,1.5117,831.6,689.58,0,0,670,1032,0,9,0,0,NORMAL,0
INV-SYN-14366,TXN-SYN-14366,SUPP-GLOBAL-01,BUYER-APEX-06,Kuehne+Nagel Logistics,1,104231.07,102492.96,-0.0167,0.8541,878.1,716.8,0,0,704,1001,0,17,1,0,NORMAL,0
INV-SYN-14367,TXN-SYN-14367,SUPP-PACIFIC-08,BUYER-APEX-06,Maersk Ocean Freight,1,75607.63,76257.29,0.0086,1.0168,334.61,297.51,0,0,671,1002,0,4,0,1,NORMAL,0
INV-SYN-14368,TXN-SYN-14368,SUPP-NEXUS-02,BUYER-APEX-06,FedEx International,1,70709.68,70894.97,0.0026,0.8341,811.27,707.83,0,0,640,1003,0,11,0,0,NORMAL,0
INV-SYN-14369,TXN-SYN-14369,SUPP-NEXUS-02,BUYER-VORTEX-02,Maersk Ocean Freight,1,89744.51,89493.33,-0.0028,1.0529,414.28,365.23,0,0,641,1033,0,14,1,0,NORMAL,0
INV-SYN-14370,TXN-SYN-14370,SUPP-GLOBAL-01,BUYER-GLOBAL-05,DHL Global Express,1,67733.35,66402.92,-0.0196,0.5534,764.54,605.0,0,0,705,989,0,17,1,0,NORMAL,0
INV-SYN-14371,TXN-SYN-14371,SUPP-TITAN-03,BUYER-OMEGA-01,Maersk Ocean Freight,1,241777.07,239427.37,-0.0097,0.8551,347.37,241.58,1,0,736,1048,0,13,0,0,NORMAL,0
INV-SYN-14372,TXN-SYN-14372,SUPP-TITAN-03,BUYER-GLOBAL-05,Kuehne+Nagel Logistics,1,203551.52,201258.8,-0.0113,0.7188,458.31,277.37,1,0,737,990,0,21,0,0,NORMAL,0
INV-SYN-14373,TXN-SYN-14373,SUPP-PREC-04,BUYER-GLOBAL-05,DHL Global Express,1,98214.29,98047.24,-0.0017,1.0321,619.2,575.48,0,0,688,991,0,15,0,0,NORMAL,0
INV-SYN-14374,TXN-SYN-14374,SUPP-PACIFIC-08,BUYER-VORTEX-02,Maersk Ocean Freight,1,93645.89,93600.22,-0.0005,1.248,835.73,738.47,0,0,672,1034,0,2,0,1,NORMAL,0
INV-SYN-14375,TXN-SYN-14375,SUPP-TITAN-03,BUYER-VORTEX-02,Kuehne+Nagel Logistics,1,325220.43,325720.16,0.0015,1.1633,818.88,781.66,1,0,738,1035,0,7,0,0,NORMAL,0
INV-SYN-14376,TXN-SYN-14376,SUPP-PREC-04,BUYER-VORTEX-02,FedEx International,1,38673.09,38589.88,-0.0022,0.4062,674.16,569.1,0,0,689,1036,0,21,0,0,NORMAL,0
INV-SYN-14377,TXN-SYN-14377,SUPP-IND-05,BUYER-OMEGA-01,FedEx International,1,241682.79,241849.1,0.0007,1.5116,424.14,246.53,1,0,759,1049,0,14,1,0,NORMAL,0
INV-SYN-14378,TXN-SYN-14378,SUPP-GLOBAL-01,BUYER-OMEGA-01,DHL Global Express,1,128858.4,126525.59,-0.0181,1.0544,562.46,496.31,0,0,706,1050,0,12,0,0,NORMAL,0
INV-SYN-14379,TXN-SYN-14379,SUPP-NEXUS-02,BUYER-APEX-06,DHL Global Express,1,68499.39,67279.41,-0.0178,0.7915,590.73,458.33,0,0,642,1004,0,9,0,0,NORMAL,0
INV-SYN-14380,TXN-SYN-14380,SUPP-NEXUS-02,BUYER-GLOBAL-05,Kuehne+Nagel Logistics,1,88338.97,87406.46,-0.0106,1.0283,669.14,622.82,0,0,643,992,0,14,0,0,NORMAL,0
INV-SYN-14381,TXN-SYN-14381,SUPP-TITAN-03,BUYER-APEX-06,Kuehne+Nagel Logistics,1,292333.29,292792.39,0.0016,1.0457,510.81,402.91,1,0,739,1005,0,16,0,0,NORMAL,0
INV-SYN-14382,TXN-SYN-14382,SUPP-TITAN-03,BUYER-APEX-06,FedEx International,1,233320.59,235040.34,0.0074,0.8394,741.21,618.45,1,0,740,1006,0,6,0,0,NORMAL,0
INV-SYN-14383,TXN-SYN-14383,SUPP-GLOBAL-01,BUYER-VORTEX-02,DHL Global Express,1,125937.5,126386.2,0.0036,1.0532,584.42,508.7,0,0,707,1037,0,13,1,0,NORMAL,0
INV-SYN-14384,TXN-SYN-14384,SUPP-PACIFIC-08,BUYER-OMEGA-01,FedEx International,1,63609.89,62905.91,-0.0111,0.8387,708.26,565.45,0,0,673,1051,0,2,0,1,NORMAL,0
INV-SYN-14385,TXN-SYN-14385,SUPP-PACIFIC-08,BUYER-OMEGA-01,Maersk Ocean Freight,1,67418.21,67918.28,0.0074,0.9056,784.14,732.57,0,0,674,1052,0,21,0,0,NORMAL,0
INV-SYN-14386,TXN-SYN-14386,SUPP-TITAN-03,BUYER-APEX-06,Kuehne+Nagel Logistics,1,231960.46,232159.04,0.0009,0.8291,889.77,781.27,1,0,741,1007,0,7,0,0,NORMAL,0
INV-SYN-14387,TXN-SYN-14387,SUPP-IND-05,BUYER-GLOBAL-05,DHL Global Express,1,102693.15,102378.38,-0.0031,0.6399,681.46,530.36,1,0,760,993,0,12,0,0,NORMAL,0
INV-SYN-14388,TXN-SYN-14388,SUPP-IND-05,BUYER-VORTEX-02,DHL Global Express,1,165833.46,164754.8,-0.0065,1.0297,882.99,799.19,1,0,761,1038,0,19,0,0,NORMAL,0
INV-SYN-14389,TXN-SYN-14389,SUPP-PREC-04,BUYER-APEX-06,FedEx International,1,108900.86,106853.92,-0.0188,1.1248,747.02,573.07,0,0,690,1008,0,23,0,1,NORMAL,0
INV-SYN-14390,TXN-SYN-14390,SUPP-TITAN-03,BUYER-GLOBAL-05,FedEx International,1,316041.85,312615.96,-0.0108,1.1165,619.01,504.26,1,0,742,994,0,0,1,1,NORMAL,0
INV-SYN-14391,TXN-SYN-14391,SUPP-PACIFIC-08,BUYER-VORTEX-02,DB Schenker,1,90373.6,89080.16,-0.0143,1.1877,849.65,790.44,0,0,675,1039,0,22,0,0,NORMAL,0
INV-SYN-14392,TXN-SYN-14392,SUPP-PACIFIC-08,BUYER-VORTEX-02,FedEx International,1,81081.38,80734.68,-0.0043,1.0765,579.13,456.46,0,0,676,1040,0,19,1,0,NORMAL,0
INV-SYN-14393,TXN-SYN-14393,SUPP-IND-05,BUYER-APEX-06,DB Schenker,1,138690.98,137825.19,-0.0062,0.8614,828.58,765.84,1,0,762,1009,0,4,1,1,NORMAL,0
INV-SYN-14394,TXN-SYN-14394,SUPP-NEXUS-02,BUYER-VORTEX-02,DHL Global Express,1,102842.86,101833.3,-0.0098,1.198,447.77,338.05,0,0,644,1041,0,10,0,0,NORMAL,0
INV-SYN-14395,TXN-SYN-14395,SUPP-TITAN-03,BUYER-OMEGA-01,Kuehne+Nagel Logistics,1,184973.77,184672.67,-0.0016,0.6595,765.34,639.59,1,0,743,1053,0,3,1,1,NORMAL,0
INV-SYN-14396,TXN-SYN-14396,SUPP-NEXUS-02,BUYER-GLOBAL-05,FedEx International,1,65860.73,65108.96,-0.0114,0.766,727.01,646.4,0,0,645,995,0,3,1,1,NORMAL,0
INV-SYN-14397,TXN-SYN-14397,SUPP-NEXUS-02,BUYER-VORTEX-02,Maersk Ocean Freight,1,64510.75,64689.05,0.0028,0.761,478.71,318.52,0,0,646,1042,0,14,1,0,NORMAL,0
INV-SYN-14398,TXN-SYN-14398,SUPP-NEXUS-02,BUYER-OMEGA-01,Kuehne+Nagel Logistics,1,107951.19,107582.61,-0.0034,1.2657,478.81,339.61,0,0,647,1054,0,22,1,0,NORMAL,0
INV-SYN-14399,TXN-SYN-14399,SUPP-NEXUS-02,BUYER-APEX-06,FedEx International,1,105034.26,106000.5,0.0092,1.2471,925.31,754.13,0,0,648,1010,0,7,0,0,NORMAL,0
INV-SYN-14400,TXN-SYN-14400,SUPP-GLOBAL-01,BUYER-APEX-06,Kuehne+Nagel Logistics,1,134619.16,132155.04,-0.0183,1.1013,408.94,356.66,0,0,708,1011,0,23,0,1,NORMAL,0
INV-SYN-14401,TXN-SYN-14401,SUPP-TITAN-03,BUYER-OMEGA-01,Maersk Ocean Freight,1,355035.09,355295.93,0.0007,1.2689,535.79,479.01,1,0,744,1055,0,16,0,0,NORMAL,0
INV-SYN-14402,TXN-SYN-14402,SUPP-NEXUS-02,BUYER-GLOBAL-05,Kuehne+Nagel Logistics,1,66315.24,66948.45,0.0095,0.7876,430.69,367.07,0,0,649,996,0,16,1,0,NORMAL,0
INV-SYN-14403,TXN-SYN-14403,SUPP-NEXUS-02,BUYER-APEX-06,DHL Global Express,1,92407.65,91161.48,-0.0135,1.0725,502.84,409.99,0,0,650,1012,0,12,0,0,NORMAL,0
INV-SYN-14404,TXN-SYN-14404,SUPP-TITAN-03,BUYER-GLOBAL-05,Maersk Ocean Freight,1,271237.79,271644.12,0.0015,0.9702,513.5,362.03,1,0,745,997,0,18,0,0,NORMAL,0
INV-SYN-14405,TXN-SYN-14405,SUPP-TITAN-03,BUYER-VORTEX-02,DB Schenker,1,339281.75,333567.43,-0.0168,1.1913,487.95,398.99,1,0,746,1043,0,1,1,1,NORMAL,0
INV-SYN-14406,TXN-SYN-14406,SUPP-SUSP-06,BUYER-QUICK-04,Maersk Ocean Freight,1,378765.64,786523.11,1.0765,2.0167,283.69,184.67,6,5,92,172,0,4,1,1,AMOUNT_INFLATION,1
INV-SYN-14407,TXN-SYN-14407,SUPP-PACIFIC-08,BUYER-GLOBAL-05,DHL Global Express,1,67782.32,67454.93,-0.0048,0.8994,513.13,336.85,0,0,677,998,0,3,0,1,NORMAL,0
INV-SYN-14408,TXN-SYN-14408,SUPP-GLOBAL-01,BUYER-OMEGA-01,DB Schenker,1,136227.26,135169.61,-0.0078,1.1264,497.56,344.18,0,0,709,1056,0,13,1,0,NORMAL,0
INV-SYN-14409,TXN-SYN-14409,SUPP-TITAN-03,BUYER-APEX-06,Kuehne+Nagel Logistics,1,341331.84,340512.33,-0.0024,1.2161,517.15,344.12,1,0,747,1013,0,13,0,0,NORMAL,0
INV-SYN-14410,TXN-SYN-14410,SUPP-PREC-04,BUYER-VORTEX-02,DB Schenker,1,79126.8,79091.54,-0.0004,0.8325,902.29,769.29,0,0,691,1044,0,11,0,0,NORMAL,0
INV-SYN-14411,TXN-SYN-14411,SUPP-TITAN-03,BUYER-OMEGA-01,Maersk Ocean Freight,1,275724.7,277274.83,0.0056,0.9903,771.25,725.71,1,0,748,1057,0,22,0,0,NORMAL,0
INV-SYN-14412,TXN-SYN-14412,SUPP-TITAN-03,BUYER-GLOBAL-05,FedEx International,1,205909.16,205811.85,-0.0005,0.735,914.3,753.98,1,0,749,999,0,11,0,0,NORMAL,0
INV-SYN-14413,TXN-SYN-14413,SUPP-PREC-04,BUYER-VORTEX-02,Kuehne+Nagel Logistics,1,35671.05,35918.27,0.0069,0.3781,771.26,727.66,0,0,692,1045,0,20,0,0,NORMAL,0
INV-SYN-14414,TXN-SYN-14414,SUPP-IND-05,BUYER-VORTEX-02,DHL Global Express,1,168018.39,168388.79,0.0022,1.0524,866.16,674.53,1,0,763,1046,0,20,0,0,NORMAL,0
INV-SYN-14415,TXN-SYN-14415,SUPP-GLOBAL-01,BUYER-VORTEX-02,FedEx International,1,138267.16,139565.59,0.0094,1.163,862.71,685.67,0,0,710,1047,0,19,1,0,NORMAL,0
INV-SYN-14416,TXN-SYN-14416,SUPP-IND-05,BUYER-APEX-06,DHL Global Express,1,170482.67,168651.03,-0.0107,1.0541,944.73,792.55,1,0,764,1014,0,4,0,1,NORMAL,0
INV-SYN-14417,TXN-SYN-14417,SUPP-PACIFIC-08,BUYER-APEX-06,Kuehne+Nagel Logistics,1,38445.72,38162.05,-0.0074,0.5088,460.52,308.54,0,0,678,1015,0,16,0,0,NORMAL,0
INV-SYN-14418,TXN-SYN-14418,SUPP-GLOBAL-01,BUYER-APEX-06,Kuehne+Nagel Logistics,1,109474.52,109238.93,-0.0022,0.9103,888.34,787.88,0,0,711,1016,0,5,0,1,NORMAL,0
INV-SYN-14419,TXN-SYN-14419,SUPP-IND-05,BUYER-OMEGA-01,DHL Global Express,1,71266.09,70155.13,-0.0156,0.4385,721.22,551.32,1,0,765,1058,0,2,0,1,NORMAL,0
INV-SYN-14420,TXN-SYN-14420,SUPP-PREC-04,BUYER-OMEGA-01,Maersk Ocean Freight,1,127530.4,125014.05,-0.0197,1.3159,550.76,502.66,0,0,693,1059,0,14,0,0,NORMAL,0
INV-SYN-14421,TXN-SYN-14421,SUPP-TITAN-03,BUYER-OMEGA-01,FedEx International,1,203976.18,205406.41,0.007,0.7336,761.96,676.29,1,0,750,1060,0,8,1,0,NORMAL,0
INV-SYN-14422,TXN-SYN-14422,SUPP-NEXUS-02,BUYER-OMEGA-01,DHL Global Express,1,111677.33,109449.3,-0.02,1.2876,428.02,352.35,0,0,651,1061,0,10,1,0,NORMAL,0
INV-SYN-14423,TXN-SYN-14423,SUPP-PREC-04,BUYER-VORTEX-02,DB Schenker,1,117464.4,117974.27,0.0043,1.2418,937.57,817.15,0,0,694,1048,0,16,1,0,NORMAL,0
INV-SYN-14424,TXN-SYN-14424,SUPP-PACIFIC-08,BUYER-VORTEX-02,DHL Global Express,1,58113.93,57252.66,-0.0148,0.7634,521.02,398.56,0,0,679,1049,0,23,0,1,NORMAL,0
INV-SYN-14425,TXN-SYN-14425,SUPP-PACIFIC-08,BUYER-GLOBAL-05,Kuehne+Nagel Logistics,1,53760.28,52744.24,-0.0189,0.7033,805.8,697.72,0,0,680,1000,0,1,0,1,NORMAL,0
INV-SYN-14426,TXN-SYN-14426,SUPP-IND-05,BUYER-APEX-06,DHL Global Express,1,174014.81,171898.45,-0.0122,1.0744,669.46,628.4,1,0,766,1017,0,1,0,1,NORMAL,0
INV-SYN-14427,TXN-SYN-14427,SUPP-TITAN-03,BUYER-OMEGA-01,DHL Global Express,1,220897.32,218266.56,-0.0119,0.7795,701.14,624.98,1,0,751,1062,0,19,1,0,NORMAL,0
INV-SYN-14428,TXN-SYN-14428,SUPP-NEXUS-02,BUYER-APEX-06,Kuehne+Nagel Logistics,1,87177.8,87279.51,0.0012,1.0268,399.83,280.64,0,0,652,1018,0,13,1,0,NORMAL,0
INV-SYN-14429,TXN-SYN-14429,SUPP-TITAN-03,BUYER-GLOBAL-05,DB Schenker,1,246202.07,246482.47,0.0011,0.8803,832.73,665.21,1,0,752,1001,0,15,0,0,NORMAL,0
INV-SYN-14430,TXN-SYN-14430,SUPP-IND-05,BUYER-GLOBAL-05,Kuehne+Nagel Logistics,1,88753.66,87840.39,-0.0103,0.549,477.41,368.0,1,0,767,1002,0,23,0,1,NORMAL,0
INV-SYN-14431,TXN-SYN-14431,SUPP-PREC-04,BUYER-VORTEX-02,Kuehne+Nagel Logistics,1,42026.38,41222.06,-0.0191,0.4339,669.91,584.87,0,0,695,1050,0,11,0,0,NORMAL,0
INV-SYN-14432,TXN-SYN-14432,SUPP-PACIFIC-08,BUYER-VORTEX-02,DHL Global Express,1,79250.33,78698.47,-0.007,1.0493,373.39,264.22,0,0,681,1051,0,11,0,0,NORMAL,0
INV-SYN-14433,TXN-SYN-14433,SUPP-IND-05,BUYER-VORTEX-02,Maersk Ocean Freight,1,137537.69,137798.03,0.0019,0.8612,362.2,242.67,1,0,768,1052,0,6,0,0,NORMAL,0
INV-SYN-14434,TXN-SYN-14434,SUPP-TITAN-03,BUYER-VORTEX-02,Kuehne+Nagel Logistics,1,241283.71,243517.33,0.0093,0.8697,774.44,685.24,1,0,753,1053,0,7,1,0,NORMAL,0
INV-SYN-14435,TXN-SYN-14435,SUPP-NEXUS-02,BUYER-GLOBAL-05,Kuehne+Nagel Logistics,1,99787.11,99685.35,-0.001,1.1728,627.88,495.32,0,0,653,1003,0,22,0,0,NORMAL,0
INV-SYN-14436,TXN-SYN-14436,SUPP-GLOBAL-01,BUYER-APEX-06,Kuehne+Nagel Logistics,1,155203.27,153529.81,-0.0108,1.2794,359.26,250.25,0,0,712,1019,0,12,1,0,NORMAL,0
INV-SYN-14437,TXN-SYN-14437,SUPP-PREC-04,BUYER-GLOBAL-05,DHL Global Express,1,88527.06,88873.73,0.0039,0.9355,589.83,540.25,0,0,696,1004,0,8,0,0,NORMAL,0
INV-SYN-14438,TXN-SYN-14438,SUPP-NEXUS-02,BUYER-APEX-06,Maersk Ocean Freight,1,77762.28,76526.12,-0.0159,0.9003,873.41,788.93,0,0,654,1020,0,22,0,0,NORMAL,0
INV-SYN-14439,TXN-SYN-14439,SUPP-IND-05,BUYER-OMEGA-01,DB Schenker,1,180005.72,177111.17,-0.0161,1.1069,495.31,416.04,1,0,769,1063,0,6,1,0,NORMAL,0
INV-SYN-14440,TXN-SYN-14440,SUPP-IND-05,BUYER-GLOBAL-05,Kuehne+Nagel Logistics,1,105722.58,105531.89,-0.0018,0.6596,536.63,464.1,1,0,770,1005,0,7,0,0,NORMAL,0
INV-SYN-14441,TXN-SYN-14441,SUPP-TITAN-03,BUYER-VORTEX-02,Kuehne+Nagel Logistics,1,295620.71,295392.28,-0.0008,1.055,807.69,698.27,1,0,754,1054,0,13,1,0,NORMAL,0
INV-SYN-14442,TXN-SYN-14442,SUPP-IND-05,BUYER-GLOBAL-05,Maersk Ocean Freight,1,182075.44,180877.0,-0.0066,1.1305,879.61,704.06,1,0,771,1006,0,12,0,0,NORMAL,0
INV-SYN-14443,TXN-SYN-14443,SUPP-TITAN-03,BUYER-APEX-06,DB Schenker,1,327616.11,325838.87,-0.0054,1.1637,897.57,727.45,1,0,755,1021,0,14,1,0,NORMAL,0
INV-SYN-14444,TXN-SYN-14444,SUPP-PACIFIC-08,BUYER-GLOBAL-05,FedEx International,1,38685.89,38782.5,0.0025,0.5171,429.84,342.32,0,0,682,1007,0,1,0,1,NORMAL,0
INV-SYN-14445,TXN-SYN-14445,SUPP-TITAN-03,BUYER-GLOBAL-05,DHL Global Express,1,226705.13,227565.09,0.0038,0.8127,457.3,289.37,1,0,756,1008,0,19,0,0,NORMAL,0
INV-SYN-14446,TXN-SYN-14446,SUPP-PREC-04,BUYER-GLOBAL-05,DB Schenker,1,74141.25,74553.7,0.0056,0.7848,859.81,690.91,0,0,697,1009,0,12,0,0,NORMAL,0
INV-SYN-14447,TXN-SYN-14447,SUPP-NEXUS-02,BUYER-GLOBAL-05,Maersk Ocean Freight,1,87122.6,87368.6,0.0028,1.0279,957.18,766.42,0,0,655,1010,0,0,0,1,NORMAL,0
INV-SYN-14448,TXN-SYN-14448,SUPP-NEXUS-02,BUYER-APEX-06,DB Schenker,1,95215.82,95250.03,0.0004,1.1206,737.17,609.94,0,0,656,1022,0,1,0,1,NORMAL,0
INV-SYN-14449,TXN-SYN-14449,SUPP-NEXUS-02,BUYER-OMEGA-01,DHL Global Express,1,116805.1,116798.47,-0.0001,1.3741,591.54,502.59,0,0,657,1064,0,17,0,0,NORMAL,0
INV-SYN-14450,TXN-SYN-14450,SUPP-GLOBAL-01,BUYER-GLOBAL-05,FedEx International,1,105151.04,104128.41,-0.0097,0.8677,557.18,409.72,0,0,713,1011,0,17,0,0,NORMAL,0
INV-SYN-14451,TXN-SYN-14451,SUPP-PREC-04,BUYER-GLOBAL-05,DB Schenker,1,83182.65,82317.96,-0.0104,0.8665,611.02,444.43,0,0,698,1012,0,11,0,0,NORMAL,0
INV-SYN-14452,TXN-SYN-14452,SUPP-PACIFIC-08,BUYER-VORTEX-02,FedEx International,1,96556.35,96387.2,-0.0018,1.2852,551.43,440.23,0,0,683,1055,0,4,1,1,NORMAL,0
INV-SYN-14453,TXN-SYN-14453,SUPP-IND-05,BUYER-GLOBAL-05,FedEx International,1,171863.08,170035.97,-0.0106,1.0627,401.85,253.06,1,0,772,1013,0,9,1,0,NORMAL,0
INV-SYN-14454,TXN-SYN-14454,SUPP-GLOBAL-01,BUYER-GLOBAL-05,Maersk Ocean Freight,1,158029.55,156755.23,-0.0081,1.3063,845.47,771.09,0,0,714,1014,0,13,0,0,NORMAL,0
INV-SYN-14455,TXN-SYN-14455,SUPP-PHANTOM-07,BUYER-STEEL-03,None,0,750498.13,750498.13,0.0,1.6678,4.56,-1.0,8,1,84,129,0,21,1,0,RAPID_GHOST_SETTLEMENT,1
INV-SYN-14456,TXN-SYN-14456,SUPP-PREC-04,BUYER-APEX-06,Unregistered Logistics,1,100000.0,100000.0,0.0,1.0526,17.73,-11.59,0,0,699,1023,1,4,0,1,OFF_HOURS_ROUND_SUM,1
INV-SYN-14457,TXN-SYN-14457,SUPP-NEXUS-02,BUYER-VORTEX-02,DHL Global Express,1,56671.02,56792.27,0.0021,0.6681,684.43,542.76,0,0,658,1056,0,23,0,1,NORMAL,0
INV-SYN-14458,TXN-SYN-14458,SUPP-TITAN-03,BUYER-GLOBAL-05,Kuehne+Nagel Logistics,1,171394.14,170687.01,-0.0041,0.6096,714.63,631.61,1,0,757,1015,0,1,0,1,NORMAL,0
INV-SYN-14459,TXN-SYN-14459,SUPP-PREC-04,BUYER-OMEGA-01,FedEx International,1,110723.73,110758.0,0.0003,1.1659,426.65,292.3,0,0,700,1065,0,4,0,1,NORMAL,0
INV-SYN-14460,TXN-SYN-14460,SUPP-PREC-04,BUYER-OMEGA-01,DB Schenker,1,123229.17,123293.82,0.0005,1.2978,430.6,384.18,0,0,701,1066,0,2,0,1,NORMAL,0
INV-SYN-14461,TXN-SYN-14461,SUPP-PHANTOM-07,BUYER-QUICK-04,Kuehne+Nagel Logistics,1,1097710.24,1262366.78,0.15,2.8053,232.29,175.46,8,5,85,173,0,21,0,0,SERIAL_COUNTERPARTY_SPIKE,1
INV-SYN-14462,TXN-SYN-14462,SUPP-PREC-04,BUYER-GLOBAL-05,DHL Global Express,1,115023.75,113754.33,-0.011,1.1974,497.14,364.82,0,0,702,1016,0,20,1,0,NORMAL,0
INV-SYN-14463,TXN-SYN-14463,SUPP-IND-05,BUYER-OMEGA-01,FedEx International,1,206513.54,207376.29,0.0042,1.2961,599.48,454.94,1,0,773,1067,0,12,0,0,NORMAL,0
INV-SYN-14464,TXN-SYN-14464,SUPP-TITAN-03,BUYER-STEEL-03,None,0,359562.44,359562.44,0.0,1.2842,2.17,-1.0,1,1,758,130,0,20,0,0,RAPID_GHOST_SETTLEMENT,1
INV-SYN-14465,TXN-SYN-14465,SUPP-NEXUS-02,BUYER-OMEGA-01,FedEx International,1,60426.16,60543.84,0.0019,0.7123,410.26,353.16,0,0,659,1068,0,14,0,0,NORMAL,0
INV-SYN-14466,TXN-SYN-14466,SUPP-GLOBAL-01,BUYER-VORTEX-02,DB Schenker,1,145502.38,145845.21,0.0024,1.2154,475.83,428.94,0,0,715,1057,0,9,0,0,NORMAL,0
INV-SYN-14467,TXN-SYN-14467,SUPP-PACIFIC-08,BUYER-OMEGA-01,Kuehne+Nagel Logistics,1,82831.51,81530.86,-0.0157,1.0871,398.23,323.17,0,0,684,1069,0,18,0,0,NORMAL,0
INV-SYN-14468,TXN-SYN-14468,SUPP-PREC-04,BUYER-OMEGA-01,DHL Global Express,1,97551.8,96424.42,-0.0116,1.015,740.37,687.81,0,0,703,1070,0,8,0,0,NORMAL,0
INV-SYN-14469,TXN-SYN-14469,SUPP-TITAN-03,BUYER-GLOBAL-05,Kuehne+Nagel Logistics,1,307116.0,305373.23,-0.0057,1.0906,876.03,815.51,1,0,759,1017,0,21,0,0,NORMAL,0
INV-SYN-14470,TXN-SYN-14470,SUPP-IND-05,BUYER-VORTEX-02,DB Schenker,1,172927.42,170791.64,-0.0124,1.0674,569.35,512.17,1,0,774,1058,0,19,0,0,NORMAL,0
INV-SYN-14471,TXN-SYN-14471,SUPP-GLOBAL-01,BUYER-VORTEX-02,Kuehne+Nagel Logistics,1,158514.51,155599.49,-0.0184,1.2967,915.35,790.94,0,0,716,1059,0,8,1,0,NORMAL,0
INV-SYN-14472,TXN-SYN-14472,SUPP-TITAN-03,BUYER-VORTEX-02,Maersk Ocean Freight,1,370648.99,364989.36,-0.0153,1.3035,695.87,544.35,1,0,760,1060,0,8,1,0,NORMAL,0
INV-SYN-14473,TXN-SYN-14473,SUPP-NEXUS-02,BUYER-APEX-06,FedEx International,1,96564.68,94956.85,-0.0167,1.1171,656.59,562.21,0,0,660,1024,0,5,1,1,NORMAL,0
INV-SYN-14474,TXN-SYN-14474,SUPP-IND-05,BUYER-OMEGA-01,Maersk Ocean Freight,1,193832.11,195132.75,0.0067,1.2196,886.15,738.09,1,0,775,1071,0,19,0,0,NORMAL,0
INV-SYN-14475,TXN-SYN-14475,SUPP-TITAN-03,BUYER-OMEGA-01,DHL Global Express,1,315984.38,316539.52,0.0018,1.1305,822.97,689.48,1,0,761,1072,0,0,1,1,NORMAL,0
INV-SYN-14476,TXN-SYN-14476,SUPP-PACIFIC-08,BUYER-GLOBAL-05,Maersk Ocean Freight,1,66353.07,66651.33,0.0045,0.8887,977.52,839.06,0,0,685,1018,0,9,0,0,NORMAL,0
INV-SYN-14477,TXN-SYN-14477,SUPP-PREC-04,BUYER-GLOBAL-05,DHL Global Express,1,112968.41,111198.35,-0.0157,1.1705,422.75,258.1,0,0,704,1019,0,8,0,0,NORMAL,0
INV-SYN-14478,TXN-SYN-14478,SUPP-GLOBAL-01,BUYER-GLOBAL-05,DB Schenker,1,78165.15,78649.04,0.0062,0.6554,654.02,465.41,0,0,717,1020,0,7,0,0,NORMAL,0
INV-SYN-14479,TXN-SYN-14479,SUPP-IND-05,BUYER-GLOBAL-05,DHL Global Express,1,202155.66,201106.74,-0.0052,1.2569,578.72,541.26,1,0,776,1021,0,18,0,0,NORMAL,0
INV-SYN-14480,TXN-SYN-14480,SUPP-PREC-04,BUYER-APEX-06,Maersk Ocean Freight,1,66630.08,65990.4,-0.0096,0.6946,508.48,465.45,0,0,705,1025,0,1,0,1,NORMAL,0
INV-SYN-14481,TXN-SYN-14481,SUPP-GLOBAL-01,BUYER-VORTEX-02,Maersk Ocean Freight,1,128574.1,126555.18,-0.0157,1.0546,918.32,782.22,0,0,718,1061,0,7,0,0,NORMAL,0
INV-SYN-14482,TXN-SYN-14482,SUPP-PACIFIC-08,BUYER-VORTEX-02,Maersk Ocean Freight,1,59153.36,59208.39,0.0009,0.7894,684.56,639.62,0,0,686,1062,0,22,0,0,NORMAL,0
INV-SYN-14483,TXN-SYN-14483,SUPP-PREC-04,BUYER-APEX-06,FedEx International,1,108142.99,106085.41,-0.019,1.1167,537.01,401.91,0,0,706,1026,0,21,1,0,NORMAL,0
INV-SYN-14484,TXN-SYN-14484,SUPP-PREC-04,BUYER-OMEGA-01,Maersk Ocean Freight,1,94194.28,92609.5,-0.0168,0.9748,298.79,247.55,0,0,707,1073,0,3,0,1,NORMAL,0
INV-SYN-14485,TXN-SYN-14485,SUPP-PREC-04,BUYER-VORTEX-02,Maersk Ocean Freight,1,57124.55,57260.09,0.0024,0.6027,546.14,450.03,0,0,708,1063,0,2,0,1,NORMAL,0
INV-SYN-14486,TXN-SYN-14486,SUPP-TITAN-03,BUYER-VORTEX-02,DB Schenker,1,309448.97,305939.03,-0.0113,1.0926,730.93,666.98,1,0,762,1064,0,4,0,1,NORMAL,0
INV-SYN-14487,TXN-SYN-14487,SUPP-PACIFIC-08,BUYER-VORTEX-02,Kuehne+Nagel Logistics,1,64163.99,64344.19,0.0028,0.8579,806.05,652.36,0,0,687,1065,0,6,0,0,NORMAL,0
INV-SYN-14488,TXN-SYN-14488,SUPP-IND-05,BUYER-GLOBAL-05,Kuehne+Nagel Logistics,1,195245.87,196960.94,0.0088,1.231,926.45,784.36,1,0,777,1022,0,23,1,1,NORMAL,0
INV-SYN-14489,TXN-SYN-14489,SUPP-PREC-04,BUYER-OMEGA-01,Maersk Ocean Freight,1,95031.49,95248.3,0.0023,1.0026,512.01,458.88,0,0,709,1074,0,7,0,0,NORMAL,0
INV-SYN-14490,TXN-SYN-14490,SUPP-PREC-04,BUYER-APEX-06,DB Schenker,1,104391.25,103623.04,-0.0074,1.0908,898.2,774.89,0,0,710,1027,0,11,1,0,NORMAL,0
INV-SYN-14491,TXN-SYN-14491,SUPP-GLOBAL-01,BUYER-VORTEX-02,Kuehne+Nagel Logistics,1,91272.93,91490.9,0.0024,0.7624,720.07,623.54,0,0,719,1066,0,10,0,0,NORMAL,0
INV-SYN-14492,TXN-SYN-14492,SUPP-TITAN-03,BUYER-GLOBAL-05,DHL Global Express,1,238746.74,238953.99,0.0009,0.8534,425.63,371.45,1,0,763,1023,0,9,0,0,NORMAL,0
INV-SYN-14493,TXN-SYN-14493,SUPP-IND-05,BUYER-GLOBAL-05,Maersk Ocean Freight,1,141654.45,139619.78,-0.0144,0.8726,855.21,798.66,1,0,778,1024,0,5,0,1,NORMAL,0
INV-SYN-14494,TXN-SYN-14494,SUPP-IND-05,BUYER-VORTEX-02,FedEx International,1,194268.1,193920.31,-0.0018,1.212,335.43,288.91,1,0,779,1067,0,20,0,0,NORMAL,0
INV-SYN-14495,TXN-SYN-14495,SUPP-NEXUS-02,BUYER-APEX-06,Maersk Ocean Freight,1,120644.26,119863.87,-0.0065,1.4102,726.12,574.83,0,0,661,1028,0,12,0,0,NORMAL,0
INV-SYN-14496,TXN-SYN-14496,SUPP-PACIFIC-08,BUYER-APEX-06,DB Schenker,1,59903.03,59699.56,-0.0034,0.796,810.19,692.2,0,0,688,1029,0,3,1,1,NORMAL,0
INV-SYN-14497,TXN-SYN-14497,SUPP-IND-05,BUYER-APEX-06,FedEx International,1,203073.93,199531.96,-0.0174,1.2471,377.35,275.07,1,0,780,1030,0,9,0,0,NORMAL,0
INV-SYN-14498,TXN-SYN-14498,SUPP-NEXUS-02,BUYER-APEX-06,DB Schenker,1,38894.35,38419.69,-0.0122,0.452,832.99,765.03,0,0,662,1031,0,14,0,0,NORMAL,0
INV-SYN-14499,TXN-SYN-14499,SUPP-NEXUS-02,BUYER-VORTEX-02,Kuehne+Nagel Logistics,1,59623.48,59886.49,0.0044,0.7045,540.42,390.26,0,0,663,1068,0,6,0,0,NORMAL,0
INV-SYN-14500,TXN-SYN-14500,SUPP-NEXUS-02,BUYER-OMEGA-01,DB Schenker,1,64625.96,63593.51,-0.016,0.7482,869.95,790.03,0,0,664,1075,0,21,0,0,NORMAL,0
INV-SYN-14501,TXN-SYN-14501,SUPP-GLOBAL-01,BUYER-OMEGA-01,DB Schenker,1,79424.74,78321.85,-0.0139,0.6527,347.12,294.29,0,0,720,1076,0,5,0,1,NORMAL,0
INV-SYN-14502,TXN-SYN-14502,SUPP-IND-05,BUYER-APEX-06,DB Schenker,1,96656.46,97611.99,0.0099,0.6101,595.34,457.69,1,0,781,1032,0,17,0,0,NORMAL,0
INV-SYN-14503,TXN-SYN-14503,SUPP-TITAN-03,BUYER-VORTEX-02,FedEx International,1,308909.92,302772.78,-0.0199,1.0813,514.54,355.59,1,0,764,1069,0,9,0,0,NORMAL,0
INV-SYN-14504,TXN-SYN-14504,SUPP-PREC-04,BUYER-VORTEX-02,Maersk Ocean Freight,1,89915.89,89386.6,-0.0059,0.9409,670.22,534.2,0,0,711,1070,0,8,0,0,NORMAL,0
INV-SYN-14505,TXN-SYN-14505,SUPP-TITAN-03,BUYER-APEX-06,DB Schenker,1,306558.38,303088.12,-0.0113,1.0825,581.18,425.63,1,0,765,1033,0,12,0,0,NORMAL,0
INV-SYN-14506,TXN-SYN-14506,SUPP-GLOBAL-01,BUYER-OMEGA-01,DHL Global Express,1,140714.18,141614.21,0.0064,1.1801,537.0,370.25,0,0,721,1077,0,7,0,0,NORMAL,0
INV-SYN-14507,TXN-SYN-14507,SUPP-PACIFIC-08,BUYER-VORTEX-02,Maersk Ocean Freight,1,79980.32,78425.02,-0.0194,1.0457,853.57,700.19,0,0,689,1071,0,0,0,1,NORMAL,0
INV-SYN-14508,TXN-SYN-14508,SUPP-NEXUS-02,BUYER-APEX-06,Maersk Ocean Freight,1,98977.47,99060.9,0.0008,1.1654,411.82,316.39,0,0,665,1034,0,23,0,1,NORMAL,0
INV-SYN-14509,TXN-SYN-14509,SUPP-PACIFIC-08,BUYER-VORTEX-02,DB Schenker,1,73696.27,74077.4,0.0052,0.9877,597.53,548.91,0,0,690,1072,0,5,0,1,NORMAL,0
INV-SYN-14510,TXN-SYN-14510,SUPP-NEXUS-02,BUYER-OMEGA-01,Kuehne+Nagel Logistics,1,59776.39,60077.91,0.005,0.7068,874.42,754.17,0,0,666,1078,0,1,0,1,NORMAL,0
INV-SYN-14511,TXN-SYN-14511,SUPP-PACIFIC-08,BUYER-GLOBAL-05,DHL Global Express,1,94834.02,95739.59,0.0095,1.2765,764.1,577.31,0,0,691,1025,0,4,1,1,NORMAL,0
INV-SYN-14512,TXN-SYN-14512,SUPP-NEXUS-02,BUYER-OMEGA-01,DB Schenker,1,72481.37,71235.89,-0.0172,0.8381,878.36,697.27,0,0,667,1079,0,10,0,0,NORMAL,0
INV-SYN-14513,TXN-SYN-14513,SUPP-PREC-04,BUYER-APEX-06,Kuehne+Nagel Logistics,1,72779.59,71389.54,-0.0191,0.7515,676.86,494.34,0,0,712,1035,0,22,0,0,NORMAL,0
INV-SYN-14514,TXN-SYN-14514,SUPP-PREC-04,BUYER-VORTEX-02,Kuehne+Nagel Logistics,1,90774.45,90919.8,0.0016,0.9571,477.31,345.11,0,0,713,1073,0,1,0,1,NORMAL,0
INV-SYN-14515,TXN-SYN-14515,SUPP-IND-05,BUYER-QUICK-04,Unregistered Logistics,1,300000.0,300000.0,0.0,1.875,63.8,44.56,1,5,782,174,1,0,0,1,OFF_HOURS_ROUND_SUM,1
INV-SYN-14516,TXN-SYN-14516,SUPP-PACIFIC-08,BUYER-VORTEX-02,DHL Global Express,1,67173.18,67041.29,-0.002,0.8939,929.67,739.56,0,0,692,1074,0,16,0,0,NORMAL,0
INV-SYN-14517,TXN-SYN-14517,SUPP-PREC-04,BUYER-GLOBAL-05,DHL Global Express,1,103171.28,103066.9,-0.001,1.0849,702.97,636.09,0,0,714,1026,0,17,0,0,NORMAL,0
INV-SYN-14518,TXN-SYN-14518,SUPP-NEXUS-02,BUYER-GLOBAL-05,Maersk Ocean Freight,1,92402.26,90903.9,-0.0162,1.0695,632.26,488.73,0,0,668,1027,0,1,0,1,NORMAL,0
INV-SYN-14519,TXN-SYN-14519,SUPP-GLOBAL-01,BUYER-GLOBAL-05,FedEx International,1,93065.1,93454.78,0.0042,0.7788,430.96,272.71,0,0,722,1028,0,21,0,0,NORMAL,0
INV-SYN-14520,TXN-SYN-14520,SUPP-PREC-04,BUYER-APEX-06,Kuehne+Nagel Logistics,1,83417.0,82890.01,-0.0063,0.8725,484.32,437.86,0,0,715,1036,0,10,0,0,NORMAL,0
INV-SYN-14521,TXN-SYN-14521,SUPP-TITAN-03,BUYER-GLOBAL-05,FedEx International,1,355203.31,354531.61,-0.0019,1.2662,833.67,719.59,1,0,766,1029,0,15,0,0,NORMAL,0
INV-SYN-14522,TXN-SYN-14522,SUPP-IND-05,BUYER-VORTEX-02,DHL Global Express,1,179856.0,181112.08,0.007,1.132,614.66,436.8,1,0,783,1075,0,2,0,1,NORMAL,0
INV-SYN-14523,TXN-SYN-14523,SUPP-TITAN-03,BUYER-APEX-06,FedEx International,1,425254.55,422026.73,-0.0076,1.5072,605.57,479.98,1,0,767,1037,0,2,0,1,NORMAL,0
INV-SYN-14524,TXN-SYN-14524,SUPP-GLOBAL-01,BUYER-APEX-06,FedEx International,1,155403.85,154349.26,-0.0068,1.2862,711.79,544.89,0,0,723,1038,0,20,0,0,NORMAL,0
INV-SYN-14525,TXN-SYN-14525,SUPP-NEXUS-02,BUYER-VORTEX-02,DB Schenker,1,109316.23,109769.75,0.0041,1.2914,729.64,633.31,0,0,669,1076,0,10,1,0,NORMAL,0
INV-SYN-14526,TXN-SYN-14526,SUPP-PACIFIC-08,BUYER-GLOBAL-05,FedEx International,1,48977.46,48825.95,-0.0031,0.651,740.71,577.63,0,0,693,1030,0,18,0,0,NORMAL,0
INV-SYN-14527,TXN-SYN-14527,SUPP-IND-05,BUYER-GLOBAL-05,Maersk Ocean Freight,1,190554.41,188438.32,-0.0111,1.1777,824.87,684.21,1,0,784,1031,0,2,0,1,NORMAL,0
INV-SYN-14528,TXN-SYN-14528,SUPP-TITAN-03,BUYER-APEX-06,Kuehne+Nagel Logistics,1,276282.52,277460.49,0.0043,0.9909,385.94,286.09,1,0,768,1039,0,18,0,0,NORMAL,0
INV-SYN-14529,TXN-SYN-14529,SUPP-NEXUS-02,BUYER-APEX-06,DHL Global Express,1,73291.64,72573.24,-0.0098,0.8538,821.42,664.22,0,0,670,1040,0,22,0,0,NORMAL,0
INV-SYN-14530,TXN-SYN-14530,SUPP-TITAN-03,BUYER-GLOBAL-05,DB Schenker,1,589757.08,678220.64,0.15,2.4222,230.94,188.94,1,0,769,1032,0,3,0,1,SERIAL_COUNTERPARTY_SPIKE,1
INV-SYN-14531,TXN-SYN-14531,SUPP-IND-05,BUYER-GLOBAL-05,Kuehne+Nagel Logistics,1,197808.46,198343.29,0.0027,1.2396,878.27,724.24,1,0,785,1033,0,22,0,0,NORMAL,0
INV-SYN-14532,TXN-SYN-14532,SUPP-GLOBAL-01,BUYER-GLOBAL-05,Kuehne+Nagel Logistics,1,135024.95,134905.25,-0.0009,1.1242,344.43,303.65,0,0,724,1034,0,15,0,0,NORMAL,0
INV-SYN-14533,TXN-SYN-14533,SUPP-TITAN-03,BUYER-VORTEX-02,DHL Global Express,1,218506.83,218761.22,0.0012,0.7813,950.01,837.15,1,0,770,1077,0,4,0,1,NORMAL,0
INV-SYN-14534,TXN-SYN-14534,SUPP-PREC-04,BUYER-VORTEX-02,FedEx International,1,112633.4,110853.3,-0.0158,1.1669,972.62,795.85,0,0,716,1078,0,5,0,1,NORMAL,0
INV-SYN-14535,TXN-SYN-14535,SUPP-PACIFIC-08,BUYER-VORTEX-02,FedEx International,1,63045.23,62822.93,-0.0035,0.8376,430.03,246.84,0,0,694,1079,0,13,0,0,NORMAL,0
INV-SYN-14536,TXN-SYN-14536,SUPP-IND-05,BUYER-APEX-06,Kuehne+Nagel Logistics,1,168667.32,167706.27,-0.0057,1.0482,526.98,338.34,1,0,786,1041,0,3,0,1,NORMAL,0
INV-SYN-14537,TXN-SYN-14537,SUPP-GLOBAL-01,BUYER-VORTEX-02,DB Schenker,1,110899.5,109425.24,-0.0133,0.9119,531.07,374.27,0,0,725,1080,0,18,0,0,NORMAL,0
INV-SYN-14538,TXN-SYN-14538,SUPP-PREC-04,BUYER-GLOBAL-05,DB Schenker,1,89801.93,88008.48,-0.02,0.9264,753.29,617.36,0,0,717,1035,0,19,0,0,NORMAL,0
INV-SYN-14539,TXN-SYN-14539,SUPP-GLOBAL-01,BUYER-GLOBAL-05,Maersk Ocean Freight,1,142987.29,143804.24,0.0057,1.1984,855.9,743.4,0,0,726,1036,0,0,1,1,NORMAL,0
INV-SYN-14540,TXN-SYN-14540,SUPP-NEXUS-02,BUYER-APEX-06,Kuehne+Nagel Logistics,1,62895.88,61702.05,-0.019,0.7259,437.4,360.74,0,0,671,1042,0,16,0,0,NORMAL,0
INV-SYN-14541,TXN-SYN-14541,SUPP-NEXUS-02,BUYER-OMEGA-01,Maersk Ocean Freight,1,126335.4,126559.53,0.0018,1.4889,439.21,402.33,0,0,672,1080,0,13,0,0,NORMAL,0
INV-SYN-14542,TXN-SYN-14542,SUPP-PREC-04,BUYER-APEX-06,Maersk Ocean Freight,1,51749.21,51088.51,-0.0128,0.5378,689.62,550.49,0,0,718,1043,0,1,0,1,NORMAL,0
INV-SYN-14543,TXN-SYN-14543,SUPP-IND-05,BUYER-APEX-06,FedEx International,1,136093.29,133608.77,-0.0183,0.8351,889.7,828.61,1,0,787,1044,0,15,1,0,NORMAL,0
INV-SYN-14544,TXN-SYN-14544,SUPP-NEXUS-02,BUYER-VORTEX-02,Maersk Ocean Freight,1,92867.0,93467.47,0.0065,1.0996,886.6,830.66,0,0,673,1081,0,9,0,0,NORMAL,0
INV-SYN-14545,TXN-SYN-14545,SUPP-IND-05,BUYER-OMEGA-01,Maersk Ocean Freight,1,183372.57,182805.31,-0.0031,1.1425,364.92,248.48,1,0,788,1081,0,4,0,1,NORMAL,0
INV-SYN-14546,TXN-SYN-14546,SUPP-GLOBAL-01,BUYER-GLOBAL-05,Kuehne+Nagel Logistics,1,116985.73,117565.92,0.005,0.9797,832.05,701.14,0,0,727,1037,0,11,0,0,NORMAL,0
INV-SYN-14547,TXN-SYN-14547,SUPP-GLOBAL-01,BUYER-OMEGA-01,DHL Global Express,1,118278.28,119164.3,0.0075,0.993,651.2,510.45,0,0,728,1082,0,6,0,0,NORMAL,0
INV-SYN-14548,TXN-SYN-14548,SUPP-IND-05,BUYER-GLOBAL-05,FedEx International,1,176422.0,175227.77,-0.0068,1.0952,772.77,618.48,1,0,789,1038,0,15,1,0,NORMAL,0
INV-SYN-14549,TXN-SYN-14549,SUPP-PACIFIC-08,BUYER-APEX-06,FedEx International,1,70667.45,71044.57,0.0053,0.9473,885.67,732.17,0,0,695,1045,0,2,0,1,NORMAL,0
INV-SYN-14550,TXN-SYN-14550,SUPP-PACIFIC-08,BUYER-OMEGA-01,DB Schenker,1,101122.15,99937.89,-0.0117,1.3325,627.54,558.68,0,0,696,1083,0,21,1,0,NORMAL,0
INV-SYN-14551,TXN-SYN-14551,SUPP-IND-05,BUYER-APEX-06,FedEx International,1,193573.96,192743.58,-0.0043,1.2046,873.81,815.43,1,0,790,1046,0,13,1,0,NORMAL,0
INV-SYN-14552,TXN-SYN-14552,SUPP-TITAN-03,BUYER-GLOBAL-05,FedEx International,1,341097.7,341032.5,-0.0002,1.218,590.51,455.08,1,0,771,1039,0,21,0,0,NORMAL,0
INV-SYN-14553,TXN-SYN-14553,SUPP-GLOBAL-01,BUYER-OMEGA-01,FedEx International,1,91015.3,91660.57,0.0071,0.7638,831.79,693.42,0,0,729,1084,0,17,1,0,NORMAL,0
INV-SYN-14554,TXN-SYN-14554,SUPP-TITAN-03,BUYER-STEEL-03,None,0,100000.0,100000.0,0.0,0.3571,56.0,23.67,1,1,772,131,1,1,1,1,OFF_HOURS_ROUND_SUM,1
INV-SYN-14555,TXN-SYN-14555,SUPP-NEXUS-02,BUYER-VORTEX-02,Kuehne+Nagel Logistics,1,78615.1,78321.65,-0.0037,0.9214,938.19,832.35,0,0,674,1082,0,18,1,0,NORMAL,0
INV-SYN-14556,TXN-SYN-14556,SUPP-PREC-04,BUYER-APEX-06,DB Schenker,1,71116.97,71044.62,-0.001,0.7478,752.04,586.34,0,0,719,1047,0,6,0,0,NORMAL,0
INV-SYN-14557,TXN-SYN-14557,SUPP-TITAN-03,BUYER-OMEGA-01,DHL Global Express,1,305211.49,306259.28,0.0034,1.0938,794.31,628.6,1,0,773,1085,0,7,0,0,NORMAL,0
INV-SYN-14558,TXN-SYN-14558,SUPP-IND-05,BUYER-APEX-06,FedEx International,1,138494.17,137941.94,-0.004,0.8621,333.54,252.81,1,0,791,1048,0,7,1,0,NORMAL,0
INV-SYN-14559,TXN-SYN-14559,SUPP-GLOBAL-01,BUYER-VORTEX-02,FedEx International,1,139662.11,137543.77,-0.0152,1.1462,774.15,620.18,0,0,730,1083,0,14,0,0,NORMAL,0
INV-SYN-14560,TXN-SYN-14560,SUPP-PACIFIC-08,BUYER-APEX-06,FedEx International,1,54933.91,54132.47,-0.0146,0.7218,699.21,545.88,0,0,697,1049,0,12,1,0,NORMAL,0
INV-SYN-14561,TXN-SYN-14561,SUPP-GLOBAL-01,BUYER-APEX-06,DB Schenker,1,171571.22,172944.16,0.008,1.4412,558.66,435.42,0,0,731,1050,0,17,0,0,NORMAL,0
INV-SYN-14562,TXN-SYN-14562,SUPP-NEXUS-02,BUYER-VORTEX-02,DB Schenker,1,65952.93,64842.49,-0.0168,0.7629,651.76,488.98,0,0,675,1084,0,22,1,0,NORMAL,0
INV-SYN-14563,TXN-SYN-14563,SUPP-TITAN-03,BUYER-APEX-06,DHL Global Express,1,295351.16,293041.44,-0.0078,1.0466,702.31,595.75,1,0,774,1051,0,8,0,0,NORMAL,0
INV-SYN-14564,TXN-SYN-14564,SUPP-PACIFIC-08,BUYER-VORTEX-02,FedEx International,1,89847.36,90407.75,0.0062,1.2054,603.62,558.4,0,0,698,1085,0,15,1,0,NORMAL,0
INV-SYN-14565,TXN-SYN-14565,SUPP-PREC-04,BUYER-GLOBAL-05,DB Schenker,1,81447.29,80477.62,-0.0119,0.8471,783.21,691.44,0,0,720,1040,0,0,0,1,NORMAL,0
INV-SYN-14566,TXN-SYN-14566,SUPP-NEXUS-02,BUYER-VORTEX-02,Kuehne+Nagel Logistics,1,103114.96,101092.69,-0.0196,1.1893,603.9,502.74,0,0,676,1086,0,11,0,0,NORMAL,0
INV-SYN-14567,TXN-SYN-14567,SUPP-IND-05,BUYER-APEX-06,DB Schenker,1,110832.66,111515.1,0.0062,0.697,585.77,523.29,1,0,792,1052,0,13,0,0,NORMAL,0
INV-SYN-14568,TXN-SYN-14568,SUPP-NEXUS-02,BUYER-APEX-06,FedEx International,1,115857.5,116149.4,0.0025,1.3665,902.65,794.06,0,0,677,1053,0,16,0,0,NORMAL,0
INV-SYN-14569,TXN-SYN-14569,SUPP-TITAN-03,BUYER-APEX-06,Maersk Ocean Freight,1,280990.45,277551.94,-0.0122,0.9913,522.52,429.81,1,0,775,1054,0,11,0,0,NORMAL,0
INV-SYN-14570,TXN-SYN-14570,SUPP-PREC-04,BUYER-GLOBAL-05,Maersk Ocean Freight,1,80835.23,80080.5,-0.0093,0.843,794.95,646.75,0,0,721,1041,0,20,0,0,NORMAL,0
INV-SYN-14571,TXN-SYN-14571,SUPP-IND-05,BUYER-VORTEX-02,DB Schenker,1,148032.73,146507.13,-0.0103,0.9157,732.43,584.07,1,0,793,1087,0,17,0,0,NORMAL,0
INV-SYN-14572,TXN-SYN-14572,SUPP-GLOBAL-01,BUYER-OMEGA-01,DHL Global Express,1,144267.58,142963.26,-0.009,1.1914,783.62,731.36,0,0,732,1086,0,19,1,0,NORMAL,0
INV-SYN-14573,TXN-SYN-14573,SUPP-TITAN-03,BUYER-APEX-06,Maersk Ocean Freight,1,239088.13,236097.06,-0.0125,0.8432,356.97,284.74,1,0,776,1055,0,10,0,0,NORMAL,0
INV-SYN-14574,TXN-SYN-14574,SUPP-PREC-04,BUYER-APEX-06,Maersk Ocean Freight,1,77202.75,76632.51,-0.0074,0.8067,467.11,276.17,0,0,722,1056,0,16,0,0,NORMAL,0
INV-SYN-14575,TXN-SYN-14575,SUPP-PREC-04,BUYER-OMEGA-01,FedEx International,1,89738.51,89409.88,-0.0037,0.9412,950.12,835.49,0,0,723,1087,0,0,1,1,NORMAL,0
INV-SYN-14576,TXN-SYN-14576,SUPP-IND-05,BUYER-VORTEX-02,Kuehne+Nagel Logistics,1,112921.52,111759.37,-0.0103,0.6985,477.47,432.02,1,0,794,1088,0,4,0,1,NORMAL,0
INV-SYN-14577,TXN-SYN-14577,SUPP-PREC-04,BUYER-OMEGA-01,Maersk Ocean Freight,1,138237.92,138067.63,-0.0012,1.4533,618.56,466.09,0,0,724,1088,0,8,0,0,NORMAL,0
INV-SYN-14578,TXN-SYN-14578,SUPP-PACIFIC-08,BUYER-VORTEX-02,FedEx International,1,64380.1,64594.02,0.0033,0.8613,546.57,420.39,0,0,699,1089,0,7,0,0,NORMAL,0
INV-SYN-14579,TXN-SYN-14579,SUPP-TITAN-03,BUYER-VORTEX-02,DHL Global Express,1,338213.18,334706.15,-0.0104,1.1954,474.44,430.08,1,0,777,1090,0,16,0,0,NORMAL,0
INV-SYN-14580,TXN-SYN-14580,SUPP-SUSP-06,BUYER-GLOBAL-05,None,0,567081.9,567081.9,0.0,1.4541,2.91,-1.0,6,0,93,1042,0,6,1,0,RAPID_GHOST_SETTLEMENT,1
INV-SYN-14581,TXN-SYN-14581,SUPP-GLOBAL-01,BUYER-VORTEX-02,FedEx International,1,90463.98,91264.17,0.0088,0.7605,709.67,518.39,0,0,733,1091,0,2,0,1,NORMAL,0
INV-SYN-14582,TXN-SYN-14582,SUPP-PREC-04,BUYER-OMEGA-01,FedEx International,1,94858.58,95088.44,0.0024,1.0009,765.94,669.15,0,0,725,1089,0,9,0,0,NORMAL,0
INV-SYN-14583,TXN-SYN-14583,SUPP-PACIFIC-08,BUYER-APEX-06,Kuehne+Nagel Logistics,1,89700.05,89151.16,-0.0061,1.1887,641.57,490.78,0,0,700,1057,0,6,1,0,NORMAL,0
INV-SYN-14584,TXN-SYN-14584,SUPP-NEXUS-02,BUYER-VORTEX-02,Maersk Ocean Freight,1,80999.45,79439.2,-0.0193,0.9346,773.66,630.87,0,0,678,1092,0,4,1,1,NORMAL,0
INV-SYN-14585,TXN-SYN-14585,SUPP-TITAN-03,BUYER-APEX-06,FedEx International,1,363517.91,361088.52,-0.0067,1.2896,659.69,487.92,1,0,778,1058,0,8,0,0,NORMAL,0
INV-SYN-14586,TXN-SYN-14586,SUPP-GLOBAL-01,BUYER-VORTEX-02,DB Schenker,1,150645.46,151232.34,0.0039,1.2603,871.04,810.85,0,0,734,1093,0,8,0,0,NORMAL,0
INV-SYN-14587,TXN-SYN-14587,SUPP-GLOBAL-01,BUYER-VORTEX-02,DHL Global Express,1,147567.45,147722.53,0.0011,1.231,817.99,760.22,0,0,735,1094,0,7,0,0,NORMAL,0
INV-SYN-14588,TXN-SYN-14588,SUPP-PREC-04,BUYER-VORTEX-02,DHL Global Express,1,84083.15,84129.91,0.0006,0.8856,861.97,786.86,0,0,726,1095,0,10,0,0,NORMAL,0
INV-SYN-14589,TXN-SYN-14589,SUPP-TITAN-03,BUYER-GLOBAL-05,DB Schenker,1,204411.03,202028.85,-0.0117,0.7215,506.07,338.51,1,0,779,1043,0,22,0,0,NORMAL,0
INV-SYN-14590,TXN-SYN-14590,SUPP-IND-05,BUYER-VORTEX-02,FedEx International,1,135456.5,135859.44,0.003,0.8491,492.28,448.29,1,0,795,1096,0,0,1,1,NORMAL,0
INV-SYN-14591,TXN-SYN-14591,SUPP-IND-05,BUYER-VORTEX-02,Maersk Ocean Freight,1,307566.07,353700.98,0.15,2.2106,218.34,130.24,1,0,796,1097,0,4,0,1,SERIAL_COUNTERPARTY_SPIKE,1
INV-SYN-14592,TXN-SYN-14592,SUPP-GLOBAL-01,BUYER-GLOBAL-05,Kuehne+Nagel Logistics,1,136373.6,136017.28,-0.0026,1.1335,609.96,456.17,0,0,736,1044,0,0,1,1,NORMAL,0
INV-SYN-14593,TXN-SYN-14593,SUPP-GLOBAL-01,BUYER-APEX-06,FedEx International,1,54852.86,54584.76,-0.0049,0.4549,442.78,295.43,0,0,737,1059,0,1,1,1,NORMAL,0
INV-SYN-14594,TXN-SYN-14594,SUPP-NEXUS-02,BUYER-GLOBAL-05,Kuehne+Nagel Logistics,1,84827.59,84194.33,-0.0075,0.9905,953.0,784.33,0,0,679,1045,0,6,0,0,NORMAL,0
INV-SYN-14595,TXN-SYN-14595,SUPP-TITAN-03,BUYER-APEX-06,Kuehne+Nagel Logistics,1,291066.25,290703.35,-0.0012,1.0382,352.82,270.32,1,0,780,1060,0,19,1,0,NORMAL,0
INV-SYN-14596,TXN-SYN-14596,SUPP-PACIFIC-08,BUYER-VORTEX-02,DB Schenker,1,69796.05,69607.5,-0.0027,0.9281,672.38,503.62,0,0,701,1098,0,5,0,1,NORMAL,0
INV-SYN-14597,TXN-SYN-14597,SUPP-IND-05,BUYER-GLOBAL-05,Kuehne+Nagel Logistics,1,211650.95,213341.46,0.008,1.3334,505.25,365.6,1,0,797,1046,0,17,1,0,NORMAL,0
INV-SYN-14598,TXN-SYN-14598,SUPP-PREC-04,BUYER-VORTEX-02,DHL Global Express,1,105017.28,105600.96,0.0056,1.1116,383.66,301.88,0,0,727,1099,0,3,0,1,NORMAL,0
INV-SYN-14599,TXN-SYN-14599,SUPP-NEXUS-02,BUYER-APEX-06,FedEx International,1,112841.58,111100.15,-0.0154,1.3071,962.85,806.81,0,0,680,1061,0,20,0,0,NORMAL,0
INV-SYN-14600,TXN-SYN-14600,SUPP-PACIFIC-08,BUYER-APEX-06,Maersk Ocean Freight,1,70950.74,69636.24,-0.0185,0.9285,874.49,709.73,0,0,702,1062,0,0,0,1,NORMAL,0
INV-SYN-14601,TXN-SYN-14601,SUPP-PACIFIC-08,BUYER-APEX-06,FedEx International,1,92577.7,90950.38,-0.0176,1.2127,442.56,392.48,0,0,703,1063,0,16,0,0,NORMAL,0
INV-SYN-14602,TXN-SYN-14602,SUPP-PACIFIC-08,BUYER-VORTEX-02,DHL Global Express,1,105657.49,105699.16,0.0004,1.4093,348.32,276.64,0,0,704,1100,0,9,0,0,NORMAL,0
INV-SYN-14603,TXN-SYN-14603,SUPP-PACIFIC-08,BUYER-OMEGA-01,FedEx International,1,99594.25,98304.11,-0.013,1.3107,925.39,830.84,0,0,705,1090,0,12,1,0,NORMAL,0
INV-SYN-14604,TXN-SYN-14604,SUPP-NEXUS-02,BUYER-GLOBAL-05,DHL Global Express,1,61791.99,61145.93,-0.0105,0.7194,607.34,560.05,0,0,681,1047,0,13,1,0,NORMAL,0
INV-SYN-14605,TXN-SYN-14605,SUPP-TITAN-03,BUYER-APEX-06,FedEx International,1,262242.67,264286.32,0.0078,0.9439,522.11,337.7,1,0,781,1064,0,8,1,0,NORMAL,0
INV-SYN-14606,TXN-SYN-14606,SUPP-IND-05,BUYER-GLOBAL-05,DB Schenker,1,146193.41,146942.8,0.0051,0.9184,562.2,427.32,1,0,798,1048,0,18,0,0,NORMAL,0
INV-SYN-14607,TXN-SYN-14607,SUPP-PREC-04,BUYER-OMEGA-01,DHL Global Express,1,106619.8,106825.94,0.0019,1.1245,840.63,683.86,0,0,728,1091,0,0,0,1,NORMAL,0
INV-SYN-14608,TXN-SYN-14608,SUPP-GLOBAL-01,BUYER-VORTEX-02,DB Schenker,1,140590.61,141536.83,0.0067,1.1795,332.76,250.55,0,0,738,1101,0,0,0,1,NORMAL,0
INV-SYN-14609,TXN-SYN-14609,SUPP-GLOBAL-01,BUYER-APEX-06,DB Schenker,1,94833.22,94814.6,-0.0002,0.7901,370.65,303.57,0,0,739,1065,0,4,1,1,NORMAL,0
INV-SYN-14610,TXN-SYN-14610,SUPP-PACIFIC-08,BUYER-APEX-06,DHL Global Express,1,76271.97,75053.37,-0.016,1.0007,903.36,818.64,0,0,706,1066,0,5,0,1,NORMAL,0
INV-SYN-14611,TXN-SYN-14611,SUPP-PREC-04,BUYER-APEX-06,Kuehne+Nagel Logistics,1,47026.73,46856.05,-0.0036,0.4932,845.1,764.18,0,0,729,1067,0,20,0,0,NORMAL,0
INV-SYN-14612,TXN-SYN-14612,SUPP-NEXUS-02,BUYER-VORTEX-02,FedEx International,1,115641.33,114822.27,-0.0071,1.3509,831.44,786.71,0,0,682,1102,0,22,0,0,NORMAL,0
INV-SYN-14613,TXN-SYN-14613,SUPP-TITAN-03,BUYER-VORTEX-02,Maersk Ocean Freight,1,244133.8,244921.28,0.0032,0.8747,524.91,399.65,1,0,782,1103,0,12,0,0,NORMAL,0
INV-SYN-14614,TXN-SYN-14614,SUPP-TITAN-03,BUYER-OMEGA-01,DHL Global Express,1,283910.48,285048.28,0.004,1.018,788.4,652.21,1,0,783,1092,0,1,0,1,NORMAL,0
INV-SYN-14615,TXN-SYN-14615,SUPP-NEXUS-02,BUYER-GLOBAL-05,Maersk Ocean Freight,1,78419.94,77425.3,-0.0127,0.9109,761.99,623.22,0,0,683,1049,0,0,1,1,NORMAL,0
INV-SYN-14616,TXN-SYN-14616,SUPP-PACIFIC-08,BUYER-OMEGA-01,DB Schenker,1,96488.02,95813.73,-0.007,1.2775,494.6,443.89,0,0,707,1093,0,19,0,0,NORMAL,0
INV-SYN-14617,TXN-SYN-14617,SUPP-NEXUS-02,BUYER-VORTEX-02,Kuehne+Nagel Logistics,1,24702.99,24579.19,-0.005,0.2892,633.52,584.95,0,0,684,1104,0,21,1,0,NORMAL,0
INV-SYN-14618,TXN-SYN-14618,SUPP-TITAN-03,BUYER-GLOBAL-05,DB Schenker,1,278837.28,280039.45,0.0043,1.0001,719.63,657.0,1,0,784,1050,0,6,0,0,NORMAL,0
INV-SYN-14619,TXN-SYN-14619,SUPP-TITAN-03,BUYER-VORTEX-02,DB Schenker,1,272592.69,273852.26,0.0046,0.978,347.4,283.33,1,0,785,1105,0,9,0,0,NORMAL,0
INV-SYN-14620,TXN-SYN-14620,SUPP-PACIFIC-08,BUYER-VORTEX-02,Maersk Ocean Freight,1,66494.32,66334.42,-0.0024,0.8845,515.12,323.22,0,0,708,1106,0,11,0,0,NORMAL,0
INV-SYN-14621,TXN-SYN-14621,SUPP-PREC-04,BUYER-APEX-06,Kuehne+Nagel Logistics,1,135997.88,133768.32,-0.0164,1.4081,767.56,604.37,0,0,730,1068,0,23,0,1,NORMAL,0
INV-SYN-14622,TXN-SYN-14622,SUPP-NEXUS-02,BUYER-GLOBAL-05,Kuehne+Nagel Logistics,1,66144.25,66510.1,0.0055,0.7825,836.44,682.0,0,0,685,1051,0,5,1,1,NORMAL,0
INV-SYN-14623,TXN-SYN-14623,SUPP-PACIFIC-08,BUYER-VORTEX-02,DB Schenker,1,89471.18,90145.9,0.0075,1.2019,463.09,417.21,0,0,709,1107,0,1,0,1,NORMAL,0
INV-SYN-14624,TXN-SYN-14624,SUPP-GLOBAL-01,BUYER-VORTEX-02,DHL Global Express,1,130687.58,130771.22,0.0006,1.0898,747.45,685.12,0,0,740,1108,0,9,1,0,NORMAL,0
INV-SYN-14625,TXN-SYN-14625,SUPP-NEXUS-02,BUYER-APEX-06,FedEx International,1,111807.28,110904.21,-0.0081,1.3048,636.4,576.69,0,0,686,1069,0,4,0,1,NORMAL,0
INV-SYN-14626,TXN-SYN-14626,SUPP-IND-05,BUYER-GLOBAL-05,FedEx International,1,133312.44,133680.45,0.0028,0.8355,710.43,529.1,1,0,799,1052,0,14,0,0,NORMAL,0
INV-SYN-14627,TXN-SYN-14627,SUPP-PREC-04,BUYER-GLOBAL-05,FedEx International,1,77591.99,77427.78,-0.0021,0.815,874.12,745.79,0,0,731,1053,0,11,0,0,NORMAL,0
INV-SYN-14628,TXN-SYN-14628,SUPP-IND-05,BUYER-GLOBAL-05,DHL Global Express,1,203842.8,199883.1,-0.0194,1.2493,624.71,553.64,1,0,800,1054,0,13,1,0,NORMAL,0
INV-SYN-14629,TXN-SYN-14629,SUPP-PACIFIC-08,BUYER-GLOBAL-05,FedEx International,1,82974.77,82030.89,-0.0114,1.0937,837.88,737.69,0,0,710,1055,0,15,0,0,NORMAL,0
INV-SYN-14630,TXN-SYN-14630,SUPP-IND-05,BUYER-OMEGA-01,DHL Global Express,1,98202.51,98631.08,0.0044,0.6164,780.27,692.37,1,0,801,1094,0,3,1,1,NORMAL,0
INV-SYN-14631,TXN-SYN-14631,SUPP-TITAN-03,BUYER-APEX-06,Maersk Ocean Freight,1,242248.65,239835.22,-0.01,0.8566,351.08,310.75,1,0,786,1070,0,18,0,0,NORMAL,0
INV-SYN-14632,TXN-SYN-14632,SUPP-NEXUS-02,BUYER-VORTEX-02,DHL Global Express,1,93210.63,91822.9,-0.0149,1.0803,575.24,529.98,0,0,687,1109,0,6,1,0,NORMAL,0
INV-SYN-14633,TXN-SYN-14633,SUPP-TITAN-03,BUYER-GLOBAL-05,DHL Global Express,1,338643.5,338889.41,0.0007,1.2103,647.61,523.0,1,0,787,1056,0,9,0,0,NORMAL,0
INV-SYN-14634,TXN-SYN-14634,SUPP-PREC-04,BUYER-GLOBAL-05,Maersk Ocean Freight,1,78868.27,77314.29,-0.0197,0.8138,521.19,453.93,0,0,732,1057,0,6,0,0,NORMAL,0
INV-SYN-14635,TXN-SYN-14635,SUPP-IND-05,BUYER-GLOBAL-05,Kuehne+Nagel Logistics,1,43429.76,43251.64,-0.0041,0.2703,780.0,692.59,1,0,802,1058,0,3,0,1,NORMAL,0
INV-SYN-14636,TXN-SYN-14636,SUPP-PREC-04,BUYER-GLOBAL-05,DHL Global Express,1,107426.55,107208.07,-0.002,1.1285,604.65,505.49,0,0,733,1059,0,2,0,1,NORMAL,0
INV-SYN-14637,TXN-SYN-14637,SUPP-NEXUS-02,BUYER-APEX-06,Kuehne+Nagel Logistics,1,59068.19,57989.7,-0.0183,0.6822,479.57,397.99,0,0,688,1071,0,16,0,0,NORMAL,0
INV-SYN-14638,TXN-SYN-14638,SUPP-NEXUS-02,BUYER-OMEGA-01,DB Schenker,1,42131.55,41975.53,-0.0037,0.4938,662.63,596.53,0,0,689,1095,0,10,0,0,NORMAL,0
INV-SYN-14639,TXN-SYN-14639,SUPP-IND-05,BUYER-VORTEX-02,DB Schenker,1,46706.96,46974.48,0.0057,0.2936,774.41,615.09,1,0,803,1110,0,14,0,0,NORMAL,0
INV-SYN-14640,TXN-SYN-14640,SUPP-GLOBAL-01,BUYER-GLOBAL-05,Kuehne+Nagel Logistics,1,144419.43,142601.48,-0.0126,1.1883,343.87,250.93,0,0,741,1060,0,6,0,0,NORMAL,0
INV-SYN-14641,TXN-SYN-14641,SUPP-PREC-04,BUYER-GLOBAL-05,Kuehne+Nagel Logistics,1,98054.66,97391.29,-0.0068,1.0252,547.9,491.24,0,0,734,1061,0,1,1,1,NORMAL,0
INV-SYN-14642,TXN-SYN-14642,SUPP-TITAN-03,BUYER-OMEGA-01,Kuehne+Nagel Logistics,1,264204.05,264789.78,0.0022,0.9457,624.6,521.93,1,0,788,1096,0,13,1,0,NORMAL,0
INV-SYN-14643,TXN-SYN-14643,SUPP-GLOBAL-01,BUYER-APEX-06,DHL Global Express,1,161670.73,159706.23,-0.0122,1.3309,526.11,389.1,0,0,742,1072,0,9,1,0,NORMAL,0
INV-SYN-14644,TXN-SYN-14644,SUPP-NEXUS-02,BUYER-APEX-06,DB Schenker,1,98543.15,97363.49,-0.012,1.1455,509.15,378.02,0,0,690,1073,0,16,0,0,NORMAL,0
INV-SYN-14645,TXN-SYN-14645,SUPP-IND-05,BUYER-VORTEX-02,Maersk Ocean Freight,1,224652.0,226604.13,0.0087,1.4163,539.21,384.2,1,0,804,1111,0,23,0,1,NORMAL,0
INV-SYN-14646,TXN-SYN-14646,SUPP-TITAN-03,BUYER-VORTEX-02,DB Schenker,1,182508.52,183690.11,0.0065,0.656,730.03,632.08,1,0,789,1112,0,14,1,0,NORMAL,0
INV-SYN-14647,TXN-SYN-14647,SUPP-TITAN-03,BUYER-VORTEX-02,FedEx International,1,277581.46,278740.04,0.0042,0.9955,580.69,414.17,1,0,790,1113,0,4,1,1,NORMAL,0
INV-SYN-14648,TXN-SYN-14648,SUPP-GLOBAL-01,BUYER-OMEGA-01,Maersk Ocean Freight,1,71498.6,71397.22,-0.0014,0.595,643.15,513.18,0,0,743,1097,0,12,0,0,NORMAL,0
INV-SYN-14649,TXN-SYN-14649,SUPP-TITAN-03,BUYER-GLOBAL-05,Kuehne+Nagel Logistics,1,263943.24,260261.54,-0.0139,0.9295,925.36,753.73,1,0,791,1062,0,17,1,0,NORMAL,0
INV-SYN-14650,TXN-SYN-14650,SUPP-GLOBAL-01,BUYER-GLOBAL-05,Kuehne+Nagel Logistics,1,112541.52,113507.46,0.0086,0.9459,557.51,515.29,0,0,744,1063,0,10,0,0,NORMAL,0
INV-SYN-14651,TXN-SYN-14651,SUPP-GLOBAL-01,BUYER-GLOBAL-05,Maersk Ocean Freight,1,138798.41,139319.7,0.0038,1.161,773.34,584.98,0,0,745,1064,0,10,0,0,NORMAL,0
INV-SYN-14652,TXN-SYN-14652,SUPP-PREC-04,BUYER-VORTEX-02,FedEx International,1,96082.14,94431.71,-0.0172,0.994,884.99,703.99,0,0,735,1114,0,9,0,0,NORMAL,0
INV-SYN-14653,TXN-SYN-14653,SUPP-TITAN-03,BUYER-OMEGA-01,DB Schenker,1,323638.5,319161.87,-0.0138,1.1399,958.3,782.36,1,0,792,1098,0,13,0,0,NORMAL,0
INV-SYN-14654,TXN-SYN-14654,SUPP-PACIFIC-08,BUYER-OMEGA-01,Maersk Ocean Freight,1,88189.5,87798.53,-0.0044,1.1706,878.56,726.21,0,0,711,1099,0,2,1,1,NORMAL,0
INV-SYN-14655,TXN-SYN-14655,SUPP-PACIFIC-08,BUYER-APEX-06,Maersk Ocean Freight,1,115404.91,114183.13,-0.0106,1.5224,907.73,774.24,0,0,712,1074,0,23,0,1,NORMAL,0
INV-SYN-14656,TXN-SYN-14656,SUPP-GLOBAL-01,BUYER-APEX-06,DB Schenker,1,110541.1,111354.38,0.0074,0.928,797.74,636.14,0,0,746,1075,0,12,0,0,NORMAL,0
INV-SYN-14657,TXN-SYN-14657,SUPP-IND-05,BUYER-APEX-06,Kuehne+Nagel Logistics,1,122359.09,122855.41,0.0041,0.7678,953.41,811.73,1,0,805,1076,0,9,0,0,NORMAL,0
INV-SYN-14658,TXN-SYN-14658,SUPP-TITAN-03,BUYER-QUICK-04,DHL Global Express,1,497280.53,571872.61,0.15,2.0424,116.3,80.9,1,5,793,175,0,22,1,0,SERIAL_COUNTERPARTY_SPIKE,1
INV-SYN-14659,TXN-SYN-14659,SUPP-TITAN-03,BUYER-APEX-06,DHL Global Express,1,223840.4,225522.78,0.0075,0.8054,905.99,804.53,1,0,794,1077,0,7,0,0,NORMAL,0
INV-SYN-14660,TXN-SYN-14660,SUPP-PREC-04,BUYER-GLOBAL-05,DHL Global Express,1,130196.57,130304.26,0.0008,1.3716,693.61,571.94,0,0,736,1065,0,5,1,1,NORMAL,0
INV-SYN-14661,TXN-SYN-14661,SUPP-NEXUS-02,BUYER-OMEGA-01,DB Schenker,1,78981.62,78564.31,-0.0053,0.9243,669.04,545.33,0,0,691,1100,0,23,0,1,NORMAL,0
INV-SYN-14662,TXN-SYN-14662,SUPP-PACIFIC-08,BUYER-VORTEX-02,DB Schenker,1,64395.44,64953.01,0.0087,0.866,894.38,767.51,0,0,713,1115,0,1,0,1,NORMAL,0
INV-SYN-14663,TXN-SYN-14663,SUPP-GLOBAL-01,BUYER-GLOBAL-05,DB Schenker,1,105860.53,105952.7,0.0009,0.8829,848.7,707.03,0,0,747,1066,0,15,0,0,NORMAL,0
INV-SYN-14664,TXN-SYN-14664,SUPP-PREC-04,BUYER-STEEL-03,None,0,250000.0,250000.0,0.0,2.6316,60.18,33.19,0,1,737,132,1,3,0,1,OFF_HOURS_ROUND_SUM,1
INV-SYN-14665,TXN-SYN-14665,SUPP-TITAN-03,BUYER-APEX-06,Kuehne+Nagel Logistics,1,268957.71,263754.44,-0.0193,0.942,854.99,690.83,1,0,795,1078,0,6,0,0,NORMAL,0
INV-SYN-14666,TXN-SYN-14666,SUPP-TITAN-03,BUYER-GLOBAL-05,Maersk Ocean Freight,1,235083.32,236883.82,0.0077,0.846,292.25,241.36,1,0,796,1067,0,3,0,1,NORMAL,0
INV-SYN-14667,TXN-SYN-14667,SUPP-SUSP-06,BUYER-QUICK-04,DHL Global Express,1,552371.81,840349.06,0.5213,2.1547,260.66,138.33,6,5,94,176,0,18,0,0,AMOUNT_INFLATION,1
INV-SYN-14668,TXN-SYN-14668,SUPP-PREC-04,BUYER-GLOBAL-05,DB Schenker,1,74665.97,73263.03,-0.0188,0.7712,687.68,531.76,0,0,738,1068,0,5,0,1,NORMAL,0
INV-SYN-14669,TXN-SYN-14669,SUPP-IND-05,BUYER-APEX-06,DB Schenker,1,161422.64,158975.45,-0.0152,0.9936,787.38,637.03,1,0,806,1079,0,3,0,1,NORMAL,0
INV-SYN-14670,TXN-SYN-14670,SUPP-TITAN-03,BUYER-GLOBAL-05,Maersk Ocean Freight,1,325661.43,328174.86,0.0077,1.1721,988.79,836.93,1,0,797,1069,0,14,0,0,NORMAL,0
INV-SYN-14671,TXN-SYN-14671,SUPP-PACIFIC-08,BUYER-APEX-06,Maersk Ocean Freight,1,44412.47,44511.31,0.0022,0.5935,368.22,308.94,0,0,714,1080,0,13,1,0,NORMAL,0
INV-SYN-14672,TXN-SYN-14672,SUPP-PACIFIC-08,BUYER-APEX-06,Maersk Ocean Freight,1,84004.88,84372.27,0.0044,1.125,934.7,835.07,0,0,715,1081,0,16,0,0,NORMAL,0
INV-SYN-14673,TXN-SYN-14673,SUPP-PREC-04,BUYER-GLOBAL-05,FedEx International,1,69941.19,70296.1,0.0051,0.74,979.31,812.85,0,0,739,1070,0,20,0,0,NORMAL,0
INV-SYN-14674,TXN-SYN-14674,SUPP-PREC-04,BUYER-OMEGA-01,DB Schenker,1,114541.09,115135.01,0.0052,1.2119,773.24,686.91,0,0,740,1101,0,2,0,1,NORMAL,0
INV-SYN-14675,TXN-SYN-14675,SUPP-NEXUS-02,BUYER-GLOBAL-05,Kuehne+Nagel Logistics,1,64543.67,64395.4,-0.0023,0.7576,675.95,515.75,0,0,692,1071,0,4,0,1,NORMAL,0
INV-SYN-14676,TXN-SYN-14676,SUPP-IND-05,BUYER-GLOBAL-05,DHL Global Express,1,187710.76,186216.41,-0.008,1.1639,681.06,525.28,1,0,807,1072,0,0,0,1,NORMAL,0
INV-SYN-14677,TXN-SYN-14677,SUPP-GLOBAL-01,BUYER-STEEL-03,DHL Global Express,1,153174.99,215019.79,0.4038,1.7918,326.85,267.24,0,1,748,133,0,1,0,1,AMOUNT_INFLATION,1
INV-SYN-14678,TXN-SYN-14678,SUPP-PREC-04,BUYER-APEX-06,DHL Global Express,1,115459.12,113661.4,-0.0156,1.1964,659.81,502.69,0,0,741,1082,0,20,0,0,NORMAL,0
INV-SYN-14679,TXN-SYN-14679,SUPP-NEXUS-02,BUYER-APEX-06,DHL Global Express,1,90340.48,90448.77,0.0012,1.0641,646.86,503.45,0,0,693,1083,0,3,0,1,NORMAL,0
INV-SYN-14680,TXN-SYN-14680,SUPP-NEXUS-02,BUYER-GLOBAL-05,FedEx International,1,80084.85,80581.41,0.0062,0.948,994.48,839.75,0,0,694,1073,0,18,1,0,NORMAL,0
INV-SYN-14681,TXN-SYN-14681,SUPP-PREC-04,BUYER-VORTEX-02,Maersk Ocean Freight,1,81310.04,81165.69,-0.0018,0.8544,406.06,366.4,0,0,742,1116,0,18,0,0,NORMAL,0
INV-SYN-14682,TXN-SYN-14682,SUPP-IND-05,BUYER-OMEGA-01,FedEx International,1,218841.39,219186.87,0.0016,1.3699,907.8,799.75,1,0,808,1102,0,4,0,1,NORMAL,0
INV-SYN-14683,TXN-SYN-14683,SUPP-NEXUS-02,BUYER-APEX-06,DHL Global Express,1,70135.73,70286.33,0.0021,0.8269,562.43,477.76,0,0,695,1084,0,11,0,0,NORMAL,0
INV-SYN-14684,TXN-SYN-14684,SUPP-NEXUS-02,BUYER-OMEGA-01,Kuehne+Nagel Logistics,1,62962.35,62286.73,-0.0107,0.7328,417.34,315.67,0,0,696,1103,0,17,0,0,NORMAL,0
INV-SYN-14685,TXN-SYN-14685,SUPP-PREC-04,BUYER-OMEGA-01,DB Schenker,1,110802.51,109862.74,-0.0085,1.1564,443.46,334.55,0,0,743,1104,0,22,0,0,NORMAL,0
INV-SYN-14686,TXN-SYN-14686,SUPP-PACIFIC-08,BUYER-OMEGA-01,DHL Global Express,1,60072.43,59656.43,-0.0069,0.7954,471.51,432.16,0,0,716,1105,0,6,1,0,NORMAL,0
INV-SYN-14687,TXN-SYN-14687,SUPP-PACIFIC-08,BUYER-GLOBAL-05,DHL Global Express,1,57186.31,57437.6,0.0044,0.7658,479.82,382.53,0,0,717,1074,0,1,1,1,NORMAL,0
INV-SYN-14688,TXN-SYN-14688,SUPP-GLOBAL-01,BUYER-APEX-06,DHL Global Express,1,76691.87,77148.5,0.006,0.6429,789.46,729.32,0,0,749,1085,0,12,0,0,NORMAL,0
INV-SYN-14689,TXN-SYN-14689,SUPP-PACIFIC-08,BUYER-APEX-06,Maersk Ocean Freight,1,65945.44,65487.96,-0.0069,0.8732,820.93,633.59,0,0,718,1086,0,19,1,0,NORMAL,0
INV-SYN-14690,TXN-SYN-14690,SUPP-TITAN-03,BUYER-VORTEX-02,DHL Global Express,1,274209.95,270196.28,-0.0146,0.965,715.42,654.96,1,0,798,1117,0,12,0,0,NORMAL,0
INV-SYN-14691,TXN-SYN-14691,SUPP-PREC-04,BUYER-GLOBAL-05,DB Schenker,1,100773.43,99434.14,-0.0133,1.0467,749.25,687.25,0,0,744,1075,0,0,1,1,NORMAL,0
INV-SYN-14692,TXN-SYN-14692,SUPP-GLOBAL-01,BUYER-APEX-06,DHL Global Express,1,148539.19,145622.0,-0.0196,1.2135,506.28,383.86,0,0,750,1087,0,12,1,0,NORMAL,0
INV-SYN-14693,TXN-SYN-14693,SUPP-IND-05,BUYER-OMEGA-01,FedEx International,1,181075.92,179915.68,-0.0064,1.1245,532.04,466.9,1,0,809,1106,0,10,0,0,NORMAL,0
INV-SYN-14694,TXN-SYN-14694,SUPP-PREC-04,BUYER-APEX-06,Kuehne+Nagel Logistics,1,90466.78,89559.17,-0.01,0.9427,400.21,306.13,0,0,745,1088,0,4,0,1,NORMAL,0
INV-SYN-14695,TXN-SYN-14695,SUPP-GLOBAL-01,BUYER-OMEGA-01,Maersk Ocean Freight,1,114054.13,115170.39,0.0098,0.9598,919.32,829.07,0,0,751,1107,0,11,1,0,NORMAL,0
INV-SYN-14696,TXN-SYN-14696,SUPP-GLOBAL-01,BUYER-GLOBAL-05,DHL Global Express,1,135304.72,133233.64,-0.0153,1.1103,760.9,577.28,0,0,752,1076,0,14,0,0,NORMAL,0
INV-SYN-14697,TXN-SYN-14697,SUPP-IND-05,BUYER-APEX-06,FedEx International,1,210902.81,208373.68,-0.012,1.3023,496.65,446.2,1,0,810,1089,0,8,1,0,NORMAL,0
INV-SYN-14698,TXN-SYN-14698,SUPP-PACIFIC-08,BUYER-APEX-06,Kuehne+Nagel Logistics,1,77368.39,77986.05,0.008,1.0398,683.62,598.02,0,0,719,1090,0,22,1,0,NORMAL,0
INV-SYN-14699,TXN-SYN-14699,SUPP-PREC-04,BUYER-VORTEX-02,FedEx International,1,83858.14,82243.76,-0.0193,0.8657,536.56,440.84,0,0,746,1118,0,1,1,1,NORMAL,0
INV-SYN-14700,TXN-SYN-14700,SUPP-TITAN-03,BUYER-OMEGA-01,DB Schenker,1,210499.38,209336.8,-0.0055,0.7476,918.31,763.53,1,0,799,1108,0,8,0,0,NORMAL,0
INV-SYN-14701,TXN-SYN-14701,SUPP-SUSP-06,BUYER-STEEL-03,None,0,500000.0,500000.0,0.0,1.2821,35.13,20.72,6,1,95,134,1,2,0,1,OFF_HOURS_ROUND_SUM,1
INV-SYN-14702,TXN-SYN-14702,SUPP-SUSP-06,BUYER-STEEL-03,Kuehne+Nagel Logistics,1,454961.29,964242.05,1.1194,2.4724,380.26,272.32,6,1,96,135,0,8,0,0,AMOUNT_INFLATION,1
INV-SYN-14703,TXN-SYN-14703,SUPP-NEXUS-02,BUYER-OMEGA-01,Kuehne+Nagel Logistics,1,97282.04,96121.01,-0.0119,1.1308,561.41,406.34,0,0,697,1109,0,7,1,0,NORMAL,0
INV-SYN-14704,TXN-SYN-14704,SUPP-PREC-04,BUYER-OMEGA-01,Kuehne+Nagel Logistics,1,108712.38,109598.96,0.0082,1.1537,863.52,702.01,0,0,747,1110,0,0,0,1,NORMAL,0
INV-SYN-14705,TXN-SYN-14705,SUPP-NEXUS-02,BUYER-VORTEX-02,Maersk Ocean Freight,1,82265.99,80935.35,-0.0162,0.9522,923.09,781.77,0,0,698,1119,0,11,0,0,NORMAL,0
INV-SYN-14706,TXN-SYN-14706,SUPP-PREC-04,BUYER-OMEGA-01,DHL Global Express,1,128414.7,127811.37,-0.0047,1.3454,493.24,304.33,0,0,748,1111,0,6,0,0,NORMAL,0
INV-SYN-14707,TXN-SYN-14707,SUPP-IND-05,BUYER-OMEGA-01,DB Schenker,1,140635.26,140862.56,0.0016,0.8804,608.43,561.15,1,0,811,1112,0,7,1,0,NORMAL,0
INV-SYN-14708,TXN-SYN-14708,SUPP-GLOBAL-01,BUYER-GLOBAL-05,DB Schenker,1,148658.08,149110.24,0.003,1.2426,823.57,639.62,0,0,753,1077,0,15,0,0,NORMAL,0
INV-SYN-14709,TXN-SYN-14709,SUPP-PACIFIC-08,BUYER-OMEGA-01,Kuehne+Nagel Logistics,1,74273.57,74780.65,0.0068,0.9971,808.84,692.45,0,0,720,1113,0,3,0,1,NORMAL,0
INV-SYN-14710,TXN-SYN-14710,SUPP-IND-05,BUYER-VORTEX-02,Maersk Ocean Freight,1,135665.97,133010.46,-0.0196,0.8313,717.85,548.99,1,0,812,1120,0,17,0,0,NORMAL,0
INV-SYN-14711,TXN-SYN-14711,SUPP-GLOBAL-01,BUYER-STEEL-03,None,0,100000.0,100000.0,0.0,0.8333,38.51,16.33,0,1,754,136,1,1,1,1,OFF_HOURS_ROUND_SUM,1
INV-SYN-14712,TXN-SYN-14712,SUPP-GLOBAL-01,BUYER-OMEGA-01,FedEx International,1,132289.08,133188.05,0.0068,1.1099,533.66,444.76,0,0,755,1114,0,19,0,0,NORMAL,0
INV-SYN-14713,TXN-SYN-14713,SUPP-PACIFIC-08,BUYER-APEX-06,FedEx International,1,81693.24,81508.55,-0.0023,1.0868,858.79,816.86,0,0,721,1091,0,17,1,0,NORMAL,0
INV-SYN-14714,TXN-SYN-14714,SUPP-NEXUS-02,BUYER-OMEGA-01,Kuehne+Nagel Logistics,1,86727.17,86818.2,0.001,1.0214,377.89,253.22,0,0,699,1115,0,13,0,0,NORMAL,0
INV-SYN-14715,TXN-SYN-14715,SUPP-NEXUS-02,BUYER-OMEGA-01,Kuehne+Nagel Logistics,1,84194.77,84925.61,0.0087,0.9991,899.01,817.68,0,0,700,1116,0,14,0,0,NORMAL,0
INV-SYN-14716,TXN-SYN-14716,SUPP-PREC-04,BUYER-GLOBAL-05,Maersk Ocean Freight,1,151723.83,149211.67,-0.0166,1.5706,725.67,579.59,0,0,749,1078,0,10,1,0,NORMAL,0
INV-SYN-14717,TXN-SYN-14717,SUPP-NEXUS-02,BUYER-APEX-06,Maersk Ocean Freight,1,110165.45,108132.59,-0.0185,1.2721,776.78,613.14,0,0,701,1092,0,10,1,0,NORMAL,0
INV-SYN-14718,TXN-SYN-14718,SUPP-IND-05,BUYER-GLOBAL-05,DHL Global Express,1,188913.08,189046.69,0.0007,1.1815,834.42,748.34,1,0,813,1079,0,21,0,0,NORMAL,0
INV-SYN-14719,TXN-SYN-14719,SUPP-PREC-04,BUYER-OMEGA-01,DHL Global Express,1,97655.23,96137.58,-0.0155,1.012,748.57,674.4,0,0,750,1117,0,23,0,1,NORMAL,0
INV-SYN-14720,TXN-SYN-14720,SUPP-TITAN-03,BUYER-APEX-06,DHL Global Express,1,350501.0,353676.03,0.0091,1.2631,786.62,695.41,1,0,800,1093,0,14,0,0,NORMAL,0
INV-SYN-14721,TXN-SYN-14721,SUPP-PREC-04,BUYER-GLOBAL-05,DHL Global Express,1,107302.38,107926.73,0.0058,1.1361,482.57,366.65,0,0,751,1080,0,13,0,0,NORMAL,0
INV-SYN-14722,TXN-SYN-14722,SUPP-TITAN-03,BUYER-GLOBAL-05,DB Schenker,1,281834.33,278761.26,-0.0109,0.9956,825.88,645.25,1,0,801,1081,0,9,1,0,NORMAL,0
INV-SYN-14723,TXN-SYN-14723,SUPP-PREC-04,BUYER-GLOBAL-05,DB Schenker,1,87790.35,87082.59,-0.0081,0.9167,562.24,471.37,0,0,752,1082,0,8,1,0,NORMAL,0
INV-SYN-14724,TXN-SYN-14724,SUPP-PACIFIC-08,BUYER-GLOBAL-05,FedEx International,1,73482.8,73970.04,0.0066,0.9863,409.72,253.78,0,0,722,1083,0,0,0,1,NORMAL,0
INV-SYN-14725,TXN-SYN-14725,SUPP-NEXUS-02,BUYER-GLOBAL-05,Kuehne+Nagel Logistics,1,17628.45,17793.62,0.0094,0.2093,593.53,471.33,0,0,702,1084,0,11,1,0,NORMAL,0
INV-SYN-14726,TXN-SYN-14726,SUPP-GLOBAL-01,BUYER-VORTEX-02,DB Schenker,1,126318.03,127174.22,0.0068,1.0598,598.89,458.44,0,0,756,1121,0,10,1,0,NORMAL,0
INV-SYN-14727,TXN-SYN-14727,SUPP-TITAN-03,BUYER-APEX-06,DHL Global Express,1,245806.67,244902.75,-0.0037,0.8747,707.19,652.7,1,0,802,1094,0,11,1,0,NORMAL,0
INV-SYN-14728,TXN-SYN-14728,SUPP-IND-05,BUYER-VORTEX-02,DB Schenker,1,223706.8,221328.52,-0.0106,1.3833,557.99,371.55,1,0,814,1122,0,22,0,0,NORMAL,0
INV-SYN-14729,TXN-SYN-14729,SUPP-TITAN-03,BUYER-GLOBAL-05,DB Schenker,1,281354.08,281427.19,0.0003,1.0051,561.64,451.72,1,0,803,1085,0,13,0,0,NORMAL,0
INV-SYN-14730,TXN-SYN-14730,SUPP-IND-05,BUYER-OMEGA-01,Maersk Ocean Freight,1,112441.46,110243.83,-0.0195,0.689,599.99,468.53,1,0,815,1118,0,16,0,0,NORMAL,0
INV-SYN-14731,TXN-SYN-14731,SUPP-NEXUS-02,BUYER-VORTEX-02,FedEx International,1,83940.05,84566.33,0.0075,0.9949,911.83,811.12,0,0,703,1123,0,8,0,0,NORMAL,0
INV-SYN-14732,TXN-SYN-14732,SUPP-IND-05,BUYER-QUICK-04,FedEx International,1,118155.16,269054.73,1.2771,1.6816,539.2,446.08,1,5,816,177,0,18,0,0,AMOUNT_INFLATION,1
INV-SYN-14733,TXN-SYN-14733,SUPP-GLOBAL-01,BUYER-VORTEX-02,Maersk Ocean Freight,1,134202.22,133963.35,-0.0018,1.1164,972.56,819.15,0,0,757,1124,0,21,0,0,NORMAL,0
INV-SYN-14734,TXN-SYN-14734,SUPP-PACIFIC-08,BUYER-APEX-06,DHL Global Express,1,80455.26,80828.23,0.0046,1.0777,494.14,336.6,0,0,723,1095,0,20,0,0,NORMAL,0
INV-SYN-14735,TXN-SYN-14735,SUPP-NEXUS-02,BUYER-OMEGA-01,DHL Global Express,1,105354.09,104683.04,-0.0064,1.2316,540.88,492.3,0,0,704,1119,0,8,0,0,NORMAL,0
INV-SYN-14736,TXN-SYN-14736,SUPP-IND-05,BUYER-GLOBAL-05,Kuehne+Nagel Logistics,1,128364.73,129317.87,0.0074,0.8082,693.15,636.32,1,0,817,1086,0,3,0,1,NORMAL,0
INV-SYN-14737,TXN-SYN-14737,SUPP-IND-05,BUYER-GLOBAL-05,FedEx International,1,161360.32,159213.63,-0.0133,0.9951,499.45,406.54,1,0,818,1087,0,13,1,0,NORMAL,0
INV-SYN-14738,TXN-SYN-14738,SUPP-PACIFIC-08,BUYER-GLOBAL-05,FedEx International,1,49405.84,49338.58,-0.0014,0.6578,392.55,351.77,0,0,724,1088,0,19,0,0,NORMAL,0
INV-SYN-14739,TXN-SYN-14739,SUPP-NEXUS-02,BUYER-OMEGA-01,Kuehne+Nagel Logistics,1,99906.76,99200.97,-0.0071,1.1671,959.22,819.8,0,0,705,1120,0,20,1,0,NORMAL,0
INV-SYN-14740,TXN-SYN-14740,SUPP-IND-05,BUYER-OMEGA-01,Maersk Ocean Freight,1,180754.85,179428.27,-0.0073,1.1214,634.29,522.42,1,0,819,1121,0,12,0,0,NORMAL,0
INV-SYN-14741,TXN-SYN-14741,SUPP-PACIFIC-08,BUYER-VORTEX-02,DHL Global Express,1,84296.34,84412.07,0.0014,1.1255,468.39,417.17,0,0,725,1125,0,11,0,0,NORMAL,0
INV-SYN-14742,TXN-SYN-14742,SUPP-IND-05,BUYER-VORTEX-02,DB Schenker,1,160064.76,158049.06,-0.0126,0.9878,453.1,344.05,1,0,820,1126,0,5,0,1,NORMAL,0
INV-SYN-14743,TXN-SYN-14743,SUPP-GLOBAL-01,BUYER-OMEGA-01,DB Schenker,1,132443.19,131570.25,-0.0066,1.0964,838.77,691.76,0,0,758,1122,0,4,1,1,NORMAL,0
INV-SYN-14744,TXN-SYN-14744,SUPP-PACIFIC-08,BUYER-VORTEX-02,FedEx International,1,105081.36,105921.57,0.008,1.4123,501.41,319.95,0,0,726,1127,0,22,1,0,NORMAL,0
INV-SYN-14745,TXN-SYN-14745,SUPP-NEXUS-02,BUYER-VORTEX-02,Maersk Ocean Freight,1,78941.75,77670.01,-0.0161,0.9138,848.18,771.04,0,0,706,1128,0,21,1,0,NORMAL,0
INV-SYN-14746,TXN-SYN-14746,SUPP-PREC-04,BUYER-APEX-06,Maersk Ocean Freight,1,98292.82,96862.04,-0.0146,1.0196,614.71,507.54,0,0,753,1096,0,11,1,0,NORMAL,0
INV-SYN-14747,TXN-SYN-14747,SUPP-TITAN-03,BUYER-OMEGA-01,DB Schenker,1,203971.16,200544.35,-0.0168,0.7162,927.86,766.36,1,0,804,1123,0,0,0,1,NORMAL,0
INV-SYN-14748,TXN-SYN-14748,SUPP-NEXUS-02,BUYER-OMEGA-01,Kuehne+Nagel Logistics,1,66549.45,67066.35,0.0078,0.789,955.28,837.17,0,0,707,1124,0,0,1,1,NORMAL,0
INV-SYN-14749,TXN-SYN-14749,SUPP-NEXUS-02,BUYER-APEX-06,DB Schenker,1,87078.53,85938.57,-0.0131,1.011,698.54,533.51,0,0,708,1097,0,19,0,0,NORMAL,0
INV-SYN-14750,TXN-SYN-14750,SUPP-IND-05,BUYER-GLOBAL-05,Maersk Ocean Freight,1,204157.34,204874.57,0.0035,1.2805,671.54,517.27,1,0,821,1089,0,12,1,0,NORMAL,0
INV-SYN-14751,TXN-SYN-14751,SUPP-PACIFIC-08,BUYER-VORTEX-02,Kuehne+Nagel Logistics,1,70194.73,69850.01,-0.0049,0.9313,820.36,691.69,0,0,727,1129,0,12,0,0,NORMAL,0
INV-SYN-14752,TXN-SYN-14752,SUPP-GLOBAL-01,BUYER-APEX-06,DB Schenker,1,112922.5,113889.72,0.0086,0.9491,511.98,346.59,0,0,759,1098,0,19,1,0,NORMAL,0
INV-SYN-14753,TXN-SYN-14753,SUPP-TITAN-03,BUYER-VORTEX-02,Maersk Ocean Freight,1,251518.03,251309.04,-0.0008,0.8975,485.73,426.29,1,0,805,1130,0,4,0,1,NORMAL,0
INV-SYN-14754,TXN-SYN-14754,SUPP-GLOBAL-01,BUYER-APEX-06,Maersk Ocean Freight,1,103957.3,104073.97,0.0011,0.8673,596.88,486.91,0,0,760,1099,0,1,1,1,NORMAL,0
INV-SYN-14755,TXN-SYN-14755,SUPP-PREC-04,BUYER-APEX-06,DB Schenker,1,102005.57,102392.5,0.0038,1.0778,667.16,550.07,0,0,754,1100,0,19,1,0,NORMAL,0
INV-SYN-14756,TXN-SYN-14756,SUPP-PREC-04,BUYER-VORTEX-02,FedEx International,1,59440.13,59582.12,0.0024,0.6272,810.07,761.84,0,0,755,1131,0,13,0,0,NORMAL,0
INV-SYN-14757,TXN-SYN-14757,SUPP-TITAN-03,BUYER-GLOBAL-05,FedEx International,1,369665.77,365910.29,-0.0102,1.3068,821.05,662.56,1,0,806,1090,0,21,0,0,NORMAL,0
INV-SYN-14758,TXN-SYN-14758,SUPP-GLOBAL-01,BUYER-OMEGA-01,FedEx International,1,100037.33,99042.91,-0.0099,0.8254,916.08,811.71,0,0,761,1125,0,4,1,1,NORMAL,0
INV-SYN-14759,TXN-SYN-14759,SUPP-TITAN-03,BUYER-OMEGA-01,Kuehne+Nagel Logistics,1,330533.24,326706.83,-0.0116,1.1668,651.92,582.57,1,0,807,1126,0,16,1,0,NORMAL,0
INV-SYN-14760,TXN-SYN-14760,SUPP-NEXUS-02,BUYER-APEX-06,Kuehne+Nagel Logistics,1,58012.53,57731.49,-0.0048,0.6792,927.99,770.0,0,0,709,1101,0,7,1,0,NORMAL,0
INV-SYN-14761,TXN-SYN-14761,SUPP-TITAN-03,BUYER-GLOBAL-05,Kuehne+Nagel Logistics,1,326818.81,325799.71,-0.0031,1.1636,780.46,647.38,1,0,808,1091,0,9,0,0,NORMAL,0
INV-SYN-14762,TXN-SYN-14762,SUPP-IND-05,BUYER-OMEGA-01,FedEx International,1,186877.78,186245.88,-0.0034,1.164,386.73,252.2,1,0,822,1127,0,18,0,0,NORMAL,0
INV-SYN-14763,TXN-SYN-14763,SUPP-TITAN-03,BUYER-STEEL-03,Unregistered Logistics,1,250000.0,250000.0,0.0,0.8929,54.34,27.66,1,1,809,137,1,4,0,1,OFF_HOURS_ROUND_SUM,1
INV-SYN-14764,TXN-SYN-14764,SUPP-PREC-04,BUYER-VORTEX-02,Maersk Ocean Freight,1,71382.32,70643.82,-0.0103,0.7436,391.05,304.61,0,0,756,1132,0,6,0,0,NORMAL,0
INV-SYN-14765,TXN-SYN-14765,SUPP-IND-05,BUYER-OMEGA-01,DHL Global Express,1,169981.93,168609.52,-0.0081,1.0538,689.59,638.28,1,0,823,1128,0,4,0,1,NORMAL,0
INV-SYN-14766,TXN-SYN-14766,SUPP-GLOBAL-01,BUYER-OMEGA-01,Kuehne+Nagel Logistics,1,84508.31,84418.3,-0.0011,0.7035,871.2,780.13,0,0,762,1129,0,17,0,0,NORMAL,0
INV-SYN-14767,TXN-SYN-14767,SUPP-TITAN-03,BUYER-VORTEX-02,Maersk Ocean Freight,1,262306.57,260867.33,-0.0055,0.9317,906.99,765.94,1,0,810,1133,0,23,0,1,NORMAL,0
INV-SYN-14768,TXN-SYN-14768,SUPP-PACIFIC-08,BUYER-APEX-06,Maersk Ocean Freight,1,94301.5,94406.47,0.0011,1.2588,785.71,729.67,0,0,728,1102,0,18,0,0,NORMAL,0
INV-SYN-14769,TXN-SYN-14769,SUPP-NEXUS-02,BUYER-OMEGA-01,DB Schenker,1,101929.92,100947.31,-0.0096,1.1876,626.08,518.85,0,0,710,1130,0,8,0,0,NORMAL,0
INV-SYN-14770,TXN-SYN-14770,SUPP-PACIFIC-08,BUYER-GLOBAL-05,Maersk Ocean Freight,1,75284.68,75252.76,-0.0004,1.0034,534.29,363.4,0,0,729,1092,0,3,0,1,NORMAL,0
INV-SYN-14771,TXN-SYN-14771,SUPP-NEXUS-02,BUYER-GLOBAL-05,Kuehne+Nagel Logistics,1,64285.36,63832.83,-0.007,0.751,742.12,647.91,0,0,711,1093,0,13,0,0,NORMAL,0
INV-SYN-14772,TXN-SYN-14772,SUPP-IND-05,BUYER-STEEL-03,None,0,500000.0,500000.0,0.0,3.125,6.82,-6.91,1,1,824,138,1,3,0,1,OFF_HOURS_ROUND_SUM,1
INV-SYN-14773,TXN-SYN-14773,SUPP-PACIFIC-08,BUYER-APEX-06,Kuehne+Nagel Logistics,1,75363.4,74436.64,-0.0123,0.9925,394.38,285.01,0,0,730,1103,0,8,1,0,NORMAL,0
INV-SYN-14774,TXN-SYN-14774,SUPP-PACIFIC-08,BUYER-VORTEX-02,DHL Global Express,1,31494.08,30892.4,-0.0191,0.4119,963.23,804.22,0,0,731,1134,0,21,1,0,NORMAL,0
INV-SYN-14775,TXN-SYN-14775,SUPP-IND-05,BUYER-OMEGA-01,Kuehne+Nagel Logistics,1,191305.19,188995.37,-0.0121,1.1812,700.06,602.55,1,0,825,1131,0,10,0,0,NORMAL,0
INV-SYN-14776,TXN-SYN-14776,SUPP-PREC-04,BUYER-GLOBAL-05,DHL Global Express,1,94424.47,94784.19,0.0038,0.9977,691.75,515.68,0,0,757,1094,0,10,0,0,NORMAL,0
INV-SYN-14777,TXN-SYN-14777,SUPP-NEXUS-02,BUYER-GLOBAL-05,FedEx International,1,110552.09,109562.38,-0.009,1.289,811.6,709.58,0,0,712,1095,0,21,0,0,NORMAL,0
INV-SYN-14778,TXN-SYN-14778,SUPP-PACIFIC-08,BUYER-OMEGA-01,DB Schenker,1,54463.68,53943.44,-0.0096,0.7192,529.8,463.03,0,0,732,1132,0,3,0,1,NORMAL,0
INV-SYN-14779,TXN-SYN-14779,SUPP-NEXUS-02,BUYER-GLOBAL-05,Kuehne+Nagel Logistics,1,17495.04,17378.95,-0.0066,0.2045,684.58,533.77,0,0,713,1096,0,20,0,0,NORMAL,0
INV-SYN-14780,TXN-SYN-14780,SUPP-TITAN-03,BUYER-OMEGA-01,DHL Global Express,1,299535.87,298579.48,-0.0032,1.0664,687.32,636.71,1,0,811,1133,0,5,0,1,NORMAL,0
INV-SYN-14781,TXN-SYN-14781,SUPP-NEXUS-02,BUYER-VORTEX-02,Kuehne+Nagel Logistics,1,91195.73,90185.83,-0.0111,1.061,508.77,400.82,0,0,714,1135,0,20,0,0,NORMAL,0
INV-SYN-14782,TXN-SYN-14782,SUPP-PACIFIC-08,BUYER-APEX-06,Kuehne+Nagel Logistics,1,43299.91,43687.62,0.009,0.5825,340.13,292.9,0,0,733,1104,0,1,0,1,NORMAL,0
INV-SYN-14783,TXN-SYN-14783,SUPP-IND-05,BUYER-VORTEX-02,DB Schenker,1,120860.02,120872.76,0.0001,0.7555,549.82,476.92,1,0,826,1136,0,14,0,0,NORMAL,0
INV-SYN-14784,TXN-SYN-14784,SUPP-PREC-04,BUYER-GLOBAL-05,DHL Global Express,1,160436.42,158662.54,-0.0111,1.6701,660.62,589.84,0,0,758,1097,0,20,0,0,NORMAL,0
INV-SYN-14785,TXN-SYN-14785,SUPP-GLOBAL-01,BUYER-GLOBAL-05,DHL Global Express,1,110831.68,111913.82,0.0098,0.9326,346.96,277.0,0,0,763,1098,0,3,1,1,NORMAL,0
INV-SYN-14786,TXN-SYN-14786,SUPP-PREC-04,BUYER-VORTEX-02,DHL Global Express,1,112360.28,112509.74,0.0013,1.1843,509.65,455.22,0,0,759,1137,0,4,0,1,NORMAL,0
INV-SYN-14787,TXN-SYN-14787,SUPP-GLOBAL-01,BUYER-APEX-06,DHL Global Express,1,100480.21,99813.02,-0.0066,0.8318,870.78,762.66,0,0,764,1105,0,11,0,0,NORMAL,0
INV-SYN-14788,TXN-SYN-14788,SUPP-IND-05,BUYER-OMEGA-01,FedEx International,1,76387.88,76557.99,0.0022,0.4785,856.96,764.19,1,0,827,1134,0,20,0,0,NORMAL,0
INV-SYN-14789,TXN-SYN-14789,SUPP-PACIFIC-08,BUYER-APEX-06,DB Schenker,1,71807.66,72511.95,0.0098,0.9668,623.81,489.37,0,0,734,1106,0,13,1,0,NORMAL,0
INV-SYN-14790,TXN-SYN-14790,SUPP-NEXUS-02,BUYER-APEX-06,DB Schenker,1,79355.9,79880.06,0.0066,0.9398,585.55,430.14,0,0,715,1107,0,13,1,0,NORMAL,0
INV-SYN-14791,TXN-SYN-14791,SUPP-PACIFIC-08,BUYER-APEX-06,Maersk Ocean Freight,1,67502.28,67101.61,-0.0059,0.8947,464.47,418.92,0,0,735,1108,0,15,0,0,NORMAL,0
INV-SYN-14792,TXN-SYN-14792,SUPP-IND-05,BUYER-OMEGA-01,DB Schenker,1,155414.37,156901.8,0.0096,0.9806,614.68,470.51,1,0,828,1135,0,0,0,1,NORMAL,0
INV-SYN-14793,TXN-SYN-14793,SUPP-NEXUS-02,BUYER-STEEL-03,None,0,136523.96,157002.55,0.15,1.8471,113.54,77.32,0,1,716,139,0,23,0,1,SERIAL_COUNTERPARTY_SPIKE,1
INV-SYN-14794,TXN-SYN-14794,SUPP-PACIFIC-08,BUYER-OMEGA-01,FedEx International,1,72185.31,71020.29,-0.0161,0.9469,638.03,522.58,0,0,736,1136,0,11,0,0,NORMAL,0
INV-SYN-14795,TXN-SYN-14795,SUPP-TITAN-03,BUYER-APEX-06,DB Schenker,1,191519.57,188058.84,-0.0181,0.6716,850.38,746.58,1,0,812,1109,0,9,1,0,NORMAL,0
INV-SYN-14796,TXN-SYN-14796,SUPP-TITAN-03,BUYER-OMEGA-01,DB Schenker,1,314032.94,312293.48,-0.0055,1.1153,978.63,834.5,1,0,813,1137,0,8,1,0,NORMAL,0
INV-SYN-14797,TXN-SYN-14797,SUPP-IND-05,BUYER-GLOBAL-05,DB Schenker,1,82025.13,81923.59,-0.0012,0.512,546.32,451.92,1,0,829,1099,0,9,1,0,NORMAL,0
INV-SYN-14798,TXN-SYN-14798,SUPP-PREC-04,BUYER-OMEGA-01,Maersk Ocean Freight,1,46304.01,46303.69,-0.0,0.4874,752.31,574.79,0,0,760,1138,0,1,0,1,NORMAL,0
INV-SYN-14799,TXN-SYN-14799,SUPP-NEXUS-02,BUYER-VORTEX-02,DB Schenker,1,100707.59,99807.07,-0.0089,1.1742,607.63,433.9,0,0,717,1138,0,12,1,0,NORMAL,0
INV-SYN-14800,TXN-SYN-14800,SUPP-PREC-04,BUYER-OMEGA-01,FedEx International,1,107041.73,107785.4,0.0069,1.1346,767.08,700.67,0,0,761,1139,0,21,1,0,NORMAL,0
INV-SYN-14801,TXN-SYN-14801,SUPP-IND-05,BUYER-VORTEX-02,FedEx International,1,157704.19,155604.19,-0.0133,0.9725,638.64,565.9,1,0,830,1139,0,10,0,0,NORMAL,0
INV-SYN-14802,TXN-SYN-14802,SUPP-PHANTOM-07,BUYER-STEEL-03,FedEx International,1,501116.38,576283.84,0.15,1.2806,183.58,120.17,8,1,86,140,0,9,0,0,SERIAL_COUNTERPARTY_SPIKE,1
INV-SYN-14803,TXN-SYN-14803,SUPP-PACIFIC-08,BUYER-APEX-06,DHL Global Express,1,61726.67,61005.05,-0.0117,0.8134,605.06,512.91,0,0,737,1110,0,5,0,1,NORMAL,0
INV-SYN-14804,TXN-SYN-14804,SUPP-NEXUS-02,BUYER-VORTEX-02,DB Schenker,1,79416.63,77851.66,-0.0197,0.9159,996.04,809.51,0,0,718,1140,0,7,0,0,NORMAL,0
INV-SYN-14805,TXN-SYN-14805,SUPP-TITAN-03,BUYER-STEEL-03,None,0,289667.15,333117.22,0.15,1.1897,229.17,175.36,1,1,814,141,0,13,1,0,SERIAL_COUNTERPARTY_SPIKE,1
INV-SYN-14806,TXN-SYN-14806,SUPP-TITAN-03,BUYER-OMEGA-01,DHL Global Express,1,228267.99,226020.13,-0.0098,0.8072,485.37,432.04,1,0,815,1140,0,0,1,1,NORMAL,0
INV-SYN-14807,TXN-SYN-14807,SUPP-GLOBAL-01,BUYER-OMEGA-01,Kuehne+Nagel Logistics,1,139569.91,140565.66,0.0071,1.1714,654.63,531.89,0,0,765,1141,0,10,0,0,NORMAL,0
INV-SYN-14808,TXN-SYN-14808,SUPP-PREC-04,BUYER-GLOBAL-05,Kuehne+Nagel Logistics,1,128898.5,128003.59,-0.0069,1.3474,686.6,558.83,0,0,762,1100,0,21,1,0,NORMAL,0
INV-SYN-14809,TXN-SYN-14809,SUPP-PACIFIC-08,BUYER-APEX-06,Maersk Ocean Freight,1,67135.6,67464.72,0.0049,0.8995,631.78,473.2,0,0,738,1111,0,4,0,1,NORMAL,0
INV-SYN-14810,TXN-SYN-14810,SUPP-TITAN-03,BUYER-VORTEX-02,Kuehne+Nagel Logistics,1,332954.18,328632.14,-0.013,1.1737,569.39,405.9,1,0,816,1141,0,12,1,0,NORMAL,0
INV-SYN-14811,TXN-SYN-14811,SUPP-IND-05,BUYER-APEX-06,FedEx International,1,83437.6,82266.05,-0.014,0.5142,444.53,333.73,1,0,831,1112,0,20,0,0,NORMAL,0
INV-SYN-14812,TXN-SYN-14812,SUPP-PHANTOM-07,BUYER-VORTEX-02,Kuehne+Nagel Logistics,1,524188.26,915582.51,0.7467,2.0346,289.87,224.46,8,0,87,1142,0,11,1,0,AMOUNT_INFLATION,1
INV-SYN-14813,TXN-SYN-14813,SUPP-IND-05,BUYER-APEX-06,FedEx International,1,127842.06,129070.4,0.0096,0.8067,353.03,309.18,1,0,832,1113,0,6,0,0,NORMAL,0
INV-SYN-14814,TXN-SYN-14814,SUPP-TITAN-03,BUYER-OMEGA-01,FedEx International,1,301514.19,301213.23,-0.001,1.0758,766.32,690.93,1,0,817,1142,0,18,0,0,NORMAL,0
INV-SYN-14815,TXN-SYN-14815,SUPP-GLOBAL-01,BUYER-APEX-06,DB Schenker,1,112567.43,112482.76,-0.0008,0.9374,388.24,285.62,0,0,766,1114,0,5,0,1,NORMAL,0
INV-SYN-14816,TXN-SYN-14816,SUPP-TITAN-03,BUYER-APEX-06,DHL Global Express,1,372428.98,375890.78,0.0093,1.3425,683.2,583.28,1,0,818,1115,0,6,0,0,NORMAL,0
INV-SYN-14817,TXN-SYN-14817,SUPP-SUSP-06,BUYER-STEEL-03,None,0,450000.0,450000.0,0.0,1.1538,62.89,35.2,6,1,97,142,1,1,0,1,OFF_HOURS_ROUND_SUM,1
INV-SYN-14818,TXN-SYN-14818,SUPP-PACIFIC-08,BUYER-GLOBAL-05,DB Schenker,1,86767.62,87130.93,0.0042,1.1617,764.74,649.81,0,0,739,1101,0,3,0,1,NORMAL,0
INV-SYN-14819,TXN-SYN-14819,SUPP-TITAN-03,BUYER-GLOBAL-05,DB Schenker,1,260434.48,257137.95,-0.0127,0.9183,721.9,561.13,1,0,819,1102,0,20,0,0,NORMAL,0
INV-SYN-14820,TXN-SYN-14820,SUPP-TITAN-03,BUYER-GLOBAL-05,DHL Global Express,1,268918.62,269371.26,0.0017,0.962,972.79,791.29,1,0,820,1103,0,5,0,1,NORMAL,0
INV-SYN-14821,TXN-SYN-14821,SUPP-NEXUS-02,BUYER-GLOBAL-05,Kuehne+Nagel Logistics,1,81093.1,80636.28,-0.0056,0.9487,517.09,406.6,0,0,719,1104,0,16,0,0,NORMAL,0
INV-SYN-14822,TXN-SYN-14822,SUPP-PREC-04,BUYER-VORTEX-02,Kuehne+Nagel Logistics,1,74915.26,73916.47,-0.0133,0.7781,585.4,506.63,0,0,763,1143,0,13,1,0,NORMAL,0
INV-SYN-14823,TXN-SYN-14823,SUPP-PREC-04,BUYER-OMEGA-01,DB Schenker,1,94665.15,95377.38,0.0075,1.004,742.27,693.57,0,0,764,1143,0,9,0,0,NORMAL,0
INV-SYN-14824,TXN-SYN-14824,SUPP-IND-05,BUYER-APEX-06,DB Schenker,1,157494.07,156672.47,-0.0052,0.9792,920.8,749.01,1,0,833,1116,0,0,0,1,NORMAL,0
INV-SYN-14825,TXN-SYN-14825,SUPP-NEXUS-02,BUYER-VORTEX-02,DHL Global Express,1,90126.36,90524.65,0.0044,1.065,833.2,790.89,0,0,720,1144,0,12,0,0,NORMAL,0
INV-SYN-14826,TXN-SYN-14826,SUPP-TITAN-03,BUYER-OMEGA-01,FedEx International,1,285915.36,283205.0,-0.0095,1.0114,521.55,467.87,1,0,821,1144,0,16,0,0,NORMAL,0
INV-SYN-14827,TXN-SYN-14827,SUPP-IND-05,BUYER-GLOBAL-05,DB Schenker,1,191919.78,189938.32,-0.0103,1.1871,498.97,374.47,1,0,834,1105,0,16,0,0,NORMAL,0
INV-SYN-14828,TXN-SYN-14828,SUPP-TITAN-03,BUYER-VORTEX-02,Kuehne+Nagel Logistics,1,344645.6,339052.19,-0.0162,1.2109,440.49,301.89,1,0,822,1145,0,12,0,0,NORMAL,0
INV-SYN-14829,TXN-SYN-14829,SUPP-NEXUS-02,BUYER-VORTEX-02,DHL Global Express,1,62674.25,61885.11,-0.0126,0.7281,878.67,704.87,0,0,721,1146,0,9,0,0,NORMAL,0
INV-SYN-14830,TXN-SYN-14830,SUPP-PREC-04,BUYER-GLOBAL-05,Maersk Ocean Freight,1,115633.35,114610.66,-0.0088,1.2064,766.98,607.52,0,0,765,1106,0,3,0,1,NORMAL,0
INV-SYN-14831,TXN-SYN-14831,SUPP-PREC-04,BUYER-GLOBAL-05,DHL Global Express,1,66824.51,67134.23,0.0046,0.7067,722.8,582.19,0,0,766,1107,0,2,0,1,NORMAL,0
INV-SYN-14832,TXN-SYN-14832,SUPP-NEXUS-02,BUYER-VORTEX-02,DHL Global Express,1,97491.94,95893.18,-0.0164,1.1282,654.13,555.21,0,0,722,1147,0,21,0,0,NORMAL,0
INV-SYN-14833,TXN-SYN-14833,SUPP-IND-05,BUYER-APEX-06,DB Schenker,1,184789.55,182896.66,-0.0102,1.1431,437.21,327.78,1,0,835,1117,0,1,1,1,NORMAL,0
INV-SYN-14834,TXN-SYN-14834,SUPP-PACIFIC-08,BUYER-APEX-06,FedEx International,1,39162.81,38925.96,-0.006,0.519,451.0,268.44,0,0,740,1118,0,14,1,0,NORMAL,0
INV-SYN-14835,TXN-SYN-14835,SUPP-PREC-04,BUYER-APEX-06,FedEx International,1,97208.26,97134.07,-0.0008,1.0225,877.0,760.58,0,0,767,1119,0,9,0,0,NORMAL,0
INV-SYN-14836,TXN-SYN-14836,SUPP-PREC-04,BUYER-APEX-06,Kuehne+Nagel Logistics,1,83873.22,83452.64,-0.005,0.8784,666.77,541.95,0,0,768,1120,0,19,0,0,NORMAL,0
INV-SYN-14837,TXN-SYN-14837,SUPP-TITAN-03,BUYER-GLOBAL-05,Maersk Ocean Freight,1,226886.43,227732.47,0.0037,0.8133,560.1,406.46,1,0,823,1108,0,18,1,0,NORMAL,0
INV-SYN-14838,TXN-SYN-14838,SUPP-TITAN-03,BUYER-STEEL-03,None,0,659827.36,659827.36,0.0,2.3565,4.53,-1.0,1,1,824,143,0,20,0,0,RAPID_GHOST_SETTLEMENT,1
INV-SYN-14839,TXN-SYN-14839,SUPP-PACIFIC-08,BUYER-OMEGA-01,FedEx International,1,62743.52,61521.06,-0.0195,0.8203,771.27,666.4,0,0,741,1145,0,1,1,1,NORMAL,0
INV-SYN-14840,TXN-SYN-14840,SUPP-PACIFIC-08,BUYER-VORTEX-02,Maersk Ocean Freight,1,59880.43,58948.18,-0.0156,0.786,530.41,413.79,0,0,742,1148,0,0,1,1,NORMAL,0
INV-SYN-14841,TXN-SYN-14841,SUPP-NEXUS-02,BUYER-OMEGA-01,Maersk Ocean Freight,1,86608.52,85666.97,-0.0109,1.0078,543.44,495.21,0,0,723,1146,0,13,0,0,NORMAL,0
INV-SYN-14842,TXN-SYN-14842,SUPP-GLOBAL-01,BUYER-OMEGA-01,Kuehne+Nagel Logistics,1,140567.69,139103.63,-0.0104,1.1592,465.87,338.75,0,0,767,1147,0,12,0,0,NORMAL,0
INV-SYN-14843,TXN-SYN-14843,SUPP-PACIFIC-08,BUYER-GLOBAL-05,DB Schenker,1,72344.09,72452.63,0.0015,0.966,644.3,516.21,0,0,743,1109,0,3,1,1,NORMAL,0
INV-SYN-14844,TXN-SYN-14844,SUPP-GLOBAL-01,BUYER-GLOBAL-05,FedEx International,1,154991.12,153422.6,-0.0101,1.2785,739.62,654.41,0,0,768,1110,0,0,0,1,NORMAL,0
INV-SYN-14845,TXN-SYN-14845,SUPP-GLOBAL-01,BUYER-GLOBAL-05,Kuehne+Nagel Logistics,1,135929.27,134808.73,-0.0082,1.1234,457.66,325.16,0,0,769,1111,0,3,0,1,NORMAL,0
INV-SYN-14846,TXN-SYN-14846,SUPP-IND-05,BUYER-VORTEX-02,Kuehne+Nagel Logistics,1,72871.55,73481.24,0.0084,0.4593,725.64,684.46,1,0,836,1149,0,14,1,0,NORMAL,0
INV-SYN-14847,TXN-SYN-14847,SUPP-GLOBAL-01,BUYER-GLOBAL-05,DB Schenker,1,104115.99,102626.76,-0.0143,0.8552,532.33,489.24,0,0,770,1112,0,19,1,0,NORMAL,0
INV-SYN-14848,TXN-SYN-14848,SUPP-IND-05,BUYER-QUICK-04,None,0,204495.23,204495.23,0.0,1.2781,4.02,-1.0,1,5,837,178,0,2,0,1,RAPID_GHOST_SETTLEMENT,1
INV-SYN-14849,TXN-SYN-14849,SUPP-NEXUS-02,BUYER-APEX-06,Kuehne+Nagel Logistics,1,95186.42,94769.58,-0.0044,1.1149,669.54,581.5,0,0,724,1121,0,8,0,0,NORMAL,0
INV-SYN-14850,TXN-SYN-14850,SUPP-IND-05,BUYER-VORTEX-02,FedEx International,1,55007.32,55521.95,0.0094,0.347,575.21,426.11,1,0,838,1150,0,14,0,0,NORMAL,0
INV-SYN-14851,TXN-SYN-14851,SUPP-NEXUS-02,BUYER-APEX-06,Kuehne+Nagel Logistics,1,139166.46,137390.7,-0.0128,1.6164,824.94,653.09,0,0,725,1122,0,13,0,0,NORMAL,0
INV-SYN-14852,TXN-SYN-14852,SUPP-IND-05,BUYER-OMEGA-01,DHL Global Express,1,181241.04,180493.5,-0.0041,1.1281,603.59,484.8,1,0,839,1148,0,1,1,1,NORMAL,0
INV-SYN-14853,TXN-SYN-14853,SUPP-TITAN-03,BUYER-VORTEX-02,DB Schenker,1,290421.38,288316.28,-0.0072,1.0297,978.93,797.32,1,0,825,1151,0,2,0,1,NORMAL,0
INV-SYN-14854,TXN-SYN-14854,SUPP-PREC-04,BUYER-APEX-06,Kuehne+Nagel Logistics,1,123062.23,122578.83,-0.0039,1.2903,369.95,267.56,0,0,769,1123,0,3,0,1,NORMAL,0
INV-SYN-14855,TXN-SYN-14855,SUPP-PREC-04,BUYER-APEX-06,Maersk Ocean Freight,1,150661.78,152148.88,0.0099,1.6016,599.93,509.34,0,0,770,1124,0,22,1,0,NORMAL,0
INV-SYN-14856,TXN-SYN-14856,SUPP-NEXUS-02,BUYER-GLOBAL-05,Kuehne+Nagel Logistics,1,103503.37,103951.18,0.0043,1.223,614.51,528.83,0,0,726,1113,0,20,0,0,NORMAL,0
INV-SYN-14857,TXN-SYN-14857,SUPP-PACIFIC-08,BUYER-VORTEX-02,Maersk Ocean Freight,1,92790.25,90967.68,-0.0196,1.2129,695.17,653.07,0,0,744,1152,0,8,1,0,NORMAL,0
INV-SYN-14858,TXN-SYN-14858,SUPP-PACIFIC-08,BUYER-OMEGA-01,Maersk Ocean Freight,1,77450.44,77157.47,-0.0038,1.0288,643.1,557.16,0,0,745,1149,0,1,0,1,NORMAL,0
INV-SYN-14859,TXN-SYN-14859,SUPP-NEXUS-02,BUYER-VORTEX-02,Kuehne+Nagel Logistics,1,81992.58,81592.09,-0.0049,0.9599,771.52,617.57,0,0,727,1153,0,11,0,0,NORMAL,0
INV-SYN-14860,TXN-SYN-14860,SUPP-GLOBAL-01,BUYER-OMEGA-01,Maersk Ocean Freight,1,105726.14,106596.9,0.0082,0.8883,329.95,291.39,0,0,771,1150,0,15,0,0,NORMAL,0
INV-SYN-14861,TXN-SYN-14861,SUPP-GLOBAL-01,BUYER-APEX-06,FedEx International,1,95216.64,95986.9,0.0081,0.7999,393.43,310.17,0,0,772,1125,0,16,0,0,NORMAL,0
INV-SYN-14862,TXN-SYN-14862,SUPP-PREC-04,BUYER-OMEGA-01,DHL Global Express,1,78683.42,77390.37,-0.0164,0.8146,447.17,291.59,0,0,771,1151,0,9,0,0,NORMAL,0
INV-SYN-14863,TXN-SYN-14863,SUPP-PACIFIC-08,BUYER-GLOBAL-05,Maersk Ocean Freight,1,49677.08,50127.96,0.0091,0.6684,299.92,249.99,0,0,746,1114,0,20,0,0,NORMAL,0
INV-SYN-14864,TXN-SYN-14864,SUPP-TITAN-03,BUYER-APEX-06,Maersk Ocean Freight,1,274689.0,272131.32,-0.0093,0.9719,484.0,441.43,1,0,826,1126,0,19,0,0,NORMAL,0
INV-SYN-14865,TXN-SYN-14865,SUPP-TITAN-03,BUYER-OMEGA-01,Kuehne+Nagel Logistics,1,162073.27,161524.15,-0.0034,0.5769,311.36,253.86,1,0,827,1152,0,17,0,0,NORMAL,0
INV-SYN-14866,TXN-SYN-14866,SUPP-IND-05,BUYER-OMEGA-01,Maersk Ocean Freight,1,167636.66,166217.25,-0.0085,1.0389,744.98,614.29,1,0,840,1153,0,20,0,0,NORMAL,0
INV-SYN-14867,TXN-SYN-14867,SUPP-SUSP-06,BUYER-APEX-06,Kuehne+Nagel Logistics,1,386457.77,930730.0,1.4084,2.3865,265.65,196.02,6,0,98,1127,0,13,0,0,AMOUNT_INFLATION,1
INV-SYN-14868,TXN-SYN-14868,SUPP-NEXUS-02,BUYER-APEX-06,Maersk Ocean Freight,1,88122.38,86730.32,-0.0158,1.0204,496.82,435.12,0,0,728,1128,0,4,1,1,NORMAL,0
INV-SYN-14869,TXN-SYN-14869,SUPP-IND-05,BUYER-OMEGA-01,Maersk Ocean Freight,1,139114.74,138519.24,-0.0043,0.8657,349.24,278.77,1,0,841,1154,0,12,1,0,NORMAL,0
INV-SYN-14870,TXN-SYN-14870,SUPP-IND-05,BUYER-APEX-06,Unregistered Logistics,1,750000.0,750000.0,0.0,4.6875,36.32,-5.56,1,0,842,1129,1,4,1,1,OFF_HOURS_ROUND_SUM,1
INV-SYN-14871,TXN-SYN-14871,SUPP-NEXUS-02,BUYER-OMEGA-01,FedEx International,1,113902.46,114117.61,0.0019,1.3426,671.56,595.02,0,0,729,1155,0,8,1,0,NORMAL,0
INV-SYN-14872,TXN-SYN-14872,SUPP-PACIFIC-08,BUYER-OMEGA-01,DB Schenker,1,51664.83,52139.47,0.0092,0.6952,937.41,760.67,0,0,747,1156,0,22,1,0,NORMAL,0
INV-SYN-14873,TXN-SYN-14873,SUPP-IND-05,BUYER-APEX-06,Maersk Ocean Freight,1,169314.72,166770.17,-0.015,1.0423,331.47,246.15,1,0,843,1130,0,21,0,0,NORMAL,0
INV-SYN-14874,TXN-SYN-14874,SUPP-IND-05,BUYER-APEX-06,DB Schenker,1,135679.75,134747.07,-0.0069,0.8422,931.21,807.13,1,0,844,1131,0,6,0,0,NORMAL,0
INV-SYN-14875,TXN-SYN-14875,SUPP-NEXUS-02,BUYER-OMEGA-01,DHL Global Express,1,63442.31,62199.94,-0.0196,0.7318,900.56,772.52,0,0,730,1157,0,16,0,0,NORMAL,0
INV-SYN-14876,TXN-SYN-14876,SUPP-PREC-04,BUYER-OMEGA-01,DB Schenker,1,63173.29,61943.59,-0.0195,0.652,586.27,416.43,0,0,772,1158,0,2,0,1,NORMAL,0
INV-SYN-14877,TXN-SYN-14877,SUPP-IND-05,BUYER-OMEGA-01,DHL Global Express,1,177288.67,176665.58,-0.0035,1.1042,561.53,468.61,1,0,845,1159,0,14,0,0,NORMAL,0
INV-SYN-14878,TXN-SYN-14878,SUPP-TITAN-03,BUYER-GLOBAL-05,Kuehne+Nagel Logistics,1,232303.38,230340.8,-0.0084,0.8226,438.92,378.98,1,0,828,1115,0,11,0,0,NORMAL,0
INV-SYN-14879,TXN-SYN-14879,SUPP-NEXUS-02,BUYER-GLOBAL-05,DB Schenker,1,105566.3,103797.02,-0.0168,1.2211,645.2,540.35,0,0,731,1116,0,11,0,0,NORMAL,0
INV-SYN-14880,TXN-SYN-14880,SUPP-PREC-04,BUYER-VORTEX-02,DB Schenker,1,118602.33,116805.98,-0.0151,1.2295,606.72,452.79,0,0,773,1154,0,13,0,0,NORMAL,0
INV-SYN-14881,TXN-SYN-14881,SUPP-SUSP-06,BUYER-QUICK-04,DB Schenker,1,523956.65,1087472.3,1.0755,2.7884,512.28,402.11,6,5,99,179,0,17,0,0,AMOUNT_INFLATION,1
INV-SYN-14882,TXN-SYN-14882,SUPP-GLOBAL-01,BUYER-APEX-06,Maersk Ocean Freight,1,94428.4,94386.93,-0.0004,0.7866,754.37,704.4,0,0,773,1132,0,18,0,0,NORMAL,0
INV-SYN-14883,TXN-SYN-14883,SUPP-GLOBAL-01,BUYER-APEX-06,DHL Global Express,1,134260.97,132694.46,-0.0117,1.1058,494.73,399.03,0,0,774,1133,0,19,0,0,NORMAL,0
INV-SYN-14884,TXN-SYN-14884,SUPP-TITAN-03,BUYER-APEX-06,Maersk Ocean Freight,1,324271.8,321846.82,-0.0075,1.1495,439.25,397.5,1,0,829,1134,0,22,0,0,NORMAL,0
INV-SYN-14885,TXN-SYN-14885,SUPP-GLOBAL-01,BUYER-GLOBAL-05,DB Schenker,1,105774.65,104488.12,-0.0122,0.8707,871.01,683.91,0,0,775,1117,0,17,1,0,NORMAL,0
INV-SYN-14886,TXN-SYN-14886,SUPP-NEXUS-02,BUYER-APEX-06,Maersk Ocean Freight,1,68599.85,67816.04,-0.0114,0.7978,481.61,291.79,0,0,732,1135,0,5,0,1,NORMAL,0
INV-SYN-14887,TXN-SYN-14887,SUPP-TITAN-03,BUYER-APEX-06,Kuehne+Nagel Logistics,1,392666.45,644928.76,0.6424,2.3033,265.19,168.61,1,0,830,1136,0,23,1,1,AMOUNT_INFLATION,1
INV-SYN-14888,TXN-SYN-14888,SUPP-IND-05,BUYER-VORTEX-02,DB Schenker,1,169099.84,169816.69,0.0042,1.0614,580.61,475.31,1,0,846,1155,0,5,0,1,NORMAL,0
INV-SYN-14889,TXN-SYN-14889,SUPP-TITAN-03,BUYER-VORTEX-02,Kuehne+Nagel Logistics,1,324517.74,319717.66,-0.0148,1.1418,351.59,241.46,1,0,831,1156,0,17,0,0,NORMAL,0
INV-SYN-14890,TXN-SYN-14890,SUPP-PREC-04,BUYER-GLOBAL-05,Maersk Ocean Freight,1,75475.69,74240.3,-0.0164,0.7815,346.14,242.04,0,0,774,1118,0,2,0,1,NORMAL,0
INV-SYN-14891,TXN-SYN-14891,SUPP-NEXUS-02,BUYER-APEX-06,FedEx International,1,59090.21,58245.81,-0.0143,0.6852,501.17,435.33,0,0,733,1137,0,20,1,0,NORMAL,0
INV-SYN-14892,TXN-SYN-14892,SUPP-TITAN-03,BUYER-APEX-06,Kuehne+Nagel Logistics,1,240138.52,236758.26,-0.0141,0.8456,835.42,671.92,1,0,832,1138,0,18,1,0,NORMAL,0
INV-SYN-14893,TXN-SYN-14893,SUPP-GLOBAL-01,BUYER-VORTEX-02,Maersk Ocean Freight,1,116279.36,117228.85,0.0082,0.9769,617.45,446.81,0,0,776,1157,0,1,0,1,NORMAL,0
INV-SYN-14894,TXN-SYN-14894,SUPP-GLOBAL-01,BUYER-GLOBAL-05,Maersk Ocean Freight,1,88073.4,86662.09,-0.016,0.7222,890.61,703.64,0,0,777,1119,0,22,0,0,NORMAL,0
INV-SYN-14895,TXN-SYN-14895,SUPP-PREC-04,BUYER-GLOBAL-05,DHL Global Express,1,94766.19,94013.64,-0.0079,0.9896,666.75,546.33,0,0,775,1120,0,16,1,0,NORMAL,0
INV-SYN-14896,TXN-SYN-14896,SUPP-TITAN-03,BUYER-VORTEX-02,FedEx International,1,161804.64,160697.58,-0.0068,0.5739,584.22,474.77,1,0,833,1158,0,2,0,1,NORMAL,0
INV-SYN-14897,TXN-SYN-14897,SUPP-NEXUS-02,BUYER-GLOBAL-05,FedEx International,1,61198.99,61194.02,-0.0001,0.7199,671.65,533.23,0,0,734,1121,0,22,1,0,NORMAL,0
INV-SYN-14898,TXN-SYN-14898,SUPP-GLOBAL-01,BUYER-VORTEX-02,FedEx International,1,140127.34,139300.01,-0.0059,1.1608,439.19,332.79,0,0,778,1159,0,9,0,0,NORMAL,0
INV-SYN-14899,TXN-SYN-14899,SUPP-PREC-04,BUYER-VORTEX-02,Maersk Ocean Freight,1,109340.02,110157.52,0.0075,1.1596,603.66,500.65,0,0,776,1160,0,20,0,0,NORMAL,0
INV-SYN-14900,TXN-SYN-14900,SUPP-IND-05,BUYER-GLOBAL-05,DB Schenker,1,144324.93,144874.05,0.0038,0.9055,790.88,620.74,1,0,847,1122,0,12,0,0,NORMAL,0
INV-SYN-14901,TXN-SYN-14901,SUPP-TITAN-03,BUYER-APEX-06,Maersk Ocean Freight,1,208756.5,207376.72,-0.0066,0.7406,736.34,590.14,1,0,834,1139,0,5,0,1,NORMAL,0
INV-SYN-14902,TXN-SYN-14902,SUPP-NEXUS-02,BUYER-GLOBAL-05,FedEx International,1,63167.67,63061.37,-0.0017,0.7419,649.08,490.25,0,0,735,1123,0,8,1,0,NORMAL,0
INV-SYN-14903,TXN-SYN-14903,SUPP-TITAN-03,BUYER-APEX-06,Kuehne+Nagel Logistics,1,253871.22,255391.9,0.006,0.9121,634.84,485.32,1,0,835,1140,0,13,0,0,NORMAL,0
INV-SYN-14904,TXN-SYN-14904,SUPP-TITAN-03,BUYER-OMEGA-01,Kuehne+Nagel Logistics,1,325116.29,321835.87,-0.0101,1.1494,877.62,778.54,1,0,836,1160,0,4,1,1,NORMAL,0
INV-SYN-14905,TXN-SYN-14905,SUPP-PACIFIC-08,BUYER-VORTEX-02,DHL Global Express,1,92404.61,90644.53,-0.019,1.2086,828.97,781.16,0,0,748,1161,0,0,0,1,NORMAL,0
INV-SYN-14906,TXN-SYN-14906,SUPP-PACIFIC-08,BUYER-VORTEX-02,Maersk Ocean Freight,1,65690.03,65329.39,-0.0055,0.8711,515.11,386.0,0,0,749,1162,0,21,1,0,NORMAL,0
INV-SYN-14907,TXN-SYN-14907,SUPP-GLOBAL-01,BUYER-VORTEX-02,DHL Global Express,1,85395.23,85055.39,-0.004,0.7088,698.06,632.51,0,0,779,1163,0,21,0,0,NORMAL,0
INV-SYN-14908,TXN-SYN-14908,SUPP-NEXUS-02,BUYER-STEEL-03,None,0,500000.0,500000.0,0.0,5.8824,41.92,20.93,0,1,736,144,1,0,0,1,OFF_HOURS_ROUND_SUM,1
INV-SYN-14909,TXN-SYN-14909,SUPP-GLOBAL-01,BUYER-VORTEX-02,DB Schenker,1,95293.95,95779.61,0.0051,0.7982,777.74,626.67,0,0,780,1164,0,3,0,1,NORMAL,0
INV-SYN-14910,TXN-SYN-14910,SUPP-TITAN-03,BUYER-VORTEX-02,FedEx International,1,243722.32,241433.36,-0.0094,0.8623,734.9,578.02,1,0,837,1165,0,19,0,0,NORMAL,0
INV-SYN-14911,TXN-SYN-14911,SUPP-IND-05,BUYER-OMEGA-01,Maersk Ocean Freight,1,213011.04,210323.29,-0.0126,1.3145,750.1,587.88,1,0,848,1161,0,16,0,0,NORMAL,0
INV-SYN-14912,TXN-SYN-14912,SUPP-GLOBAL-01,BUYER-OMEGA-01,Kuehne+Nagel Logistics,1,144813.46,145283.67,0.0032,1.2107,785.54,747.62,0,0,781,1162,0,21,1,0,NORMAL,0
INV-SYN-14913,TXN-SYN-14913,SUPP-NEXUS-02,BUYER-APEX-06,FedEx International,1,88356.95,87357.73,-0.0113,1.0277,528.15,486.24,0,0,737,1141,0,1,1,1,NORMAL,0
INV-SYN-14914,TXN-SYN-14914,SUPP-PACIFIC-08,BUYER-VORTEX-02,DB Schenker,1,51151.52,50605.64,-0.0107,0.6747,807.96,623.46,0,0,750,1166,0,6,0,0,NORMAL,0
INV-SYN-14915,TXN-SYN-14915,SUPP-NEXUS-02,BUYER-VORTEX-02,DB Schenker,1,89492.18,90277.56,0.0088,1.0621,888.22,835.88,0,0,738,1167,0,5,0,1,NORMAL,0
INV-SYN-14916,TXN-SYN-14916,SUPP-NEXUS-02,BUYER-APEX-06,FedEx International,1,107581.47,105750.32,-0.017,1.2441,601.97,442.41,0,0,739,1142,0,17,0,0,NORMAL,0
INV-SYN-14917,TXN-SYN-14917,SUPP-PREC-04,BUYER-VORTEX-02,Maersk Ocean Freight,1,86078.7,85724.14,-0.0041,0.9024,801.04,759.87,0,0,777,1168,0,20,0,0,NORMAL,0
INV-SYN-14918,TXN-SYN-14918,SUPP-IND-05,BUYER-APEX-06,DB Schenker,1,214044.56,209877.08,-0.0195,1.3117,827.77,770.56,1,0,849,1143,0,8,0,0,NORMAL,0
INV-SYN-14919,TXN-SYN-14919,SUPP-GLOBAL-01,BUYER-OMEGA-01,FedEx International,1,158782.36,158520.94,-0.0016,1.321,896.6,760.36,0,0,782,1163,0,10,0,0,NORMAL,0
INV-SYN-14920,TXN-SYN-14920,SUPP-PREC-04,BUYER-APEX-06,FedEx International,1,134513.65,133333.3,-0.0088,1.4035,680.23,491.25,0,0,778,1144,0,14,0,0,NORMAL,0
INV-SYN-14921,TXN-SYN-14921,SUPP-GLOBAL-01,BUYER-APEX-06,DHL Global Express,1,129157.29,129710.82,0.0043,1.0809,596.07,414.55,0,0,783,1145,0,0,1,1,NORMAL,0
INV-SYN-14922,TXN-SYN-14922,SUPP-PREC-04,BUYER-VORTEX-02,Kuehne+Nagel Logistics,1,108950.55,107412.05,-0.0141,1.1307,407.63,289.65,0,0,779,1169,0,16,0,0,NORMAL,0
INV-SYN-14923,TXN-SYN-14923,SUPP-TITAN-03,BUYER-VORTEX-02,FedEx International,1,378993.11,373630.48,-0.0141,1.3344,293.26,255.7,1,0,838,1170,0,23,0,1,NORMAL,0
INV-SYN-14924,TXN-SYN-14924,SUPP-GLOBAL-01,BUYER-GLOBAL-05,Kuehne+Nagel Logistics,1,133421.82,133711.07,0.0022,1.1143,814.67,717.65,0,0,784,1124,0,20,0,0,NORMAL,0
INV-SYN-14925,TXN-SYN-14925,SUPP-PREC-04,BUYER-OMEGA-01,Kuehne+Nagel Logistics,1,83095.69,83889.12,0.0095,0.883,593.23,411.25,0,0,780,1164,0,14,0,0,NORMAL,0
INV-SYN-14926,TXN-SYN-14926,SUPP-TITAN-03,BUYER-APEX-06,DB Schenker,1,248602.0,248971.92,0.0015,0.8892,510.6,343.07,1,0,839,1146,0,9,0,0,NORMAL,0
INV-SYN-14927,TXN-SYN-14927,SUPP-NEXUS-02,BUYER-VORTEX-02,FedEx International,1,90069.29,89707.98,-0.004,1.0554,506.41,331.61,0,0,740,1171,0,19,1,0,NORMAL,0
INV-SYN-14928,TXN-SYN-14928,SUPP-NEXUS-02,BUYER-VORTEX-02,Maersk Ocean Freight,1,57575.57,57207.4,-0.0064,0.673,535.48,393.55,0,0,741,1172,0,15,1,0,NORMAL,0
INV-SYN-14929,TXN-SYN-14929,SUPP-GLOBAL-01,BUYER-GLOBAL-05,Maersk Ocean Freight,1,115702.23,116350.71,0.0056,0.9696,608.4,533.58,0,0,785,1125,0,17,0,0,NORMAL,0
INV-SYN-14930,TXN-SYN-14930,SUPP-TITAN-03,BUYER-GLOBAL-05,Maersk Ocean Freight,1,356758.3,350536.27,-0.0174,1.2519,576.38,456.6,1,0,840,1126,0,2,1,1,NORMAL,0
INV-SYN-14931,TXN-SYN-14931,SUPP-TITAN-03,BUYER-APEX-06,DB Schenker,1,126612.23,124298.13,-0.0183,0.4439,507.2,344.22,1,0,841,1147,0,8,0,0,NORMAL,0
INV-SYN-14932,TXN-SYN-14932,SUPP-TITAN-03,BUYER-APEX-06,DB Schenker,1,387413.75,384443.34,-0.0077,1.373,514.7,385.31,1,0,842,1148,0,18,0,0,NORMAL,0
INV-SYN-14933,TXN-SYN-14933,SUPP-TITAN-03,BUYER-GLOBAL-05,Maersk Ocean Freight,1,358566.2,358382.26,-0.0005,1.2799,876.09,738.95,1,0,843,1127,0,23,1,1,NORMAL,0
INV-SYN-14934,TXN-SYN-14934,SUPP-TITAN-03,BUYER-VORTEX-02,Kuehne+Nagel Logistics,1,247816.48,245543.04,-0.0092,0.8769,726.73,688.61,1,0,844,1173,0,0,0,1,NORMAL,0
INV-SYN-14935,TXN-SYN-14935,SUPP-GLOBAL-01,BUYER-OMEGA-01,DHL Global Express,1,136301.72,134048.26,-0.0165,1.1171,777.26,618.09,0,0,786,1165,0,20,0,0,NORMAL,0
INV-SYN-14936,TXN-SYN-14936,SUPP-GLOBAL-01,BUYER-VORTEX-02,DHL Global Express,1,120094.43,121264.31,0.0097,1.0105,555.88,409.65,0,0,787,1174,0,1,1,1,NORMAL,0
INV-SYN-14937,TXN-SYN-14937,SUPP-NEXUS-02,BUYER-VORTEX-02,DB Schenker,1,111137.3,111439.69,0.0027,1.3111,633.35,492.31,0,0,742,1175,0,2,0,1,NORMAL,0
INV-SYN-14938,TXN-SYN-14938,SUPP-GLOBAL-01,BUYER-OMEGA-01,DB Schenker,1,149480.49,147891.73,-0.0106,1.2324,687.14,646.31,0,0,788,1166,0,7,0,0,NORMAL,0
INV-SYN-14939,TXN-SYN-14939,SUPP-NEXUS-02,BUYER-GLOBAL-05,FedEx International,1,55248.5,55551.05,0.0055,0.6535,829.5,725.67,0,0,743,1128,0,2,0,1,NORMAL,0
INV-SYN-14940,TXN-SYN-14940,SUPP-PREC-04,BUYER-OMEGA-01,Maersk Ocean Freight,1,108947.48,107445.31,-0.0138,1.131,508.66,318.27,0,0,781,1167,0,6,0,0,NORMAL,0
INV-SYN-14941,TXN-SYN-14941,SUPP-PREC-04,BUYER-APEX-06,DHL Global Express,1,90116.34,88926.94,-0.0132,0.9361,469.95,415.7,0,0,782,1149,0,8,1,0,NORMAL,0
INV-SYN-14942,TXN-SYN-14942,SUPP-IND-05,BUYER-VORTEX-02,Kuehne+Nagel Logistics,1,163313.3,160085.26,-0.0198,1.0005,422.8,312.65,1,0,850,1176,0,17,0,0,NORMAL,0
INV-SYN-14943,TXN-SYN-14943,SUPP-IND-05,BUYER-GLOBAL-05,Maersk Ocean Freight,1,130873.12,131872.63,0.0076,0.8242,772.45,697.45,1,0,851,1129,0,9,0,0,NORMAL,0
INV-SYN-14944,TXN-SYN-14944,SUPP-IND-05,BUYER-GLOBAL-05,DHL Global Express,1,229925.48,225834.67,-0.0178,1.4115,419.18,243.41,1,0,852,1130,0,8,0,0,NORMAL,0
INV-SYN-14945,TXN-SYN-14945,SUPP-TITAN-03,BUYER-APEX-06,Maersk Ocean Freight,1,352804.33,354193.58,0.0039,1.265,406.69,334.38,1,0,845,1150,0,19,0,0,NORMAL,0
INV-SYN-14946,TXN-SYN-14946,SUPP-PREC-04,BUYER-VORTEX-02,Kuehne+Nagel Logistics,1,77430.43,76739.16,-0.0089,0.8078,492.79,383.18,0,0,783,1177,0,20,0,0,NORMAL,0
INV-SYN-14947,TXN-SYN-14947,SUPP-NEXUS-02,BUYER-GLOBAL-05,FedEx International,1,56639.52,56614.87,-0.0004,0.6661,764.16,723.77,0,0,744,1131,0,6,0,0,NORMAL,0
INV-SYN-14948,TXN-SYN-14948,SUPP-IND-05,BUYER-APEX-06,Maersk Ocean Freight,1,144573.09,142105.87,-0.0171,0.8882,783.4,685.49,1,0,853,1151,0,14,1,0,NORMAL,0
INV-SYN-14949,TXN-SYN-14949,SUPP-GLOBAL-01,BUYER-VORTEX-02,Kuehne+Nagel Logistics,1,133035.08,131043.32,-0.015,1.092,570.33,504.18,0,0,789,1178,0,7,0,0,NORMAL,0
INV-SYN-14950,TXN-SYN-14950,SUPP-TITAN-03,BUYER-OMEGA-01,DHL Global Express,1,296814.41,296042.48,-0.0026,1.0573,632.31,539.03,1,0,846,1168,0,9,0,0,NORMAL,0
INV-SYN-14951,TXN-SYN-14951,SUPP-NEXUS-02,BUYER-VORTEX-02,DB Schenker,1,111629.07,111057.5,-0.0051,1.3066,890.66,748.22,0,0,745,1179,0,20,0,0,NORMAL,0
INV-SYN-14952,TXN-SYN-14952,SUPP-PREC-04,BUYER-GLOBAL-05,Kuehne+Nagel Logistics,1,113760.59,114847.1,0.0096,1.2089,891.61,806.33,0,0,784,1132,0,14,0,0,NORMAL,0
INV-SYN-14953,TXN-SYN-14953,SUPP-IND-05,BUYER-OMEGA-01,DHL Global Express,1,198782.76,199152.67,0.0019,1.2447,696.86,526.41,1,0,854,1169,0,22,0,0,NORMAL,0
INV-SYN-14954,TXN-SYN-14954,SUPP-GLOBAL-01,BUYER-GLOBAL-05,FedEx International,1,129805.66,127650.86,-0.0166,1.0638,720.4,673.99,0,0,790,1133,0,20,0,0,NORMAL,0
INV-SYN-14955,TXN-SYN-14955,SUPP-GLOBAL-01,BUYER-VORTEX-02,Maersk Ocean Freight,1,78321.04,78648.34,0.0042,0.6554,856.74,772.1,0,0,791,1180,0,2,0,1,NORMAL,0
INV-SYN-14956,TXN-SYN-14956,SUPP-PREC-04,BUYER-APEX-06,Kuehne+Nagel Logistics,1,90352.16,91026.12,0.0075,0.9582,466.51,284.61,0,0,785,1152,0,20,1,0,NORMAL,0
INV-SYN-14957,TXN-SYN-14957,SUPP-PACIFIC-08,BUYER-APEX-06,DB Schenker,1,94876.68,95497.49,0.0065,1.2733,851.95,774.81,0,0,751,1153,0,12,0,0,NORMAL,0
INV-SYN-14958,TXN-SYN-14958,SUPP-GLOBAL-01,BUYER-APEX-06,Maersk Ocean Freight,1,118454.31,117226.57,-0.0104,0.9769,809.93,632.79,0,0,792,1154,0,7,0,0,NORMAL,0
INV-SYN-14959,TXN-SYN-14959,SUPP-IND-05,BUYER-GLOBAL-05,DHL Global Express,1,180123.61,180921.87,0.0044,1.1308,841.63,775.67,1,0,855,1134,0,5,0,1,NORMAL,0
INV-SYN-14960,TXN-SYN-14960,SUPP-PACIFIC-08,BUYER-OMEGA-01,Kuehne+Nagel Logistics,1,69023.47,68478.15,-0.0079,0.913,434.75,257.36,0,0,752,1170,0,8,1,0,NORMAL,0
INV-SYN-14961,TXN-SYN-14961,SUPP-GLOBAL-01,BUYER-VORTEX-02,FedEx International,1,89105.64,87421.82,-0.0189,0.7285,563.31,511.16,0,0,793,1181,0,22,1,0,NORMAL,0
INV-SYN-14962,TXN-SYN-14962,SUPP-IND-05,BUYER-VORTEX-02,DHL Global Express,1,155066.24,155056.94,-0.0001,0.9691,630.53,513.05,1,0,856,1182,0,10,0,0,NORMAL,0
INV-SYN-14963,TXN-SYN-14963,SUPP-GLOBAL-01,BUYER-VORTEX-02,Kuehne+Nagel Logistics,1,129271.42,128509.22,-0.0059,1.0709,491.1,395.72,0,0,794,1183,0,19,0,0,NORMAL,0
INV-SYN-14964,TXN-SYN-14964,SUPP-GLOBAL-01,BUYER-OMEGA-01,Maersk Ocean Freight,1,100329.37,100326.47,-0.0,0.8361,583.39,414.46,0,0,795,1171,0,7,1,0,NORMAL,0
INV-SYN-14965,TXN-SYN-14965,SUPP-NEXUS-02,BUYER-APEX-06,DB Schenker,1,79991.14,80094.19,0.0013,0.9423,904.15,731.94,0,0,746,1155,0,7,0,0,NORMAL,0
INV-SYN-14966,TXN-SYN-14966,SUPP-NEXUS-02,BUYER-GLOBAL-05,Maersk Ocean Freight,1,65036.41,64557.38,-0.0074,0.7595,777.09,697.38,0,0,747,1135,0,6,1,0,NORMAL,0
INV-SYN-14967,TXN-SYN-14967,SUPP-NEXUS-02,BUYER-GLOBAL-05,DHL Global Express,1,108783.95,108916.77,0.0012,1.2814,559.5,392.09,0,0,748,1136,0,6,1,0,NORMAL,0
INV-SYN-14968,TXN-SYN-14968,SUPP-PREC-04,BUYER-GLOBAL-05,FedEx International,1,88006.68,87986.12,-0.0002,0.9262,587.9,404.85,0,0,786,1137,0,18,0,0,NORMAL,0
INV-SYN-14969,TXN-SYN-14969,SUPP-IND-05,BUYER-VORTEX-02,Kuehne+Nagel Logistics,1,218110.22,219979.41,0.0086,1.3749,822.48,776.73,1,0,857,1184,0,3,0,1,NORMAL,0
INV-SYN-14970,TXN-SYN-14970,SUPP-TITAN-03,BUYER-OMEGA-01,Unregistered Logistics,1,450000.0,450000.0,0.0,1.6071,9.67,-20.99,1,0,847,1172,1,0,0,1,OFF_HOURS_ROUND_SUM,1
INV-SYN-14971,TXN-SYN-14971,SUPP-PACIFIC-08,BUYER-GLOBAL-05,Kuehne+Nagel Logistics,1,73480.39,72535.58,-0.0129,0.9671,653.96,474.55,0,0,753,1138,0,19,0,0,NORMAL,0
INV-SYN-14972,TXN-SYN-14972,SUPP-PHANTOM-07,BUYER-QUICK-04,None,0,393421.23,393421.23,0.0,0.8743,2.45,-1.0,8,5,88,180,0,19,0,0,RAPID_GHOST_SETTLEMENT,1
INV-SYN-14973,TXN-SYN-14973,SUPP-TITAN-03,BUYER-GLOBAL-05,Maersk Ocean Freight,1,133987.15,131443.0,-0.019,0.4694,388.52,302.04,1,0,848,1139,0,16,0,0,NORMAL,0
INV-SYN-14974,TXN-SYN-14974,SUPP-PACIFIC-08,BUYER-VORTEX-02,FedEx International,1,47399.3,47872.45,0.01,0.6383,763.03,625.12,0,0,754,1185,0,1,0,1,NORMAL,0
INV-SYN-14975,TXN-SYN-14975,SUPP-TITAN-03,BUYER-APEX-06,DHL Global Express,1,183831.56,184510.39,0.0037,0.659,942.59,807.89,1,0,849,1156,0,17,0,0,NORMAL,0
INV-SYN-14976,TXN-SYN-14976,SUPP-TITAN-03,BUYER-QUICK-04,None,0,450000.0,450000.0,0.0,1.6071,82.29,66.28,1,5,850,181,1,3,0,1,OFF_HOURS_ROUND_SUM,1
INV-SYN-14977,TXN-SYN-14977,SUPP-SUSP-06,BUYER-QUICK-04,Kuehne+Nagel Logistics,1,688020.39,791223.45,0.15,2.0288,116.93,69.85,6,5,100,182,0,2,0,1,SERIAL_COUNTERPARTY_SPIKE,1
INV-SYN-14978,TXN-SYN-14978,SUPP-NEXUS-02,BUYER-GLOBAL-05,Kuehne+Nagel Logistics,1,93279.1,93735.55,0.0049,1.1028,558.79,389.17,0,0,749,1140,0,21,0,0,NORMAL,0
INV-SYN-14979,TXN-SYN-14979,SUPP-IND-05,BUYER-APEX-06,Maersk Ocean Freight,1,71183.16,71179.29,-0.0001,0.4449,448.05,333.74,1,0,858,1157,0,14,0,0,NORMAL,0
INV-SYN-14980,TXN-SYN-14980,SUPP-TITAN-03,BUYER-VORTEX-02,Maersk Ocean Freight,1,196142.35,196977.82,0.0043,0.7035,414.84,269.27,1,0,851,1186,0,22,0,0,NORMAL,0
INV-SYN-14981,TXN-SYN-14981,SUPP-GLOBAL-01,BUYER-VORTEX-02,DB Schenker,1,146612.39,144043.48,-0.0175,1.2004,589.12,436.48,0,0,796,1187,0,17,0,0,NORMAL,0
INV-SYN-14982,TXN-SYN-14982,SUPP-PREC-04,BUYER-APEX-06,FedEx International,1,101810.89,99829.19,-0.0195,1.0508,711.54,578.8,0,0,787,1158,0,1,0,1,NORMAL,0
INV-SYN-14983,TXN-SYN-14983,SUPP-TITAN-03,BUYER-GLOBAL-05,FedEx International,1,269695.63,267134.34,-0.0095,0.9541,721.1,541.31,1,0,852,1141,0,22,0,0,NORMAL,0
INV-SYN-14984,TXN-SYN-14984,SUPP-IND-05,BUYER-GLOBAL-05,DHL Global Express,1,182593.69,179781.67,-0.0154,1.1236,576.16,478.04,1,0,859,1142,0,16,0,0,NORMAL,0
INV-SYN-14985,TXN-SYN-14985,SUPP-NEXUS-02,BUYER-VORTEX-02,DHL Global Express,1,119760.7,118896.1,-0.0072,1.3988,733.23,598.1,0,0,750,1188,0,9,1,0,NORMAL,0
INV-SYN-14986,TXN-SYN-14986,SUPP-TITAN-03,BUYER-OMEGA-01,Kuehne+Nagel Logistics,1,264527.03,264958.68,0.0016,0.9463,526.37,346.5,1,0,853,1173,0,0,0,1,NORMAL,0
INV-SYN-14987,TXN-SYN-14987,SUPP-PREC-04,BUYER-OMEGA-01,DHL Global Express,1,96647.53,96259.22,-0.004,1.0133,627.02,476.25,0,0,788,1174,0,3,0,1,NORMAL,0
INV-SYN-14988,TXN-SYN-14988,SUPP-NEXUS-02,BUYER-OMEGA-01,DHL Global Express,1,89092.68,87711.99,-0.0155,1.0319,656.38,516.21,0,0,751,1175,0,5,0,1,NORMAL,0
INV-SYN-14989,TXN-SYN-14989,SUPP-IND-05,BUYER-GLOBAL-05,FedEx International,1,255684.39,257306.94,0.0063,1.6082,424.97,365.8,1,0,860,1143,0,11,0,0,NORMAL,0
INV-SYN-14990,TXN-SYN-14990,SUPP-GLOBAL-01,BUYER-VORTEX-02,DHL Global Express,1,57019.31,56710.34,-0.0054,0.4726,792.11,734.74,0,0,797,1189,0,4,0,1,NORMAL,0
INV-SYN-14991,TXN-SYN-14991,SUPP-PACIFIC-08,BUYER-VORTEX-02,Kuehne+Nagel Logistics,1,87810.43,86960.51,-0.0097,1.1595,468.01,313.97,0,0,755,1190,0,3,0,1,NORMAL,0
INV-SYN-14992,TXN-SYN-14992,SUPP-NEXUS-02,BUYER-APEX-06,FedEx International,1,82560.45,83281.96,0.0087,0.9798,484.31,407.56,0,0,752,1159,0,3,0,1,NORMAL,0
INV-SYN-14993,TXN-SYN-14993,SUPP-NEXUS-02,BUYER-APEX-06,Maersk Ocean Freight,1,97043.9,96542.85,-0.0052,1.1358,688.79,630.33,0,0,753,1160,0,11,1,0,NORMAL,0
INV-SYN-14994,TXN-SYN-14994,SUPP-NEXUS-02,BUYER-APEX-06,Maersk Ocean Freight,1,71030.83,69993.56,-0.0146,0.8235,831.82,673.46,0,0,754,1161,0,23,1,1,NORMAL,0
INV-SYN-14995,TXN-SYN-14995,SUPP-GLOBAL-01,BUYER-GLOBAL-05,Kuehne+Nagel Logistics,1,118531.05,117722.5,-0.0068,0.981,469.74,396.54,0,0,798,1144,0,21,0,0,NORMAL,0
INV-SYN-14996,TXN-SYN-14996,SUPP-TITAN-03,BUYER-APEX-06,Maersk Ocean Freight,1,329798.74,330216.69,0.0013,1.1793,351.1,270.25,1,0,854,1162,0,8,0,0,NORMAL,0
INV-SYN-14997,TXN-SYN-14997,SUPP-PACIFIC-08,BUYER-GLOBAL-05,Maersk Ocean Freight,1,133367.07,131243.63,-0.0159,1.7499,561.38,375.74,0,0,756,1145,0,18,0,0,NORMAL,0
INV-SYN-14998,TXN-SYN-14998,SUPP-PACIFIC-08,BUYER-OMEGA-01,DB Schenker,1,90150.68,89901.89,-0.0028,1.1987,627.01,535.02,0,0,757,1176,0,18,0,0,NORMAL,0
INV-SYN-14999,TXN-SYN-14999,SUPP-IND-05,BUYER-VORTEX-02,FedEx International,1,126077.38,126095.31,0.0001,0.7881,580.61,516.2,1,0,861,1191,0,0,0,1,NORMAL,0
INV-SYN-15000,TXN-SYN-15000,SUPP-TITAN-03,BUYER-APEX-06,Kuehne+Nagel Logistics,1,250336.82,249239.63,-0.0044,0.8901,950.32,816.54,1,0,855,1163,0,8,0,0,NORMAL,0
INV-SYN-15001,TXN-SYN-15001,SUPP-GLOBAL-01,BUYER-VORTEX-02,DHL Global Express,1,106397.58,104541.16,-0.0174,0.8712,721.84,635.82,0,0,799,1192,0,5,0,1,NORMAL,0
INV-SYN-15002,TXN-SYN-15002,SUPP-IND-05,BUYER-OMEGA-01,Maersk Ocean Freight,1,152516.92,175394.46,0.15,1.0962,185.63,70.86,1,0,862,1177,0,19,0,0,SERIAL_COUNTERPARTY_SPIKE,1
INV-SYN-15003,TXN-SYN-15003,SUPP-NEXUS-02,BUYER-GLOBAL-05,Maersk Ocean Freight,1,77985.58,77775.27,-0.0027,0.915,851.81,666.88,0,0,755,1146,0,12,0,0,NORMAL,0
INV-SYN-15004,TXN-SYN-15004,SUPP-GLOBAL-01,BUYER-VORTEX-02,FedEx International,1,141984.87,142649.82,0.0047,1.1887,809.33,753.66,0,0,800,1193,0,1,0,1,NORMAL,0
INV-SYN-15005,TXN-SYN-15005,SUPP-GLOBAL-01,BUYER-APEX-06,Kuehne+Nagel Logistics,1,81773.04,81422.37,-0.0043,0.6785,361.73,275.54,0,0,801,1164,0,11,0,0,NORMAL,0
INV-SYN-15006,TXN-SYN-15006,SUPP-PACIFIC-08,BUYER-GLOBAL-05,Kuehne+Nagel Logistics,1,94659.05,95125.62,0.0049,1.2683,299.52,247.16,0,0,758,1147,0,16,0,0,NORMAL,0
INV-SYN-15007,TXN-SYN-15007,SUPP-IND-05,BUYER-GLOBAL-05,Kuehne+Nagel Logistics,1,179510.99,178288.2,-0.0068,1.1143,727.77,610.78,1,0,863,1148,0,1,0,1,NORMAL,0
INV-SYN-15008,TXN-SYN-15008,SUPP-GLOBAL-01,BUYER-VORTEX-02,DB Schenker,1,97973.0,96341.57,-0.0167,0.8028,514.74,351.48,0,0,802,1194,0,16,0,0,NORMAL,0
INV-SYN-15009,TXN-SYN-15009,SUPP-PREC-04,BUYER-OMEGA-01,FedEx International,1,91638.67,91502.87,-0.0015,0.9632,670.14,507.82,0,0,789,1178,0,19,0,0,NORMAL,0
INV-SYN-15010,TXN-SYN-15010,SUPP-TITAN-03,BUYER-OMEGA-01,DB Schenker,1,391882.53,384920.89,-0.0178,1.3747,527.02,420.96,1,0,856,1179,0,13,0,0,NORMAL,0
INV-SYN-15011,TXN-SYN-15011,SUPP-PACIFIC-08,BUYER-VORTEX-02,Kuehne+Nagel Logistics,1,88754.02,87504.39,-0.0141,1.1667,908.26,772.74,0,0,759,1195,0,22,0,0,NORMAL,0
INV-SYN-15012,TXN-SYN-15012,SUPP-NEXUS-02,BUYER-OMEGA-01,Maersk Ocean Freight,1,85186.65,85509.43,0.0038,1.006,690.4,584.92,0,0,756,1180,0,18,1,0,NORMAL,0
INV-SYN-15013,TXN-SYN-15013,SUPP-PREC-04,BUYER-VORTEX-02,Kuehne+Nagel Logistics,1,89355.02,88549.7,-0.009,0.9321,837.93,753.79,0,0,790,1196,0,14,1,0,NORMAL,0
INV-SYN-15014,TXN-SYN-15014,SUPP-GLOBAL-01,BUYER-OMEGA-01,DB Schenker,1,122298.27,120705.84,-0.013,1.0059,642.82,551.27,0,0,803,1181,0,9,1,0,NORMAL,0
INV-SYN-15015,TXN-SYN-15015,SUPP-NEXUS-02,BUYER-GLOBAL-05,DB Schenker,1,74125.02,72867.38,-0.017,0.8573,311.85,256.46,0,0,757,1149,0,6,1,0,NORMAL,0
INV-SYN-15016,TXN-SYN-15016,SUPP-IND-05,BUYER-STEEL-03,Unregistered Logistics,1,100000.0,100000.0,0.0,0.625,55.3,10.52,1,1,864,145,1,1,0,1,OFF_HOURS_ROUND_SUM,1
INV-SYN-15017,TXN-SYN-15017,SUPP-IND-05,BUYER-VORTEX-02,FedEx International,1,241687.12,240590.67,-0.0045,1.5037,669.56,518.7,1,0,865,1197,0,10,0,0,NORMAL,0
INV-SYN-15018,TXN-SYN-15018,SUPP-TITAN-03,BUYER-APEX-06,FedEx International,1,290872.75,285930.66,-0.017,1.0212,543.76,369.82,1,0,857,1165,0,20,1,0,NORMAL,0
INV-SYN-15019,TXN-SYN-15019,SUPP-GLOBAL-01,BUYER-APEX-06,Kuehne+Nagel Logistics,1,131944.42,130814.95,-0.0086,1.0901,377.42,276.51,0,0,804,1166,0,20,0,0,NORMAL,0
INV-SYN-15020,TXN-SYN-15020,SUPP-PACIFIC-08,BUYER-APEX-06,DB Schenker,1,73914.23,74443.65,0.0072,0.9926,763.4,713.26,0,0,760,1167,0,6,0,0,NORMAL,0
INV-SYN-15021,TXN-SYN-15021,SUPP-PHANTOM-07,BUYER-OMEGA-01,Unregistered Logistics,1,300000.0,300000.0,0.0,0.6667,36.88,3.46,8,0,89,1182,1,1,1,1,OFF_HOURS_ROUND_SUM,1
INV-SYN-15022,TXN-SYN-15022,SUPP-IND-05,BUYER-STEEL-03,Kuehne+Nagel Logistics,1,295352.59,339655.48,0.15,2.1228,231.25,206.44,1,1,866,146,0,8,0,0,SERIAL_COUNTERPARTY_SPIKE,1
INV-SYN-15023,TXN-SYN-15023,SUPP-PREC-04,BUYER-VORTEX-02,FedEx International,1,57014.37,56040.89,-0.0171,0.5899,887.47,767.47,0,0,791,1198,0,3,1,1,NORMAL,0
INV-SYN-15024,TXN-SYN-15024,SUPP-GLOBAL-01,BUYER-GLOBAL-05,Kuehne+Nagel Logistics,1,188312.59,186642.65,-0.0089,1.5554,382.54,326.33,0,0,805,1150,0,3,0,1,NORMAL,0
INV-SYN-15025,TXN-SYN-15025,SUPP-GLOBAL-01,BUYER-APEX-06,Maersk Ocean Freight,1,82964.64,81978.11,-0.0119,0.6832,504.1,316.19,0,0,806,1168,0,21,0,0,NORMAL,0
INV-SYN-15026,TXN-SYN-15026,SUPP-PREC-04,BUYER-GLOBAL-05,Maersk Ocean Freight,1,70490.8,69596.63,-0.0127,0.7326,368.56,276.37,0,0,792,1151,0,19,0,0,NORMAL,0
INV-SYN-15027,TXN-SYN-15027,SUPP-SUSP-06,BUYER-GLOBAL-05,Kuehne+Nagel Logistics,1,347074.73,602376.63,0.7356,1.5446,544.09,410.54,6,0,101,1152,0,17,0,0,AMOUNT_INFLATION,1
INV-SYN-15028,TXN-SYN-15028,SUPP-PREC-04,BUYER-OMEGA-01,DHL Global Express,1,125591.8,126148.59,0.0044,1.3279,802.75,612.84,0,0,793,1183,0,15,0,0,NORMAL,0
INV-SYN-15029,TXN-SYN-15029,SUPP-PREC-04,BUYER-OMEGA-01,Maersk Ocean Freight,1,95344.59,94335.2,-0.0106,0.993,434.85,246.7,0,0,794,1184,0,21,0,0,NORMAL,0
INV-SYN-15030,TXN-SYN-15030,SUPP-IND-05,BUYER-OMEGA-01,Kuehne+Nagel Logistics,1,110554.57,110842.66,0.0026,0.6928,722.95,563.76,1,0,867,1185,0,9,0,0,NORMAL,0
INV-SYN-15031,TXN-SYN-15031,SUPP-IND-05,BUYER-QUICK-04,None,0,462219.61,531552.55,0.15,3.3222,162.49,71.58,1,5,868,183,0,11,0,0,SERIAL_COUNTERPARTY_SPIKE,1
INV-SYN-15032,TXN-SYN-15032,SUPP-GLOBAL-01,BUYER-APEX-06,Maersk Ocean Freight,1,141930.02,143332.52,0.0099,1.1944,437.42,396.18,0,0,807,1169,0,20,0,0,NORMAL,0
INV-SYN-15033,TXN-SYN-15033,SUPP-PACIFIC-08,BUYER-GLOBAL-05,Maersk Ocean Freight,1,85095.66,85879.59,0.0092,1.1451,671.61,491.9,0,0,761,1153,0,13,0,0,NORMAL,0
INV-SYN-15034,TXN-SYN-15034,SUPP-IND-05,BUYER-STEEL-03,Maersk Ocean Freight,1,368240.75,423476.86,0.15,2.6467,172.25,90.52,1,1,869,147,0,16,0,0,SERIAL_COUNTERPARTY_SPIKE,1
INV-SYN-15035,TXN-SYN-15035,SUPP-NEXUS-02,BUYER-OMEGA-01,Maersk Ocean Freight,1,135880.19,133260.57,-0.0193,1.5678,829.41,758.46,0,0,758,1186,0,6,0,0,NORMAL,0
INV-SYN-15036,TXN-SYN-15036,SUPP-GLOBAL-01,BUYER-GLOBAL-05,DHL Global Express,1,185552.85,183785.17,-0.0095,1.5315,606.71,472.56,0,0,808,1154,0,2,0,1,NORMAL,0
INV-SYN-15037,TXN-SYN-15037,SUPP-PREC-04,BUYER-OMEGA-01,Maersk Ocean Freight,1,78690.51,79106.56,0.0053,0.8327,970.27,812.06,0,0,795,1187,0,1,0,1,NORMAL,0
INV-SYN-15038,TXN-SYN-15038,SUPP-TITAN-03,BUYER-GLOBAL-05,DHL Global Express,1,393671.95,385864.14,-0.0198,1.3781,817.32,773.68,1,0,858,1155,0,17,0,0,NORMAL,0
INV-SYN-15039,TXN-SYN-15039,SUPP-GLOBAL-01,BUYER-OMEGA-01,Maersk Ocean Freight,1,131495.05,130491.78,-0.0076,1.0874,782.45,613.96,0,0,809,1188,0,2,0,1,NORMAL,0
INV-SYN-15040,TXN-SYN-15040,SUPP-PREC-04,BUYER-VORTEX-02,Maersk Ocean Freight,1,106853.53,107818.75,0.009,1.1349,504.56,342.24,0,0,796,1199,0,0,0,1,NORMAL,0
INV-SYN-15041,TXN-SYN-15041,SUPP-PREC-04,BUYER-OMEGA-01,FedEx International,1,54808.57,55184.3,0.0069,0.5809,882.44,755.81,0,0,797,1189,0,9,0,0,NORMAL,0
INV-SYN-15042,TXN-SYN-15042,SUPP-PREC-04,BUYER-APEX-06,FedEx International,1,90953.34,90344.36,-0.0067,0.951,603.65,558.21,0,0,798,1170,0,3,0,1,NORMAL,0
INV-SYN-15043,TXN-SYN-15043,SUPP-PACIFIC-08,BUYER-APEX-06,DB Schenker,1,59759.56,59888.3,0.0022,0.7985,357.17,307.26,0,0,762,1171,0,12,1,0,NORMAL,0
INV-SYN-15044,TXN-SYN-15044,SUPP-PACIFIC-08,BUYER-OMEGA-01,Maersk Ocean Freight,1,90526.1,89758.59,-0.0085,1.1968,339.52,275.93,0,0,763,1190,0,11,0,0,NORMAL,0
INV-SYN-15045,TXN-SYN-15045,SUPP-PACIFIC-08,BUYER-OMEGA-01,FedEx International,1,95082.76,94122.14,-0.0101,1.255,344.82,305.31,0,0,764,1191,0,11,1,0,NORMAL,0
INV-SYN-15046,TXN-SYN-15046,SUPP-GLOBAL-01,BUYER-APEX-06,Kuehne+Nagel Logistics,1,57765.41,58221.2,0.0079,0.4852,441.05,394.03,0,0,810,1172,0,10,1,0,NORMAL,0
INV-SYN-15047,TXN-SYN-15047,SUPP-PACIFIC-08,BUYER-APEX-06,Kuehne+Nagel Logistics,1,74586.85,74171.46,-0.0056,0.989,928.27,766.86,0,0,765,1173,0,5,0,1,NORMAL,0
INV-SYN-15048,TXN-SYN-15048,SUPP-GLOBAL-01,BUYER-OMEGA-01,FedEx International,1,153655.85,154697.85,0.0068,1.2891,817.55,660.35,0,0,811,1192,0,10,0,0,NORMAL,0
INV-SYN-15049,TXN-SYN-15049,SUPP-PHANTOM-07,BUYER-STEEL-03,Unregistered Logistics,1,450000.0,450000.0,0.0,1.0,26.84,-3.52,8,1,90,148,1,0,0,1,OFF_HOURS_ROUND_SUM,1
INV-SYN-15050,TXN-SYN-15050,SUPP-SUSP-06,BUYER-STEEL-03,None,0,100000.0,100000.0,0.0,0.2564,75.46,56.79,6,1,102,149,1,4,0,1,OFF_HOURS_ROUND_SUM,1
INV-SYN-15051,TXN-SYN-15051,SUPP-NEXUS-02,BUYER-APEX-06,Maersk Ocean Freight,1,92462.27,91367.12,-0.0118,1.0749,852.81,700.45,0,0,759,1174,0,12,0,0,NORMAL,0
INV-SYN-15052,TXN-SYN-15052,SUPP-PACIFIC-08,BUYER-VORTEX-02,DB Schenker,1,81406.13,80895.45,-0.0063,1.0786,443.25,295.39,0,0,766,1200,0,14,0,0,NORMAL,0
INV-SYN-15053,TXN-SYN-15053,SUPP-IND-05,BUYER-GLOBAL-05,Maersk Ocean Freight,1,149147.4,353841.91,1.3724,2.2115,361.56,258.42,1,0,870,1156,0,7,0,0,AMOUNT_INFLATION,1
INV-SYN-15054,TXN-SYN-15054,SUPP-IND-05,BUYER-GLOBAL-05,DB Schenker,1,111336.77,109893.71,-0.013,0.6868,520.2,332.8,1,0,871,1157,0,9,0,0,NORMAL,0
INV-SYN-15055,TXN-SYN-15055,SUPP-PACIFIC-08,BUYER-GLOBAL-05,DB Schenker,1,53971.31,54256.82,0.0053,0.7234,365.46,250.97,0,0,767,1158,0,3,1,1,NORMAL,0
INV-SYN-15056,TXN-SYN-15056,SUPP-PREC-04,BUYER-VORTEX-02,Kuehne+Nagel Logistics,1,111847.12,111845.15,-0.0,1.1773,631.91,490.84,0,0,799,1201,0,0,0,1,NORMAL,0
INV-SYN-15057,TXN-SYN-15057,SUPP-TITAN-03,BUYER-APEX-06,FedEx International,1,281362.08,279556.56,-0.0064,0.9984,447.58,404.51,1,0,859,1175,0,14,0,0,NORMAL,0
INV-SYN-15058,TXN-SYN-15058,SUPP-NEXUS-02,BUYER-GLOBAL-05,DHL Global Express,1,82056.61,80660.7,-0.017,0.9489,614.0,494.07,0,0,760,1159,0,3,0,1,NORMAL,0
INV-SYN-15059,TXN-SYN-15059,SUPP-IND-05,BUYER-APEX-06,Kuehne+Nagel Logistics,1,143044.4,142051.17,-0.0069,0.8878,763.93,656.52,1,0,872,1176,0,17,0,0,NORMAL,0
INV-SYN-15060,TXN-SYN-15060,SUPP-TITAN-03,BUYER-OMEGA-01,None,0,446378.52,446378.52,0.0,1.5942,1.24,-1.0,1,0,860,1193,0,1,1,1,RAPID_GHOST_SETTLEMENT,1
INV-SYN-15061,TXN-SYN-15061,SUPP-TITAN-03,BUYER-VORTEX-02,DHL Global Express,1,353283.83,353190.08,-0.0003,1.2614,640.34,508.99,1,0,861,1202,0,23,0,1,NORMAL,0
INV-SYN-15062,TXN-SYN-15062,SUPP-IND-05,BUYER-APEX-06,Maersk Ocean Freight,1,146590.24,147382.55,0.0054,0.9211,611.1,492.28,1,0,873,1177,0,8,0,0,NORMAL,0
INV-SYN-15063,TXN-SYN-15063,SUPP-SUSP-06,BUYER-STEEL-03,FedEx International,1,522008.09,600309.3,0.15,1.5393,195.26,94.79,6,1,103,150,0,18,1,0,SERIAL_COUNTERPARTY_SPIKE,1
INV-SYN-15064,TXN-SYN-15064,SUPP-PACIFIC-08,BUYER-APEX-06,Kuehne+Nagel Logistics,1,88943.47,88929.88,-0.0002,1.1857,695.97,526.48,0,0,768,1178,0,4,1,1,NORMAL,0
INV-SYN-15065,TXN-SYN-15065,SUPP-PREC-04,BUYER-OMEGA-01,Kuehne+Nagel Logistics,1,90134.18,89292.61,-0.0093,0.9399,913.03,806.78,0,0,800,1194,0,2,1,1,NORMAL,0
INV-SYN-15066,TXN-SYN-15066,SUPP-GLOBAL-01,BUYER-VORTEX-02,DHL Global Express,1,120941.88,122136.87,0.0099,1.0178,608.96,455.99,0,0,812,1203,0,2,1,1,NORMAL,0
INV-SYN-15067,TXN-SYN-15067,SUPP-TITAN-03,BUYER-GLOBAL-05,DB Schenker,1,392530.48,385101.23,-0.0189,1.3754,820.78,655.18,1,0,862,1160,0,2,1,1,NORMAL,0
INV-SYN-15068,TXN-SYN-15068,SUPP-IND-05,BUYER-GLOBAL-05,FedEx International,1,159177.58,157540.13,-0.0103,0.9846,628.12,534.37,1,0,874,1161,0,23,0,1,NORMAL,0
INV-SYN-15069,TXN-SYN-15069,SUPP-TITAN-03,BUYER-GLOBAL-05,Kuehne+Nagel Logistics,1,300242.86,300836.41,0.002,1.0744,620.91,474.23,1,0,863,1162,0,22,0,0,NORMAL,0
INV-SYN-15070,TXN-SYN-15070,SUPP-PACIFIC-08,BUYER-APEX-06,FedEx International,1,52895.18,53151.31,0.0048,0.7087,385.55,241.93,0,0,769,1179,0,1,1,1,NORMAL,0
INV-SYN-15071,TXN-SYN-15071,SUPP-TITAN-03,BUYER-OMEGA-01,DHL Global Express,1,264623.14,266463.57,0.007,0.9517,836.01,651.5,1,0,864,1195,0,23,0,1,NORMAL,0
INV-SYN-15072,TXN-SYN-15072,SUPP-NEXUS-02,BUYER-APEX-06,FedEx International,1,97952.43,97374.95,-0.0059,1.1456,643.25,524.88,0,0,761,1180,0,13,1,0,NORMAL,0
INV-SYN-15073,TXN-SYN-15073,SUPP-IND-05,BUYER-GLOBAL-05,DB Schenker,1,97785.05,98413.02,0.0064,0.6151,702.33,588.64,1,0,875,1163,0,14,0,0,NORMAL,0
INV-SYN-15074,TXN-SYN-15074,SUPP-TITAN-03,BUYER-VORTEX-02,Kuehne+Nagel Logistics,1,294059.16,293869.03,-0.0006,1.0495,356.23,253.71,1,0,865,1204,0,6,0,0,NORMAL,0
INV-SYN-15075,TXN-SYN-15075,SUPP-PREC-04,BUYER-APEX-06,FedEx International,1,97393.79,97024.59,-0.0038,1.0213,865.64,706.72,0,0,801,1181,0,7,0,0,NORMAL,0
INV-SYN-15076,TXN-SYN-15076,SUPP-PREC-04,BUYER-GLOBAL-05,DB Schenker,1,95980.58,94557.61,-0.0148,0.9953,994.55,817.45,0,0,802,1164,0,10,0,0,NORMAL,0
INV-SYN-15077,TXN-SYN-15077,SUPP-TITAN-03,BUYER-VORTEX-02,DB Schenker,1,352601.12,346037.63,-0.0186,1.2358,924.47,738.63,1,0,866,1205,0,12,0,0,NORMAL,0
INV-SYN-15078,TXN-SYN-15078,SUPP-GLOBAL-01,BUYER-APEX-06,Kuehne+Nagel Logistics,1,130033.16,129297.95,-0.0057,1.0775,820.28,648.46,0,0,813,1182,0,3,0,1,NORMAL,0
INV-SYN-15079,TXN-SYN-15079,SUPP-TITAN-03,BUYER-VORTEX-02,DB Schenker,1,383465.03,377017.11,-0.0168,1.3465,1028.01,836.99,1,0,867,1206,0,9,1,0,NORMAL,0
INV-SYN-15080,TXN-SYN-15080,SUPP-IND-05,BUYER-OMEGA-01,Maersk Ocean Freight,1,120256.42,121260.0,0.0083,0.7579,355.84,253.02,1,0,876,1196,0,12,0,0,NORMAL,0
INV-SYN-15081,TXN-SYN-15081,SUPP-PACIFIC-08,BUYER-APEX-06,DHL Global Express,1,77548.59,76795.84,-0.0097,1.0239,362.91,299.47,0,0,770,1183,0,23,0,1,NORMAL,0
INV-SYN-15082,TXN-SYN-15082,SUPP-IND-05,BUYER-OMEGA-01,Kuehne+Nagel Logistics,1,163378.67,163115.87,-0.0016,1.0195,733.63,614.93,1,0,877,1197,0,4,0,1,NORMAL,0
INV-SYN-15083,TXN-SYN-15083,SUPP-NEXUS-02,BUYER-VORTEX-02,DHL Global Express,1,62278.34,62284.36,0.0001,0.7328,397.3,358.01,0,0,762,1207,0,18,1,0,NORMAL,0
INV-SYN-15084,TXN-SYN-15084,SUPP-PACIFIC-08,BUYER-GLOBAL-05,Kuehne+Nagel Logistics,1,92930.53,92687.56,-0.0026,1.2358,477.85,419.79,0,0,771,1165,0,15,1,0,NORMAL,0
INV-SYN-15085,TXN-SYN-15085,SUPP-PHANTOM-07,BUYER-STEEL-03,None,0,500000.0,500000.0,0.0,1.1111,59.8,27.92,8,1,91,151,1,2,0,1,OFF_HOURS_ROUND_SUM,1
INV-SYN-15086,TXN-SYN-15086,SUPP-PACIFIC-08,BUYER-GLOBAL-05,FedEx International,1,74681.14,74561.29,-0.0016,0.9942,637.82,583.42,0,0,772,1166,0,0,0,1,NORMAL,0
INV-SYN-15087,TXN-SYN-15087,SUPP-TITAN-03,BUYER-APEX-06,DHL Global Express,1,315351.48,309417.45,-0.0188,1.1051,612.07,565.44,1,0,868,1184,0,10,0,0,NORMAL,0
INV-SYN-15088,TXN-SYN-15088,SUPP-IND-05,BUYER-APEX-06,Maersk Ocean Freight,1,163380.74,164552.25,0.0072,1.0285,671.13,594.07,1,0,878,1185,0,18,1,0,NORMAL,0
INV-SYN-15089,TXN-SYN-15089,SUPP-GLOBAL-01,BUYER-OMEGA-01,FedEx International,1,98592.46,96701.93,-0.0192,0.8058,643.15,577.73,0,0,814,1198,0,0,0,1,NORMAL,0
INV-SYN-15090,TXN-SYN-15090,SUPP-PACIFIC-08,BUYER-OMEGA-01,Kuehne+Nagel Logistics,1,40860.74,40782.37,-0.0019,0.5438,744.01,647.99,0,0,773,1199,0,10,0,0,NORMAL,0
INV-SYN-15091,TXN-SYN-15091,SUPP-PACIFIC-08,BUYER-GLOBAL-05,FedEx International,1,61766.75,61594.96,-0.0028,0.8213,755.22,574.57,0,0,774,1167,0,1,1,1,NORMAL,0
INV-SYN-15092,TXN-SYN-15092,SUPP-NEXUS-02,BUYER-APEX-06,Maersk Ocean Freight,1,55420.88,55745.28,0.0059,0.6558,924.32,771.97,0,0,763,1186,0,18,0,0,NORMAL,0
INV-SYN-15093,TXN-SYN-15093,SUPP-IND-05,BUYER-GLOBAL-05,Maersk Ocean Freight,1,228164.08,226845.6,-0.0058,1.4178,727.46,616.68,1,0,879,1168,0,11,0,0,NORMAL,0
INV-SYN-15094,TXN-SYN-15094,SUPP-PACIFIC-08,BUYER-GLOBAL-05,FedEx International,1,72841.69,71917.27,-0.0127,0.9589,927.86,764.52,0,0,775,1169,0,23,1,1,NORMAL,0
INV-SYN-15095,TXN-SYN-15095,SUPP-PREC-04,BUYER-VORTEX-02,FedEx International,1,86784.42,85255.25,-0.0176,0.8974,835.23,728.41,0,0,803,1208,0,9,0,0,NORMAL,0
INV-SYN-15096,TXN-SYN-15096,SUPP-PREC-04,BUYER-VORTEX-02,FedEx International,1,116117.4,117100.18,0.0085,1.2326,422.25,334.76,0,0,804,1209,0,2,0,1,NORMAL,0
INV-SYN-15097,TXN-SYN-15097,SUPP-PREC-04,BUYER-VORTEX-02,DB Schenker,1,68358.41,68717.77,0.0053,0.7233,522.5,387.65,0,0,805,1210,0,4,1,1,NORMAL,0
INV-SYN-15098,TXN-SYN-15098,SUPP-PREC-04,BUYER-VORTEX-02,Kuehne+Nagel Logistics,1,76786.98,76537.46,-0.0032,0.8057,701.48,593.51,0,0,806,1211,0,15,1,0,NORMAL,0
INV-SYN-15099,TXN-SYN-15099,SUPP-NEXUS-02,BUYER-GLOBAL-05,DB Schenker,1,86446.54,84923.16,-0.0176,0.9991,883.26,820.51,0,0,764,1170,0,20,1,0,NORMAL,0
INV-SYN-15100,TXN-SYN-15100,SUPP-PREC-04,BUYER-VORTEX-02,DB Schenker,1,119433.26,118764.89,-0.0056,1.2502,583.8,470.13,0,0,807,1212,0,3,1,1,NORMAL,0
INV-SYN-15101,TXN-SYN-15101,SUPP-TITAN-03,BUYER-QUICK-04,None,0,478275.26,478275.26,0.0,1.7081,4.4,-1.0,1,5,869,184,0,9,0,0,RAPID_GHOST_SETTLEMENT,1
INV-SYN-15102,TXN-SYN-15102,SUPP-PREC-04,BUYER-GLOBAL-05,Maersk Ocean Freight,1,100897.72,101147.99,0.0025,1.0647,583.3,531.65,0,0,808,1171,0,6,1,0,NORMAL,0
INV-SYN-15103,TXN-SYN-15103,SUPP-TITAN-03,BUYER-QUICK-04,DHL Global Express,1,285468.24,616617.12,1.16,2.2022,372.8,324.04,1,5,870,185,0,18,0,0,AMOUNT_INFLATION,1
INV-SYN-15104,TXN-SYN-15104,SUPP-NEXUS-02,BUYER-GLOBAL-05,FedEx International,1,93505.01,93566.19,0.0007,1.1008,600.6,493.4,0,0,765,1172,0,0,0,1,NORMAL,0
INV-SYN-15105,TXN-SYN-15105,SUPP-PREC-04,BUYER-OMEGA-01,Maersk Ocean Freight,1,99789.26,98977.95,-0.0081,1.0419,418.84,257.98,0,0,809,1200,0,23,0,1,NORMAL,0
INV-SYN-15106,TXN-SYN-15106,SUPP-IND-05,BUYER-VORTEX-02,DHL Global Express,1,118801.11,119642.13,0.0071,0.7478,908.58,769.36,1,0,880,1213,0,0,0,1,NORMAL,0
INV-SYN-15107,TXN-SYN-15107,SUPP-PACIFIC-08,BUYER-GLOBAL-05,FedEx International,1,75863.99,75187.39,-0.0089,1.0025,917.73,812.64,0,0,776,1173,0,14,0,0,NORMAL,0
INV-SYN-15108,TXN-SYN-15108,SUPP-GLOBAL-01,BUYER-VORTEX-02,DHL Global Express,1,87789.34,87862.4,0.0008,0.7322,981.19,832.26,0,0,815,1214,0,21,1,0,NORMAL,0
INV-SYN-15109,TXN-SYN-15109,SUPP-PACIFIC-08,BUYER-APEX-06,Kuehne+Nagel Logistics,1,76520.3,75427.34,-0.0143,1.0057,632.89,455.68,0,0,777,1187,0,7,0,0,NORMAL,0
INV-SYN-15110,TXN-SYN-15110,SUPP-GLOBAL-01,BUYER-APEX-06,Kuehne+Nagel Logistics,1,105580.56,103490.52,-0.0198,0.8624,551.09,367.87,0,0,816,1188,0,17,0,0,NORMAL,0
INV-SYN-15111,TXN-SYN-15111,SUPP-NEXUS-02,BUYER-VORTEX-02,DHL Global Express,1,138961.86,138188.15,-0.0056,1.6257,424.9,290.06,0,0,766,1215,0,7,0,0,NORMAL,0
INV-SYN-15112,TXN-SYN-15112,SUPP-GLOBAL-01,BUYER-OMEGA-01,Kuehne+Nagel Logistics,1,118803.17,119791.94,0.0083,0.9983,458.14,333.89,0,0,817,1201,0,2,0,1,NORMAL,0
INV-SYN-15113,TXN-SYN-15113,SUPP-IND-05,BUYER-VORTEX-02,Maersk Ocean Freight,1,103830.42,102249.99,-0.0152,0.6391,398.58,249.33,1,0,881,1216,0,9,0,0,NORMAL,0
INV-SYN-15114,TXN-SYN-15114,SUPP-GLOBAL-01,BUYER-APEX-06,DB Schenker,1,115974.59,115478.98,-0.0043,0.9623,584.02,495.81,0,0,818,1189,0,10,1,0,NORMAL,0
INV-SYN-15115,TXN-SYN-15115,SUPP-PREC-04,BUYER-OMEGA-01,Maersk Ocean Freight,1,107334.77,107282.16,-0.0005,1.1293,559.14,389.73,0,0,810,1202,0,0,1,1,NORMAL,0
INV-SYN-15116,TXN-SYN-15116,SUPP-IND-05,BUYER-OMEGA-01,DB Schenker,1,226934.56,228037.49,0.0049,1.4252,715.75,666.73,1,0,882,1203,0,19,1,0,NORMAL,0
INV-SYN-15117,TXN-SYN-15117,SUPP-GLOBAL-01,BUYER-OMEGA-01,Maersk Ocean Freight,1,102316.43,101310.54,-0.0098,0.8443,736.75,687.82,0,0,819,1204,0,17,0,0,NORMAL,0
INV-SYN-15118,TXN-SYN-15118,SUPP-GLOBAL-01,BUYER-OMEGA-01,Kuehne+Nagel Logistics,1,72527.16,71790.24,-0.0102,0.5983,461.72,274.87,0,0,820,1205,0,13,0,0,NORMAL,0
INV-SYN-15119,TXN-SYN-15119,SUPP-NEXUS-02,BUYER-APEX-06,Maersk Ocean Freight,1,102357.79,102707.22,0.0034,1.2083,878.63,718.01,0,0,767,1190,0,7,1,0,NORMAL,0
INV-SYN-15120,TXN-SYN-15120,SUPP-PREC-04,BUYER-APEX-06,Maersk Ocean Freight,1,62210.78,61745.08,-0.0075,0.6499,955.85,787.66,0,0,811,1191,0,21,1,0,NORMAL,0
INV-SYN-15121,TXN-SYN-15121,SUPP-TITAN-03,BUYER-APEX-06,Maersk Ocean Freight,1,249469.12,248013.68,-0.0058,0.8858,378.77,341.48,1,0,871,1192,0,22,0,0,NORMAL,0
INV-SYN-15122,TXN-SYN-15122,SUPP-TITAN-03,BUYER-APEX-06,Maersk Ocean Freight,1,261966.57,262677.46,0.0027,0.9381,734.09,637.75,1,0,872,1193,0,23,0,1,NORMAL,0
INV-SYN-15123,TXN-SYN-15123,SUPP-PACIFIC-08,BUYER-APEX-06,Maersk Ocean Freight,1,73694.37,73945.73,0.0034,0.9859,906.21,751.64,0,0,778,1194,0,19,0,0,NORMAL,0
INV-SYN-15124,TXN-SYN-15124,SUPP-GLOBAL-01,BUYER-VORTEX-02,Maersk Ocean Freight,1,140674.93,139967.33,-0.005,1.1664,736.81,577.05,0,0,821,1217,0,7,0,0,NORMAL,0
INV-SYN-15125,TXN-SYN-15125,SUPP-GLOBAL-01,BUYER-APEX-06,DHL Global Express,1,99490.97,100379.95,0.0089,0.8365,619.8,580.51,0,0,822,1195,0,3,0,1,NORMAL,0
INV-SYN-15126,TXN-SYN-15126,SUPP-PACIFIC-08,BUYER-GLOBAL-05,Kuehne+Nagel Logistics,1,69867.58,69497.51,-0.0053,0.9266,657.98,535.14,0,0,779,1174,0,23,0,1,NORMAL,0
INV-SYN-15127,TXN-SYN-15127,SUPP-IND-05,BUYER-APEX-06,Maersk Ocean Freight,1,159429.19,157800.3,-0.0102,0.9863,723.75,680.47,1,0,883,1196,0,15,0,0,NORMAL,0
INV-SYN-15128,TXN-SYN-15128,SUPP-GLOBAL-01,BUYER-GLOBAL-05,Maersk Ocean Freight,1,124487.94,123040.12,-0.0116,1.0253,756.89,699.45,0,0,823,1175,0,4,1,1,NORMAL,0
INV-SYN-15129,TXN-SYN-15129,SUPP-PACIFIC-08,BUYER-APEX-06,DHL Global Express,1,76834.26,76747.8,-0.0011,1.0233,778.67,659.99,0,0,780,1197,0,8,0,0,NORMAL,0
INV-SYN-15130,TXN-SYN-15130,SUPP-GLOBAL-01,BUYER-OMEGA-01,DB Schenker,1,133080.17,130913.06,-0.0163,1.0909,739.12,634.76,0,0,824,1206,0,11,0,0,NORMAL,0
INV-SYN-15131,TXN-SYN-15131,SUPP-NEXUS-02,BUYER-APEX-06,Kuehne+Nagel Logistics,1,102931.59,103583.45,0.0063,1.2186,449.59,265.8,0,0,768,1198,0,9,0,0,NORMAL,0
INV-SYN-15132,TXN-SYN-15132,SUPP-NEXUS-02,BUYER-GLOBAL-05,DHL Global Express,1,93343.47,93508.55,0.0018,1.1001,556.67,416.89,0,0,769,1176,0,10,0,0,NORMAL,0
INV-SYN-15133,TXN-SYN-15133,SUPP-GLOBAL-01,BUYER-APEX-06,DHL Global Express,1,133607.57,133578.71,-0.0002,1.1132,314.72,266.45,0,0,825,1199,0,9,0,0,NORMAL,0
INV-SYN-15134,TXN-SYN-15134,SUPP-IND-05,BUYER-OMEGA-01,Kuehne+Nagel Logistics,1,96711.07,95415.03,-0.0134,0.5963,424.65,332.5,1,0,884,1207,0,22,0,0,NORMAL,0
INV-SYN-15135,TXN-SYN-15135,SUPP-NEXUS-02,BUYER-APEX-06,Maersk Ocean Freight,1,86067.34,86249.46,0.0021,1.0147,533.52,390.95,0,0,770,1200,0,22,0,0,NORMAL,0
INV-SYN-15136,TXN-SYN-15136,SUPP-PREC-04,BUYER-OMEGA-01,DHL Global Express,1,106388.3,104354.04,-0.0191,1.0985,401.31,288.2,0,0,812,1208,0,4,0,1,NORMAL,0
INV-SYN-15137,TXN-SYN-15137,SUPP-PREC-04,BUYER-GLOBAL-05,DHL Global Express,1,112312.35,110439.71,-0.0167,1.1625,395.11,243.27,0,0,813,1177,0,23,0,1,NORMAL,0
INV-SYN-15138,TXN-SYN-15138,SUPP-PREC-04,BUYER-APEX-06,Maersk Ocean Freight,1,78556.67,77407.43,-0.0146,0.8148,537.85,457.55,0,0,814,1201,0,16,0,0,NORMAL,0
INV-SYN-15139,TXN-SYN-15139,SUPP-PREC-04,BUYER-OMEGA-01,DHL Global Express,1,79347.82,78779.44,-0.0072,0.8293,611.46,500.08,0,0,815,1209,0,17,1,0,NORMAL,0
INV-SYN-15140,TXN-SYN-15140,SUPP-PREC-04,BUYER-VORTEX-02,FedEx International,1,81365.11,81212.42,-0.0019,0.8549,632.79,571.94,0,0,816,1218,0,6,0,0,NORMAL,0
INV-SYN-15141,TXN-SYN-15141,SUPP-NEXUS-02,BUYER-GLOBAL-05,DB Schenker,1,96398.8,94810.11,-0.0165,1.1154,785.36,717.33,0,0,771,1178,0,14,0,0,NORMAL,0
INV-SYN-15142,TXN-SYN-15142,SUPP-GLOBAL-01,BUYER-GLOBAL-05,DB Schenker,1,151016.43,152309.38,0.0086,1.2692,683.44,531.17,0,0,826,1179,0,8,0,0,NORMAL,0
INV-SYN-15143,TXN-SYN-15143,SUPP-PHANTOM-07,BUYER-QUICK-04,None,0,750000.0,750000.0,0.0,1.6667,34.73,3.87,8,5,92,186,1,0,1,1,OFF_HOURS_ROUND_SUM,1
INV-SYN-15144,TXN-SYN-15144,SUPP-GLOBAL-01,BUYER-GLOBAL-05,Kuehne+Nagel Logistics,1,147238.87,147864.97,0.0043,1.2322,778.9,616.83,0,0,827,1180,0,0,1,1,NORMAL,0
INV-SYN-15145,TXN-SYN-15145,SUPP-PREC-04,BUYER-OMEGA-01,Kuehne+Nagel Logistics,1,97932.65,97945.89,0.0001,1.031,780.33,718.56,0,0,817,1210,0,18,1,0,NORMAL,0
INV-SYN-15146,TXN-SYN-15146,SUPP-GLOBAL-01,BUYER-VORTEX-02,DB Schenker,1,116271.43,116537.65,0.0023,0.9711,433.09,262.98,0,0,828,1219,0,10,1,0,NORMAL,0
INV-SYN-15147,TXN-SYN-15147,SUPP-TITAN-03,BUYER-APEX-06,Kuehne+Nagel Logistics,1,265203.1,260205.23,-0.0188,0.9293,811.9,765.0,1,0,873,1202,0,0,1,1,NORMAL,0
INV-SYN-15148,TXN-SYN-15148,SUPP-NEXUS-02,BUYER-OMEGA-01,DHL Global Express,1,100865.49,100053.17,-0.0081,1.1771,449.48,375.89,0,0,772,1211,0,1,1,1,NORMAL,0
INV-SYN-15149,TXN-SYN-15149,SUPP-TITAN-03,BUYER-GLOBAL-05,Maersk Ocean Freight,1,302790.45,304773.71,0.0065,1.0885,447.1,313.95,1,0,874,1181,0,6,1,0,NORMAL,0
INV-SYN-15150,TXN-SYN-15150,SUPP-PREC-04,BUYER-APEX-06,DB Schenker,1,149050.85,148017.6,-0.0069,1.5581,584.0,483.52,0,0,818,1203,0,10,1,0,NORMAL,0
INV-SYN-15151,TXN-SYN-15151,SUPP-TITAN-03,BUYER-APEX-06,DHL Global Express,1,220344.27,220870.08,0.0024,0.7888,415.83,319.65,1,0,875,1204,0,10,0,0,NORMAL,0
INV-SYN-15152,TXN-SYN-15152,SUPP-TITAN-03,BUYER-VORTEX-02,FedEx International,1,316267.12,313506.58,-0.0087,1.1197,837.79,725.63,1,0,876,1220,0,21,1,0,NORMAL,0
INV-SYN-15153,TXN-SYN-15153,SUPP-IND-05,BUYER-VORTEX-02,DB Schenker,1,138831.96,139691.71,0.0062,0.8731,928.6,836.5,1,0,885,1221,0,0,0,1,NORMAL,0
INV-SYN-15154,TXN-SYN-15154,SUPP-GLOBAL-01,BUYER-APEX-06,Kuehne+Nagel Logistics,1,93921.39,92094.64,-0.0194,0.7675,836.14,731.63,0,0,829,1205,0,23,0,1,NORMAL,0
INV-SYN-15155,TXN-SYN-15155,SUPP-PACIFIC-08,BUYER-APEX-06,FedEx International,1,74796.24,75134.07,0.0045,1.0018,741.19,621.6,0,0,781,1206,0,8,0,0,NORMAL,0
INV-SYN-15156,TXN-SYN-15156,SUPP-TITAN-03,BUYER-OMEGA-01,DB Schenker,1,513387.46,590395.58,0.15,2.1086,120.25,68.13,1,0,877,1212,0,19,0,0,SERIAL_COUNTERPARTY_SPIKE,1
INV-SYN-15157,TXN-SYN-15157,SUPP-NEXUS-02,BUYER-VORTEX-02,DHL Global Express,1,147011.19,147407.24,0.0027,1.7342,454.24,375.09,0,0,773,1222,0,18,0,0,NORMAL,0
INV-SYN-15158,TXN-SYN-15158,SUPP-TITAN-03,BUYER-APEX-06,Kuehne+Nagel Logistics,1,267109.79,266044.14,-0.004,0.9502,917.18,772.55,1,0,878,1207,0,6,1,0,NORMAL,0
INV-SYN-15159,TXN-SYN-15159,SUPP-PREC-04,BUYER-GLOBAL-05,Maersk Ocean Freight,1,68158.26,68531.33,0.0055,0.7214,688.51,614.29,0,0,819,1182,0,5,0,1,NORMAL,0
INV-SYN-15160,TXN-SYN-15160,SUPP-SUSP-06,BUYER-STEEL-03,Unregistered Logistics,1,750000.0,750000.0,0.0,1.9231,41.42,20.68,6,1,104,152,1,4,0,1,OFF_HOURS_ROUND_SUM,1
INV-SYN-15161,TXN-SYN-15161,SUPP-NEXUS-02,BUYER-APEX-06,Kuehne+Nagel Logistics,1,40913.9,40803.78,-0.0027,0.48,556.2,495.27,0,0,774,1208,0,3,0,1,NORMAL,0
INV-SYN-15162,TXN-SYN-15162,SUPP-TITAN-03,BUYER-OMEGA-01,DHL Global Express,1,273563.03,268127.74,-0.0199,0.9576,615.66,432.38,1,0,879,1213,0,18,1,0,NORMAL,0
INV-SYN-15163,TXN-SYN-15163,SUPP-PACIFIC-08,BUYER-OMEGA-01,Maersk Ocean Freight,1,75300.47,74061.63,-0.0165,0.9875,922.55,789.33,0,0,782,1214,0,5,0,1,NORMAL,0
INV-SYN-15164,TXN-SYN-15164,SUPP-PHANTOM-07,BUYER-STEEL-03,None,0,776347.93,776347.93,0.0,1.7252,0.61,-1.0,8,1,93,153,0,0,0,1,RAPID_GHOST_SETTLEMENT,1
INV-SYN-15165,TXN-SYN-15165,SUPP-NEXUS-02,BUYER-VORTEX-02,Maersk Ocean Freight,1,105689.47,106061.68,0.0035,1.2478,534.17,428.84,0,0,775,1223,0,7,0,0,NORMAL,0
INV-SYN-15166,TXN-SYN-15166,SUPP-NEXUS-02,BUYER-OMEGA-01,DHL Global Express,1,74299.15,73125.3,-0.0158,0.8603,551.42,431.76,0,0,776,1215,0,8,0,0,NORMAL,0
INV-SYN-15167,TXN-SYN-15167,SUPP-TITAN-03,BUYER-OMEGA-01,DHL Global Express,1,269457.02,266731.27,-0.0101,0.9526,370.57,295.12,1,0,880,1216,0,23,0,1,NORMAL,0
INV-SYN-15168,TXN-SYN-15168,SUPP-PREC-04,BUYER-APEX-06,Maersk Ocean Freight,1,76804.63,77527.27,0.0094,0.8161,403.15,313.25,0,0,820,1209,0,6,0,0,NORMAL,0
INV-SYN-15169,TXN-SYN-15169,SUPP-IND-05,BUYER-OMEGA-01,DHL Global Express,1,114877.5,114768.72,-0.0009,0.7173,505.01,455.31,1,0,886,1217,0,2,0,1,NORMAL,0
INV-SYN-15170,TXN-SYN-15170,SUPP-SUSP-06,BUYER-STEEL-03,DHL Global Express,1,420214.74,805343.82,0.9165,2.065,580.58,471.91,6,1,105,154,0,2,0,1,AMOUNT_INFLATION,1
INV-SYN-15171,TXN-SYN-15171,SUPP-PACIFIC-08,BUYER-GLOBAL-05,FedEx International,1,51120.27,50753.97,-0.0072,0.6767,499.94,369.76,0,0,783,1183,0,17,0,0,NORMAL,0
INV-SYN-15172,TXN-SYN-15172,SUPP-NEXUS-02,BUYER-APEX-06,Kuehne+Nagel Logistics,1,76189.18,76093.87,-0.0013,0.8952,735.45,577.05,0,0,777,1210,0,20,0,0,NORMAL,0
INV-SYN-15173,TXN-SYN-15173,SUPP-IND-05,BUYER-GLOBAL-05,FedEx International,1,120193.04,119631.48,-0.0047,0.7477,431.85,265.23,1,0,887,1184,0,6,0,0,NORMAL,0
INV-SYN-15174,TXN-SYN-15174,SUPP-NEXUS-02,BUYER-GLOBAL-05,DHL Global Express,1,96680.77,95337.84,-0.0139,1.1216,503.74,460.18,0,0,778,1185,0,12,0,0,NORMAL,0
INV-SYN-15175,TXN-SYN-15175,SUPP-NEXUS-02,BUYER-APEX-06,DHL Global Express,1,123280.39,122438.16,-0.0068,1.4404,421.35,362.15,0,0,779,1211,0,22,0,0,NORMAL,0
INV-SYN-15176,TXN-SYN-15176,SUPP-NEXUS-02,BUYER-GLOBAL-05,DHL Global Express,1,57341.26,56429.94,-0.0159,0.6639,665.31,580.5,0,0,780,1186,0,12,1,0,NORMAL,0
INV-SYN-15177,TXN-SYN-15177,SUPP-PREC-04,BUYER-APEX-06,FedEx International,1,50990.81,51301.29,0.0061,0.54,923.94,820.75,0,0,821,1212,0,6,0,0,NORMAL,0
INV-SYN-15178,TXN-SYN-15178,SUPP-TITAN-03,BUYER-VORTEX-02,Maersk Ocean Freight,1,271257.92,268324.81,-0.0108,0.9583,807.11,655.79,1,0,881,1224,0,8,0,0,NORMAL,0
INV-SYN-15179,TXN-SYN-15179,SUPP-IND-05,BUYER-GLOBAL-05,Maersk Ocean Freight,1,160627.91,159442.7,-0.0074,0.9965,413.69,259.04,1,0,888,1187,0,21,0,0,NORMAL,0
INV-SYN-15180,TXN-SYN-15180,SUPP-IND-05,BUYER-GLOBAL-05,FedEx International,1,168746.37,170009.34,0.0075,1.0626,809.37,713.86,1,0,889,1188,0,20,0,0,NORMAL,0
INV-SYN-15181,TXN-SYN-15181,SUPP-GLOBAL-01,BUYER-APEX-06,FedEx International,1,106610.38,106329.8,-0.0026,0.8861,556.79,383.91,0,0,830,1213,0,21,0,0,NORMAL,0
INV-SYN-15182,TXN-SYN-15182,SUPP-PACIFIC-08,BUYER-OMEGA-01,FedEx International,1,71238.01,69829.99,-0.0198,0.9311,444.69,384.41,0,0,784,1218,0,8,1,0,NORMAL,0
INV-SYN-15183,TXN-SYN-15183,SUPP-NEXUS-02,BUYER-VORTEX-02,FedEx International,1,92809.6,92540.44,-0.0029,1.0887,471.27,434.64,0,0,781,1225,0,22,0,0,NORMAL,0
INV-SYN-15184,TXN-SYN-15184,SUPP-IND-05,BUYER-VORTEX-02,Maersk Ocean Freight,1,201617.24,199148.47,-0.0122,1.2447,426.88,387.1,1,0,890,1226,0,18,0,0,NORMAL,0
INV-SYN-15185,TXN-SYN-15185,SUPP-IND-05,BUYER-APEX-06,DHL Global Express,1,81798.05,81214.2,-0.0071,0.5076,810.37,727.07,1,0,891,1214,0,16,1,0,NORMAL,0
INV-SYN-15186,TXN-SYN-15186,SUPP-PACIFIC-08,BUYER-VORTEX-02,Kuehne+Nagel Logistics,1,68082.39,68228.54,0.0021,0.9097,788.62,680.21,0,0,785,1227,0,2,0,1,NORMAL,0
INV-SYN-15187,TXN-SYN-15187,SUPP-IND-05,BUYER-APEX-06,Maersk Ocean Freight,1,168552.35,166205.45,-0.0139,1.0388,477.64,363.1,1,0,892,1215,0,12,0,0,NORMAL,0
INV-SYN-15188,TXN-SYN-15188,SUPP-PREC-04,BUYER-VORTEX-02,FedEx International,1,73198.07,73585.58,0.0053,0.7746,517.59,360.75,0,0,822,1228,0,1,0,1,NORMAL,0
INV-SYN-15189,TXN-SYN-15189,SUPP-GLOBAL-01,BUYER-APEX-06,DB Schenker,1,171935.09,171636.12,-0.0017,1.4303,532.77,341.84,0,0,831,1216,0,11,1,0,NORMAL,0
INV-SYN-15190,TXN-SYN-15190,SUPP-TITAN-03,BUYER-QUICK-04,DHL Global Express,1,376133.66,432553.71,0.15,1.5448,182.92,104.83,1,5,882,187,0,9,0,0,SERIAL_COUNTERPARTY_SPIKE,1
INV-SYN-15191,TXN-SYN-15191,SUPP-PHANTOM-07,BUYER-QUICK-04,None,0,647474.5,647474.5,0.0,1.4388,3.43,-1.0,8,5,94,188,0,2,1,1,RAPID_GHOST_SETTLEMENT,1
INV-SYN-15192,TXN-SYN-15192,SUPP-PREC-04,BUYER-APEX-06,Kuehne+Nagel Logistics,1,108205.52,107269.76,-0.0086,1.1292,926.05,752.11,0,0,823,1217,0,0,1,1,NORMAL,0
INV-SYN-15193,TXN-SYN-15193,SUPP-TITAN-03,BUYER-VORTEX-02,Maersk Ocean Freight,1,238610.06,407621.05,0.7083,1.4558,312.97,181.87,1,0,883,1229,0,23,0,1,AMOUNT_INFLATION,1
INV-SYN-15194,TXN-SYN-15194,SUPP-PACIFIC-08,BUYER-GLOBAL-05,DB Schenker,1,40376.76,40179.21,-0.0049,0.5357,745.37,705.75,0,0,786,1189,0,4,1,1,NORMAL,0
INV-SYN-15195,TXN-SYN-15195,SUPP-PACIFIC-08,BUYER-APEX-06,DB Schenker,1,66962.73,65938.43,-0.0153,0.8792,686.32,605.79,0,0,787,1218,0,4,0,1,NORMAL,0
INV-SYN-15196,TXN-SYN-15196,SUPP-PREC-04,BUYER-APEX-06,DB Schenker,1,119449.21,117502.11,-0.0163,1.2369,490.26,367.28,0,0,824,1219,0,6,1,0,NORMAL,0
INV-SYN-15197,TXN-SYN-15197,SUPP-IND-05,BUYER-OMEGA-01,Maersk Ocean Freight,1,146524.19,147611.91,0.0074,0.9226,484.38,394.45,1,0,893,1219,0,3,1,1,NORMAL,0
INV-SYN-15198,TXN-SYN-15198,SUPP-IND-05,BUYER-APEX-06,Maersk Ocean Freight,1,126142.63,123788.28,-0.0187,0.7737,942.34,778.43,1,0,894,1220,0,3,0,1,NORMAL,0
INV-SYN-15199,TXN-SYN-15199,SUPP-IND-05,BUYER-VORTEX-02,DB Schenker,1,197026.89,195548.07,-0.0075,1.2222,626.45,466.29,1,0,895,1230,0,7,1,0,NORMAL,0
INV-SYN-15200,TXN-SYN-15200,SUPP-PACIFIC-08,BUYER-APEX-06,FedEx International,1,68797.97,68731.38,-0.001,0.9164,396.33,299.98,0,0,788,1221,0,11,0,0,NORMAL,0
INV-SYN-15201,TXN-SYN-15201,SUPP-GLOBAL-01,BUYER-OMEGA-01,Maersk Ocean Freight,1,104695.18,103928.28,-0.0073,0.8661,423.1,273.67,0,0,832,1220,0,0,0,1,NORMAL,0
INV-SYN-15202,TXN-SYN-15202,SUPP-PACIFIC-08,BUYER-APEX-06,DB Schenker,1,77802.3,76955.09,-0.0109,1.0261,675.11,539.22,0,0,789,1222,0,14,0,0,NORMAL,0
INV-SYN-15203,TXN-SYN-15203,SUPP-IND-05,BUYER-OMEGA-01,Maersk Ocean Freight,1,190830.01,188225.07,-0.0137,1.1764,781.37,663.62,1,0,896,1221,0,11,1,0,NORMAL,0
INV-SYN-15204,TXN-SYN-15204,SUPP-NEXUS-02,BUYER-APEX-06,DB Schenker,1,135611.41,134600.84,-0.0075,1.5835,729.29,556.5,0,0,782,1223,0,10,1,0,NORMAL,0
INV-SYN-15205,TXN-SYN-15205,SUPP-GLOBAL-01,BUYER-GLOBAL-05,Maersk Ocean Freight,1,144817.08,142269.58,-0.0176,1.1856,690.66,531.97,0,0,833,1190,0,7,0,0,NORMAL,0
INV-SYN-15206,TXN-SYN-15206,SUPP-PACIFIC-08,BUYER-OMEGA-01,DHL Global Express,1,96747.0,96942.42,0.002,1.2926,477.47,410.22,0,0,790,1222,0,2,0,1,NORMAL,0
INV-SYN-15207,TXN-SYN-15207,SUPP-NEXUS-02,BUYER-OMEGA-01,FedEx International,1,74248.22,74252.65,0.0001,0.8736,498.54,402.06,0,0,783,1223,0,2,0,1,NORMAL,0
INV-SYN-15208,TXN-SYN-15208,SUPP-IND-05,BUYER-GLOBAL-05,DHL Global Express,1,118965.28,117485.46,-0.0124,0.7343,604.71,538.07,1,0,897,1191,0,21,0,0,NORMAL,0
INV-SYN-15209,TXN-SYN-15209,SUPP-IND-05,BUYER-VORTEX-02,DB Schenker,1,162493.25,162765.0,0.0017,1.0173,568.64,526.56,1,0,898,1231,0,19,0,0,NORMAL,0
INV-SYN-15210,TXN-SYN-15210,SUPP-PREC-04,BUYER-VORTEX-02,Kuehne+Nagel Logistics,1,97545.29,96498.36,-0.0107,1.0158,590.7,552.51,0,0,825,1232,0,5,0,1,NORMAL,0
INV-SYN-15211,TXN-SYN-15211,SUPP-PHANTOM-07,BUYER-STEEL-03,Unregistered Logistics,1,450000.0,450000.0,0.0,1.0,30.22,3.59,8,1,95,155,1,3,0,1,OFF_HOURS_ROUND_SUM,1
INV-SYN-15212,TXN-SYN-15212,SUPP-IND-05,BUYER-APEX-06,FedEx International,1,152988.22,151381.59,-0.0105,0.9461,532.34,429.66,1,0,899,1224,0,10,1,0,NORMAL,0
INV-SYN-15213,TXN-SYN-15213,SUPP-TITAN-03,BUYER-GLOBAL-05,Kuehne+Nagel Logistics,1,307952.23,304879.79,-0.01,1.0889,671.62,512.65,1,0,884,1192,0,3,1,1,NORMAL,0
INV-SYN-15214,TXN-SYN-15214,SUPP-IND-05,BUYER-VORTEX-02,FedEx International,1,174415.74,171214.33,-0.0184,1.0701,937.87,829.61,1,0,900,1233,0,14,0,0,NORMAL,0
INV-SYN-15215,TXN-SYN-15215,SUPP-PREC-04,BUYER-APEX-06,DHL Global Express,1,106976.84,104977.46,-0.0187,1.105,568.59,428.66,0,0,826,1225,0,14,0,0,NORMAL,0
INV-SYN-15216,TXN-SYN-15216,SUPP-TITAN-03,BUYER-OMEGA-01,FedEx International,1,300367.53,295834.75,-0.0151,1.0566,722.15,574.26,1,0,885,1224,0,8,0,0,NORMAL,0
INV-SYN-15217,TXN-SYN-15217,SUPP-PACIFIC-08,BUYER-VORTEX-02,DB Schenker,1,65493.59,65394.33,-0.0015,0.8719,801.19,639.85,0,0,791,1234,0,18,0,0,NORMAL,0
INV-SYN-15218,TXN-SYN-15218,SUPP-IND-05,BUYER-APEX-06,Kuehne+Nagel Logistics,1,139443.97,138153.35,-0.0093,0.8635,802.97,629.51,1,0,901,1226,0,5,1,1,NORMAL,0
INV-SYN-15219,TXN-SYN-15219,SUPP-PACIFIC-08,BUYER-APEX-06,DHL Global Express,1,52519.66,52118.85,-0.0076,0.6949,379.43,276.24,0,0,792,1227,0,23,1,1,NORMAL,0
INV-SYN-15220,TXN-SYN-15220,SUPP-TITAN-03,BUYER-APEX-06,DB Schenker,1,404934.25,400099.56,-0.0119,1.4289,910.87,788.35,1,0,886,1228,0,15,0,0,NORMAL,0
INV-SYN-15221,TXN-SYN-15221,SUPP-NEXUS-02,BUYER-APEX-06,DB Schenker,1,85285.82,83782.75,-0.0176,0.9857,420.2,336.56,0,0,784,1229,0,19,0,0,NORMAL,0
INV-SYN-15222,TXN-SYN-15222,SUPP-NEXUS-02,BUYER-APEX-06,DHL Global Express,1,80221.87,79497.38,-0.009,0.9353,408.39,271.37,0,0,785,1230,0,12,0,0,NORMAL,0
INV-SYN-15223,TXN-SYN-15223,SUPP-GLOBAL-01,BUYER-VORTEX-02,Kuehne+Nagel Logistics,1,92136.24,91433.95,-0.0076,0.7619,702.54,622.02,0,0,834,1235,0,10,1,0,NORMAL,0
INV-SYN-15224,TXN-SYN-15224,SUPP-GLOBAL-01,BUYER-APEX-06,DHL Global Express,1,208069.74,207683.99,-0.0019,1.7307,285.47,243.81,0,0,835,1231,0,23,1,1,NORMAL,0
INV-SYN-15225,TXN-SYN-15225,SUPP-IND-05,BUYER-OMEGA-01,Maersk Ocean Freight,1,117066.88,115974.47,-0.0093,0.7248,565.24,425.34,1,0,902,1225,0,22,1,0,NORMAL,0
INV-SYN-15226,TXN-SYN-15226,SUPP-TITAN-03,BUYER-VORTEX-02,Maersk Ocean Freight,1,249980.65,245701.63,-0.0171,0.8775,926.6,752.53,1,0,887,1236,0,20,1,0,NORMAL,0
INV-SYN-15227,TXN-SYN-15227,SUPP-NEXUS-02,BUYER-APEX-06,FedEx International,1,93836.53,94386.96,0.0059,1.1104,860.16,722.64,0,0,786,1232,0,20,0,0,NORMAL,0
INV-SYN-15228,TXN-SYN-15228,SUPP-GLOBAL-01,BUYER-GLOBAL-05,DB Schenker,1,138006.39,138202.7,0.0014,1.1517,671.39,582.37,0,0,836,1193,0,23,0,1,NORMAL,0
INV-SYN-15229,TXN-SYN-15229,SUPP-PREC-04,BUYER-VORTEX-02,DHL Global Express,1,117750.89,118129.09,0.0032,1.2435,553.93,487.0,0,0,827,1237,0,22,1,0,NORMAL,0
INV-SYN-15230,TXN-SYN-15230,SUPP-PREC-04,BUYER-GLOBAL-05,DHL Global Express,1,137930.7,138900.27,0.007,1.4621,392.36,267.51,0,0,828,1194,0,23,1,1,NORMAL,0
INV-SYN-15231,TXN-SYN-15231,SUPP-PREC-04,BUYER-OMEGA-01,DHL Global Express,1,107021.24,107060.05,0.0004,1.1269,857.74,758.72,0,0,829,1226,0,18,1,0,NORMAL,0
INV-SYN-15232,TXN-SYN-15232,SUPP-PREC-04,BUYER-OMEGA-01,FedEx International,1,69919.27,70435.67,0.0074,0.7414,490.7,454.56,0,0,830,1227,0,0,1,1,NORMAL,0
INV-SYN-15233,TXN-SYN-15233,SUPP-GLOBAL-01,BUYER-APEX-06,Kuehne+Nagel Logistics,1,112291.65,110543.36,-0.0156,0.9212,892.4,784.89,0,0,837,1233,0,4,0,1,NORMAL,0
INV-SYN-15234,TXN-SYN-15234,SUPP-TITAN-03,BUYER-VORTEX-02,Kuehne+Nagel Logistics,1,301548.27,300721.8,-0.0027,1.074,526.89,443.06,1,0,888,1238,0,17,0,0,NORMAL,0
INV-SYN-15235,TXN-SYN-15235,SUPP-PREC-04,BUYER-GLOBAL-05,Kuehne+Nagel Logistics,1,144120.37,142621.0,-0.0104,1.5013,839.28,773.26,0,0,831,1195,0,4,0,1,NORMAL,0
INV-SYN-15236,TXN-SYN-15236,SUPP-PACIFIC-08,BUYER-GLOBAL-05,DB Schenker,1,48791.15,49273.16,0.0099,0.657,502.73,464.41,0,0,793,1196,0,5,0,1,NORMAL,0
INV-SYN-15237,TXN-SYN-15237,SUPP-IND-05,BUYER-GLOBAL-05,DB Schenker,1,208103.06,209175.75,0.0052,1.3073,739.39,562.49,1,0,903,1197,0,22,0,0,NORMAL,0
INV-SYN-15238,TXN-SYN-15238,SUPP-PREC-04,BUYER-GLOBAL-05,Maersk Ocean Freight,1,99272.97,99191.51,-0.0008,1.0441,701.77,578.27,0,0,832,1198,0,12,0,0,NORMAL,0
INV-SYN-15239,TXN-SYN-15239,SUPP-PACIFIC-08,BUYER-VORTEX-02,Maersk Ocean Freight,1,90709.32,90864.35,0.0017,1.2115,479.19,338.19,0,0,794,1239,0,8,1,0,NORMAL,0
INV-SYN-15240,TXN-SYN-15240,SUPP-IND-05,BUYER-VORTEX-02,Kuehne+Nagel Logistics,1,155920.21,153034.44,-0.0185,0.9565,964.69,794.18,1,0,904,1240,0,9,1,0,NORMAL,0
INV-SYN-15241,TXN-SYN-15241,SUPP-TITAN-03,BUYER-VORTEX-02,FedEx International,1,221029.72,220978.01,-0.0002,0.7892,735.7,601.86,1,0,889,1241,0,0,0,1,NORMAL,0
INV-SYN-15242,TXN-SYN-15242,SUPP-SUSP-06,BUYER-QUICK-04,None,0,701856.07,701856.07,0.0,1.7996,1.89,-1.0,6,5,106,189,0,3,1,1,RAPID_GHOST_SETTLEMENT,1
INV-SYN-15243,TXN-SYN-15243,SUPP-PACIFIC-08,BUYER-APEX-06,Maersk Ocean Freight,1,87270.58,88008.98,0.0085,1.1735,945.66,766.89,0,0,795,1234,0,9,0,0,NORMAL,0
INV-SYN-15244,TXN-SYN-15244,SUPP-GLOBAL-01,BUYER-GLOBAL-05,FedEx International,1,149161.71,150197.1,0.0069,1.2516,580.22,397.1,0,0,838,1199,0,22,0,0,NORMAL,0
INV-SYN-15245,TXN-SYN-15245,SUPP-PHANTOM-07,BUYER-GLOBAL-05,None,0,701031.82,701031.82,0.0,1.5578,1.83,-1.0,8,0,96,1200,0,1,0,1,RAPID_GHOST_SETTLEMENT,1
INV-SYN-15246,TXN-SYN-15246,SUPP-IND-05,BUYER-OMEGA-01,DHL Global Express,1,136007.12,135848.61,-0.0012,0.8491,412.66,253.07,1,0,905,1228,0,23,0,1,NORMAL,0
INV-SYN-15247,TXN-SYN-15247,SUPP-IND-05,BUYER-APEX-06,DB Schenker,1,97648.52,96549.68,-0.0113,0.6034,402.13,339.03,1,0,906,1235,0,23,1,1,NORMAL,0
INV-SYN-15248,TXN-SYN-15248,SUPP-IND-05,BUYER-VORTEX-02,FedEx International,1,192774.93,192597.89,-0.0009,1.2037,598.11,541.66,1,0,907,1242,0,21,1,0,NORMAL,0
INV-SYN-15249,TXN-SYN-15249,SUPP-PREC-04,BUYER-GLOBAL-05,DHL Global Express,1,105067.38,105993.25,0.0088,1.1157,929.8,820.51,0,0,833,1201,0,6,1,0,NORMAL,0
INV-SYN-15250,TXN-SYN-15250,SUPP-TITAN-03,BUYER-STEEL-03,Unregistered Logistics,1,450000.0,450000.0,0.0,1.6071,69.74,37.3,1,1,890,156,1,4,1,1,OFF_HOURS_ROUND_SUM,1
INV-SYN-15251,TXN-SYN-15251,SUPP-IND-05,BUYER-GLOBAL-05,Kuehne+Nagel Logistics,1,138457.05,138506.4,0.0004,0.8657,540.88,450.17,1,0,908,1202,0,7,0,0,NORMAL,0
INV-SYN-15252,TXN-SYN-15252,SUPP-GLOBAL-01,BUYER-VORTEX-02,Maersk Ocean Freight,1,105997.24,104586.27,-0.0133,0.8716,473.05,405.14,0,0,839,1243,0,18,1,0,NORMAL,0
INV-SYN-15253,TXN-SYN-15253,SUPP-PACIFIC-08,BUYER-APEX-06,FedEx International,1,47194.04,46978.05,-0.0046,0.6264,321.81,282.67,0,0,796,1236,0,7,0,0,NORMAL,0
INV-SYN-15254,TXN-SYN-15254,SUPP-PACIFIC-08,BUYER-VORTEX-02,Maersk Ocean Freight,1,59668.46,59567.65,-0.0017,0.7942,881.4,799.77,0,0,797,1244,0,3,0,1,NORMAL,0
INV-SYN-15255,TXN-SYN-15255,SUPP-IND-05,BUYER-GLOBAL-05,FedEx International,1,114646.79,114484.14,-0.0014,0.7155,989.91,838.09,1,0,909,1203,0,7,0,0,NORMAL,0
INV-SYN-15256,TXN-SYN-15256,SUPP-PACIFIC-08,BUYER-OMEGA-01,DHL Global Express,1,67266.02,66250.72,-0.0151,0.8833,484.89,349.49,0,0,798,1229,0,19,0,0,NORMAL,0
INV-SYN-15257,TXN-SYN-15257,SUPP-TITAN-03,BUYER-VORTEX-02,Maersk Ocean Freight,1,228291.18,228245.57,-0.0002,0.8152,445.83,397.55,1,0,891,1245,0,0,0,1,NORMAL,0
INV-SYN-15258,TXN-SYN-15258,SUPP-PREC-04,BUYER-VORTEX-02,Kuehne+Nagel Logistics,1,56358.63,56306.18,-0.0009,0.5927,382.04,274.94,0,0,834,1246,0,13,1,0,NORMAL,0
INV-SYN-15259,TXN-SYN-15259,SUPP-GLOBAL-01,BUYER-APEX-06,DHL Global Express,1,180677.71,179075.24,-0.0089,1.4923,759.75,623.08,0,0,840,1237,0,13,1,0,NORMAL,0
INV-SYN-15260,TXN-SYN-15260,SUPP-NEXUS-02,BUYER-APEX-06,Maersk Ocean Freight,1,111616.49,110005.31,-0.0144,1.2942,767.4,668.28,0,0,787,1238,0,10,0,0,NORMAL,0
INV-SYN-15261,TXN-SYN-15261,SUPP-NEXUS-02,BUYER-VORTEX-02,Kuehne+Nagel Logistics,1,68445.84,68007.11,-0.0064,0.8001,640.34,603.82,0,0,788,1247,0,19,0,0,NORMAL,0
INV-SYN-15262,TXN-SYN-15262,SUPP-GLOBAL-01,BUYER-GLOBAL-05,FedEx International,1,128172.64,125763.35,-0.0188,1.048,620.65,504.56,0,0,841,1204,0,2,0,1,NORMAL,0
INV-SYN-15263,TXN-SYN-15263,SUPP-IND-05,BUYER-APEX-06,FedEx International,1,176698.6,174907.64,-0.0101,1.0932,757.45,612.19,1,0,910,1239,0,23,1,1,NORMAL,0
INV-SYN-15264,TXN-SYN-15264,SUPP-IND-05,BUYER-APEX-06,DHL Global Express,1,207643.43,204706.3,-0.0141,1.2794,850.71,726.46,1,0,911,1240,0,2,1,1,NORMAL,0
INV-SYN-15265,TXN-SYN-15265,SUPP-SUSP-06,BUYER-STEEL-03,Unregistered Logistics,1,450000.0,450000.0,0.0,1.1538,64.02,33.03,6,1,107,157,1,4,0,1,OFF_HOURS_ROUND_SUM,1
INV-SYN-15266,TXN-SYN-15266,SUPP-PACIFIC-08,BUYER-OMEGA-01,Maersk Ocean Freight,1,95477.0,95868.28,0.0041,1.2782,692.86,601.97,0,0,799,1230,0,12,0,0,NORMAL,0
INV-SYN-15267,TXN-SYN-15267,SUPP-IND-05,BUYER-GLOBAL-05,DB Schenker,1,138083.79,139168.51,0.0079,0.8698,844.33,738.7,1,0,912,1205,0,3,0,1,NORMAL,0
INV-SYN-15268,TXN-SYN-15268,SUPP-NEXUS-02,BUYER-QUICK-04,None,0,100365.05,100365.05,0.0,1.1808,0.82,-1.0,0,5,789,190,0,0,0,1,RAPID_GHOST_SETTLEMENT,1
INV-SYN-15269,TXN-SYN-15269,SUPP-PACIFIC-08,BUYER-APEX-06,FedEx International,1,88577.56,88862.95,0.0032,1.1848,671.8,624.69,0,0,800,1241,0,8,0,0,NORMAL,0
INV-SYN-15270,TXN-SYN-15270,SUPP-PREC-04,BUYER-GLOBAL-05,Kuehne+Nagel Logistics,1,125655.51,126459.17,0.0064,1.3311,821.8,689.66,0,0,835,1206,0,19,0,0,NORMAL,0
INV-SYN-15271,TXN-SYN-15271,SUPP-PREC-04,BUYER-APEX-06,DHL Global Express,1,156462.84,153571.04,-0.0185,1.6165,774.62,721.06,0,0,836,1242,0,10,1,0,NORMAL,0
INV-SYN-15272,TXN-SYN-15272,SUPP-GLOBAL-01,BUYER-VORTEX-02,DB Schenker,1,84008.24,83397.04,-0.0073,0.695,593.48,454.07,0,0,842,1248,0,8,0,0,NORMAL,0
INV-SYN-15273,TXN-SYN-15273,SUPP-IND-05,BUYER-APEX-06,FedEx International,1,187956.79,184225.84,-0.0199,1.1514,860.2,805.38,1,0,913,1243,0,15,1,0,NORMAL,0
INV-SYN-15274,TXN-SYN-15274,SUPP-NEXUS-02,BUYER-OMEGA-01,DB Schenker,1,76291.72,76563.87,0.0036,0.9008,726.26,660.11,0,0,790,1231,0,20,0,0,NORMAL,0
INV-SYN-15275,TXN-SYN-15275,SUPP-TITAN-03,BUYER-VORTEX-02,DB Schenker,1,334835.11,336522.86,0.005,1.2019,460.68,364.92,1,0,892,1249,0,13,0,0,NORMAL,0
INV-SYN-15276,TXN-SYN-15276,SUPP-PACIFIC-08,BUYER-APEX-06,Kuehne+Nagel Logistics,1,47428.32,47770.08,0.0072,0.6369,554.84,412.19,0,0,801,1244,0,15,0,0,NORMAL,0
INV-SYN-15277,TXN-SYN-15277,SUPP-PREC-04,BUYER-VORTEX-02,Kuehne+Nagel Logistics,1,65009.22,65485.4,0.0073,0.6893,571.86,430.36,0,0,837,1250,0,19,0,0,NORMAL,0
INV-SYN-15278,TXN-SYN-15278,SUPP-GLOBAL-01,BUYER-OMEGA-01,FedEx International,1,96723.76,95798.83,-0.0096,0.7983,703.7,563.44,0,0,843,1232,0,23,0,1,NORMAL,0
INV-SYN-15279,TXN-SYN-15279,SUPP-NEXUS-02,BUYER-OMEGA-01,DHL Global Express,1,86677.99,86104.35,-0.0066,1.013,492.37,426.29,0,0,791,1233,0,20,0,0,NORMAL,0
INV-SYN-15280,TXN-SYN-15280,SUPP-PACIFIC-08,BUYER-GLOBAL-05,DHL Global Express,1,62979.73,62870.22,-0.0017,0.8383,758.47,596.23,0,0,802,1207,0,12,0,0,NORMAL,0
INV-SYN-15281,TXN-SYN-15281,SUPP-IND-05,BUYER-APEX-06,Kuehne+Nagel Logistics,1,186362.17,184399.26,-0.0105,1.1525,487.34,345.49,1,0,914,1245,0,21,0,0,NORMAL,0
INV-SYN-15282,TXN-SYN-15282,SUPP-TITAN-03,BUYER-VORTEX-02,FedEx International,1,351882.62,344911.92,-0.0198,1.2318,825.8,700.15,1,0,893,1251,0,6,1,0,NORMAL,0
INV-SYN-15283,TXN-SYN-15283,SUPP-PREC-04,BUYER-OMEGA-01,Kuehne+Nagel Logistics,1,109239.97,108531.44,-0.0065,1.1424,736.82,556.77,0,0,838,1234,0,16,1,0,NORMAL,0
INV-SYN-15284,TXN-SYN-15284,SUPP-GLOBAL-01,BUYER-APEX-06,FedEx International,1,168563.63,168600.24,0.0002,1.405,625.47,449.74,0,0,844,1246,0,3,0,1,NORMAL,0
INV-SYN-15285,TXN-SYN-15285,SUPP-PACIFIC-08,BUYER-OMEGA-01,DB Schenker,1,82796.75,83469.97,0.0081,1.1129,550.72,500.74,0,0,803,1235,0,1,0,1,NORMAL,0
INV-SYN-15286,TXN-SYN-15286,SUPP-NEXUS-02,BUYER-OMEGA-01,Maersk Ocean Freight,1,59140.94,58985.49,-0.0026,0.6939,567.28,488.55,0,0,792,1236,0,11,0,0,NORMAL,0
INV-SYN-15287,TXN-SYN-15287,SUPP-GLOBAL-01,BUYER-APEX-06,DHL Global Express,1,160901.3,161198.31,0.0018,1.3433,964.24,821.18,0,0,845,1247,0,18,0,0,NORMAL,0
INV-SYN-15288,TXN-SYN-15288,SUPP-PACIFIC-08,BUYER-GLOBAL-05,DHL Global Express,1,63653.32,62896.45,-0.0119,0.8386,779.67,701.22,0,0,804,1208,0,7,0,0,NORMAL,0
INV-SYN-15289,TXN-SYN-15289,SUPP-GLOBAL-01,BUYER-VORTEX-02,Maersk Ocean Freight,1,147312.55,146010.48,-0.0088,1.2168,623.62,516.86,0,0,846,1252,0,2,0,1,NORMAL,0
INV-SYN-15290,TXN-SYN-15290,SUPP-PREC-04,BUYER-APEX-06,FedEx International,1,132376.19,131547.44,-0.0063,1.3847,658.81,592.77,0,0,839,1248,0,16,0,0,NORMAL,0
INV-SYN-15291,TXN-SYN-15291,SUPP-PREC-04,BUYER-APEX-06,DHL Global Express,1,105846.34,103994.84,-0.0175,1.0947,545.08,499.93,0,0,840,1249,0,2,1,1,NORMAL,0
INV-SYN-15292,TXN-SYN-15292,SUPP-TITAN-03,BUYER-APEX-06,None,0,199484.17,199484.17,0.0,0.7124,4.03,-1.0,1,0,894,1250,0,12,0,0,RAPID_GHOST_SETTLEMENT,1
INV-SYN-15293,TXN-SYN-15293,SUPP-PREC-04,BUYER-VORTEX-02,Kuehne+Nagel Logistics,1,73192.46,73272.18,0.0011,0.7713,878.0,742.71,0,0,841,1253,0,5,0,1,NORMAL,0
INV-SYN-15294,TXN-SYN-15294,SUPP-PREC-04,BUYER-GLOBAL-05,DHL Global Express,1,126415.18,127062.88,0.0051,1.3375,541.39,433.19,0,0,842,1209,0,20,0,0,NORMAL,0
INV-SYN-15295,TXN-SYN-15295,SUPP-TITAN-03,BUYER-VORTEX-02,DB Schenker,1,268161.41,262798.74,-0.02,0.9386,394.74,282.18,1,0,895,1254,0,2,0,1,NORMAL,0
INV-SYN-15296,TXN-SYN-15296,SUPP-PREC-04,BUYER-VORTEX-02,Kuehne+Nagel Logistics,1,96889.87,95133.48,-0.0181,1.0014,432.64,306.86,0,0,843,1255,0,21,0,0,NORMAL,0
INV-SYN-15297,TXN-SYN-15297,SUPP-GLOBAL-01,BUYER-APEX-06,DHL Global Express,1,142764.73,143516.65,0.0053,1.196,581.75,478.38,0,0,847,1251,0,19,0,0,NORMAL,0
INV-SYN-15298,TXN-SYN-15298,SUPP-GLOBAL-01,BUYER-VORTEX-02,DB Schenker,1,140889.69,141749.39,0.0061,1.1812,320.16,275.16,0,0,848,1256,0,17,0,0,NORMAL,0
INV-SYN-15299,TXN-SYN-15299,SUPP-GLOBAL-01,BUYER-OMEGA-01,Kuehne+Nagel Logistics,1,128363.99,129030.92,0.0052,1.0753,641.65,505.84,0,0,849,1237,0,12,0,0,NORMAL,0
INV-SYN-15300,TXN-SYN-15300,SUPP-PREC-04,BUYER-VORTEX-02,Kuehne+Nagel Logistics,1,90044.13,89797.2,-0.0027,0.9452,339.84,259.37,0,0,844,1257,0,14,0,0,NORMAL,0
INV-SYN-15301,TXN-SYN-15301,SUPP-IND-05,BUYER-APEX-06,Kuehne+Nagel Logistics,1,147493.26,146974.84,-0.0035,0.9186,814.74,736.44,1,0,915,1252,0,18,0,0,NORMAL,0
INV-SYN-15302,TXN-SYN-15302,SUPP-NEXUS-02,BUYER-VORTEX-02,DB Schenker,1,103230.35,104046.36,0.0079,1.2241,711.88,641.72,0,0,793,1258,0,17,0,0,NORMAL,0
INV-SYN-15303,TXN-SYN-15303,SUPP-PREC-04,BUYER-GLOBAL-05,DB Schenker,1,108147.28,107451.85,-0.0064,1.1311,907.65,783.79,0,0,845,1210,0,17,0,0,NORMAL,0
INV-SYN-15304,TXN-SYN-15304,SUPP-NEXUS-02,BUYER-GLOBAL-05,DB Schenker,1,79532.37,79027.98,-0.0063,0.9297,817.48,684.49,0,0,794,1211,0,8,0,0,NORMAL,0
INV-SYN-15305,TXN-SYN-15305,SUPP-IND-05,BUYER-APEX-06,DB Schenker,1,203284.49,201944.79,-0.0066,1.2622,428.0,352.44,1,0,916,1253,0,3,1,1,NORMAL,0
INV-SYN-15306,TXN-SYN-15306,SUPP-PACIFIC-08,BUYER-VORTEX-02,Kuehne+Nagel Logistics,1,72580.61,72825.96,0.0034,0.971,320.46,278.88,0,0,805,1259,0,6,0,0,NORMAL,0
INV-SYN-15307,TXN-SYN-15307,SUPP-TITAN-03,BUYER-GLOBAL-05,DHL Global Express,1,220383.65,218177.28,-0.01,0.7792,499.52,309.4,1,0,896,1212,0,17,1,0,NORMAL,0
INV-SYN-15308,TXN-SYN-15308,SUPP-NEXUS-02,BUYER-VORTEX-02,DHL Global Express,1,68871.87,69266.98,0.0057,0.8149,428.77,279.38,0,0,795,1260,0,21,0,0,NORMAL,0
INV-SYN-15309,TXN-SYN-15309,SUPP-TITAN-03,BUYER-APEX-06,Maersk Ocean Freight,1,211488.14,211901.86,0.002,0.7568,437.52,250.66,1,0,897,1254,0,10,0,0,NORMAL,0
INV-SYN-15310,TXN-SYN-15310,SUPP-NEXUS-02,BUYER-VORTEX-02,DB Schenker,1,79211.29,79414.88,0.0026,0.9343,724.83,625.54,0,0,796,1261,0,3,1,1,NORMAL,0
INV-SYN-15311,TXN-SYN-15311,SUPP-GLOBAL-01,BUYER-VORTEX-02,DB Schenker,1,157011.73,155850.5,-0.0074,1.2988,494.0,407.13,0,0,850,1262,0,13,1,0,NORMAL,0
INV-SYN-15312,TXN-SYN-15312,SUPP-PACIFIC-08,BUYER-VORTEX-02,Maersk Ocean Freight,1,59904.47,60112.85,0.0035,0.8015,922.85,783.79,0,0,806,1263,0,7,0,0,NORMAL,0
INV-SYN-15313,TXN-SYN-15313,SUPP-PREC-04,BUYER-VORTEX-02,DHL Global Express,1,99476.3,99094.36,-0.0038,1.0431,929.42,769.19,0,0,846,1264,0,10,0,0,NORMAL,0
INV-SYN-15314,TXN-SYN-15314,SUPP-IND-05,BUYER-OMEGA-01,FedEx International,1,133732.43,133114.55,-0.0046,0.832,516.36,468.72,1,0,917,1238,0,17,0,0,NORMAL,0
INV-SYN-15315,TXN-SYN-15315,SUPP-IND-05,BUYER-OMEGA-01,Maersk Ocean Freight,1,149587.64,150646.89,0.0071,0.9415,628.01,499.33,1,0,918,1239,0,17,0,0,NORMAL,0
INV-SYN-15316,TXN-SYN-15316,SUPP-TITAN-03,BUYER-GLOBAL-05,DB Schenker,1,174297.12,171124.82,-0.0182,0.6112,369.1,278.95,1,0,898,1213,0,20,0,0,NORMAL,0
INV-SYN-15317,TXN-SYN-15317,SUPP-GLOBAL-01,BUYER-VORTEX-02,DB Schenker,1,113383.85,114204.02,0.0072,0.9517,885.12,771.98,0,0,851,1265,0,23,0,1,NORMAL,0
INV-SYN-15318,TXN-SYN-15318,SUPP-PACIFIC-08,BUYER-OMEGA-01,DB Schenker,1,71368.02,71408.74,0.0006,0.9521,701.62,597.92,0,0,807,1240,0,13,0,0,NORMAL,0
INV-SYN-15319,TXN-SYN-15319,SUPP-PHANTOM-07,BUYER-OMEGA-01,Maersk Ocean Freight,1,510782.39,1213833.44,1.3764,2.6974,557.58,429.65,8,0,97,1241,0,10,0,0,AMOUNT_INFLATION,1
INV-SYN-15320,TXN-SYN-15320,SUPP-PREC-04,BUYER-APEX-06,Kuehne+Nagel Logistics,1,100302.92,99466.61,-0.0083,1.047,702.94,650.9,0,0,847,1255,0,0,1,1,NORMAL,0
INV-SYN-15321,TXN-SYN-15321,SUPP-IND-05,BUYER-GLOBAL-05,Kuehne+Nagel Logistics,1,112064.32,109829.62,-0.0199,0.6864,444.71,270.09,1,0,919,1214,0,23,0,1,NORMAL,0
INV-SYN-15322,TXN-SYN-15322,SUPP-GLOBAL-01,BUYER-GLOBAL-05,FedEx International,1,152525.95,152879.98,0.0023,1.274,497.84,408.08,0,0,852,1215,0,21,0,0,NORMAL,0
INV-SYN-15323,TXN-SYN-15323,SUPP-SUSP-06,BUYER-QUICK-04,None,0,750000.0,750000.0,0.0,1.9231,27.71,5.46,6,5,108,191,1,3,1,1,OFF_HOURS_ROUND_SUM,1
INV-SYN-15324,TXN-SYN-15324,SUPP-GLOBAL-01,BUYER-VORTEX-02,Kuehne+Nagel Logistics,1,125951.81,123676.49,-0.0181,1.0306,454.09,295.42,0,0,853,1266,0,8,0,0,NORMAL,0
INV-SYN-15325,TXN-SYN-15325,SUPP-TITAN-03,BUYER-APEX-06,Maersk Ocean Freight,1,279357.24,275046.74,-0.0154,0.9823,704.58,620.2,1,0,899,1256,0,20,0,0,NORMAL,0
INV-SYN-15326,TXN-SYN-15326,SUPP-PREC-04,BUYER-APEX-06,DB Schenker,1,82703.26,83430.3,0.0088,0.8782,950.32,819.16,0,0,848,1257,0,11,0,0,NORMAL,0
INV-SYN-15327,TXN-SYN-15327,SUPP-TITAN-03,BUYER-VORTEX-02,DHL Global Express,1,295246.16,292555.55,-0.0091,1.0448,419.11,289.65,1,0,900,1267,0,14,1,0,NORMAL,0
INV-SYN-15328,TXN-SYN-15328,SUPP-PHANTOM-07,BUYER-QUICK-04,None,0,900424.42,900424.42,0.0,2.0009,2.49,-1.0,8,5,98,192,0,20,0,0,RAPID_GHOST_SETTLEMENT,1
INV-SYN-15329,TXN-SYN-15329,SUPP-PREC-04,BUYER-APEX-06,FedEx International,1,53511.23,52966.55,-0.0102,0.5575,577.31,493.59,0,0,849,1258,0,0,0,1,NORMAL,0
INV-SYN-15330,TXN-SYN-15330,SUPP-NEXUS-02,BUYER-VORTEX-02,Maersk Ocean Freight,1,73551.33,73720.95,0.0023,0.8673,510.76,359.1,0,0,797,1268,0,19,1,0,NORMAL,0
INV-SYN-15331,TXN-SYN-15331,SUPP-TITAN-03,BUYER-GLOBAL-05,DHL Global Express,1,262153.71,258340.7,-0.0145,0.9226,383.92,310.31,1,0,901,1216,0,23,0,1,NORMAL,0
INV-SYN-15332,TXN-SYN-15332,SUPP-TITAN-03,BUYER-GLOBAL-05,Maersk Ocean Freight,1,297931.94,297354.13,-0.0019,1.062,919.53,762.06,1,0,902,1217,0,9,0,0,NORMAL,0
INV-SYN-15333,TXN-SYN-15333,SUPP-GLOBAL-01,BUYER-VORTEX-02,Maersk Ocean Freight,1,155799.33,156248.7,0.0029,1.3021,816.14,723.59,0,0,854,1269,0,12,0,0,NORMAL,0
INV-SYN-15334,TXN-SYN-15334,SUPP-NEXUS-02,BUYER-VORTEX-02,DB Schenker,1,68600.51,67649.95,-0.0139,0.7959,787.27,694.86,0,0,798,1270,0,4,1,1,NORMAL,0
INV-SYN-15335,TXN-SYN-15335,SUPP-IND-05,BUYER-APEX-06,Maersk Ocean Freight,1,140081.53,139224.98,-0.0061,0.8702,505.76,329.79,1,0,920,1259,0,4,0,1,NORMAL,0
INV-SYN-15336,TXN-SYN-15336,SUPP-PACIFIC-08,BUYER-VORTEX-02,DHL Global Express,1,65389.99,64542.66,-0.013,0.8606,828.25,683.26,0,0,808,1271,0,8,0,0,NORMAL,0
INV-SYN-15337,TXN-SYN-15337,SUPP-IND-05,BUYER-GLOBAL-05,Kuehne+Nagel Logistics,1,127938.9,127232.24,-0.0055,0.7952,561.41,435.54,1,0,921,1218,0,11,0,0,NORMAL,0
INV-SYN-15338,TXN-SYN-15338,SUPP-PREC-04,BUYER-VORTEX-02,Maersk Ocean Freight,1,86754.32,86296.69,-0.0053,0.9084,425.69,251.4,0,0,850,1272,0,23,0,1,NORMAL,0
INV-SYN-15339,TXN-SYN-15339,SUPP-PREC-04,BUYER-GLOBAL-05,DB Schenker,1,113306.55,112147.52,-0.0102,1.1805,353.45,266.58,0,0,851,1219,0,16,0,0,NORMAL,0
INV-SYN-15340,TXN-SYN-15340,SUPP-TITAN-03,BUYER-VORTEX-02,DB Schenker,1,206231.52,203917.23,-0.0112,0.7283,445.78,335.54,1,0,903,1273,0,23,0,1,NORMAL,0
INV-SYN-15341,TXN-SYN-15341,SUPP-PREC-04,BUYER-VORTEX-02,FedEx International,1,105160.59,104153.04,-0.0096,1.0963,690.67,585.92,0,0,852,1274,0,9,0,0,NORMAL,0
INV-SYN-15342,TXN-SYN-15342,SUPP-PACIFIC-08,BUYER-APEX-06,Maersk Ocean Freight,1,43089.33,42780.52,-0.0072,0.5704,914.78,761.36,0,0,809,1260,0,0,0,1,NORMAL,0
INV-SYN-15343,TXN-SYN-15343,SUPP-PREC-04,BUYER-VORTEX-02,DB Schenker,1,81668.22,81317.64,-0.0043,0.856,413.07,319.79,0,0,853,1275,0,0,0,1,NORMAL,0
INV-SYN-15344,TXN-SYN-15344,SUPP-PACIFIC-08,BUYER-VORTEX-02,DHL Global Express,1,68822.08,69005.97,0.0027,0.9201,1005.36,823.18,0,0,810,1276,0,23,0,1,NORMAL,0
INV-SYN-15345,TXN-SYN-15345,SUPP-PREC-04,BUYER-GLOBAL-05,FedEx International,1,134777.92,132339.18,-0.0181,1.393,715.28,621.55,0,0,854,1220,0,16,0,0,NORMAL,0
INV-SYN-15346,TXN-SYN-15346,SUPP-PREC-04,BUYER-OMEGA-01,DHL Global Express,1,88473.45,87274.71,-0.0135,0.9187,820.57,737.66,0,0,855,1242,0,3,0,1,NORMAL,0
INV-SYN-15347,TXN-SYN-15347,SUPP-TITAN-03,BUYER-APEX-06,DB Schenker,1,125912.96,124669.45,-0.0099,0.4452,640.83,545.59,1,0,904,1261,0,12,1,0,NORMAL,0
INV-SYN-15348,TXN-SYN-15348,SUPP-PACIFIC-08,BUYER-APEX-06,Kuehne+Nagel Logistics,1,37520.83,37319.22,-0.0054,0.4976,905.43,832.56,0,0,811,1262,0,7,0,0,NORMAL,0
INV-SYN-15349,TXN-SYN-15349,SUPP-IND-05,BUYER-APEX-06,Maersk Ocean Freight,1,161361.18,158284.14,-0.0191,0.9893,551.07,388.9,1,0,922,1263,0,13,0,0,NORMAL,0
INV-SYN-15350,TXN-SYN-15350,SUPP-NEXUS-02,BUYER-OMEGA-01,FedEx International,1,98042.63,98153.78,0.0011,1.1548,968.81,830.67,0,0,799,1243,0,16,0,0,NORMAL,0
INV-SYN-15351,TXN-SYN-15351,SUPP-IND-05,BUYER-APEX-06,Maersk Ocean Freight,1,175018.23,173251.04,-0.0101,1.0828,890.34,747.02,1,0,923,1264,0,23,0,1,NORMAL,0
INV-SYN-15352,TXN-SYN-15352,SUPP-PACIFIC-08,BUYER-APEX-06,Maersk Ocean Freight,1,78141.94,77490.83,-0.0083,1.0332,470.07,308.26,0,0,812,1265,0,15,0,0,NORMAL,0
INV-SYN-15353,TXN-SYN-15353,SUPP-PACIFIC-08,BUYER-GLOBAL-05,DHL Global Express,1,96792.37,95305.7,-0.0154,1.2707,627.36,564.99,0,0,813,1221,0,22,0,0,NORMAL,0
INV-SYN-15354,TXN-SYN-15354,SUPP-PACIFIC-08,BUYER-VORTEX-02,Maersk Ocean Freight,1,64882.66,65086.93,0.0031,0.8678,885.64,719.99,0,0,814,1277,0,2,0,1,NORMAL,0
INV-SYN-15355,TXN-SYN-15355,SUPP-NEXUS-02,BUYER-APEX-06,DB Schenker,1,104016.85,103552.33,-0.0045,1.2183,752.49,646.67,0,0,800,1266,0,13,0,0,NORMAL,0
INV-SYN-15356,TXN-SYN-15356,SUPP-PREC-04,BUYER-OMEGA-01,FedEx International,1,56239.65,55844.6,-0.007,0.5878,731.58,603.13,0,0,856,1244,0,8,0,0,NORMAL,0
INV-SYN-15357,TXN-SYN-15357,SUPP-TITAN-03,BUYER-GLOBAL-05,DB Schenker,1,216653.65,218502.79,0.0085,0.7804,498.46,359.81,1,0,905,1222,0,4,0,1,NORMAL,0
INV-SYN-15358,TXN-SYN-15358,SUPP-PACIFIC-08,BUYER-VORTEX-02,DB Schenker,1,41117.97,40382.7,-0.0179,0.5384,608.51,549.78,0,0,815,1278,0,12,0,0,NORMAL,0
INV-SYN-15359,TXN-SYN-15359,SUPP-PACIFIC-08,BUYER-APEX-06,Maersk Ocean Freight,1,69846.65,69903.96,0.0008,0.9321,772.28,660.66,0,0,816,1267,0,10,0,0,NORMAL,0
INV-SYN-15360,TXN-SYN-15360,SUPP-GLOBAL-01,BUYER-OMEGA-01,Maersk Ocean Freight,1,118612.16,118556.16,-0.0005,0.988,600.86,465.96,0,0,855,1245,0,22,1,0,NORMAL,0
INV-SYN-15361,TXN-SYN-15361,SUPP-TITAN-03,BUYER-APEX-06,DB Schenker,1,287987.1,284957.29,-0.0105,1.0177,511.38,469.99,1,0,906,1268,0,14,1,0,NORMAL,0
INV-SYN-15362,TXN-SYN-15362,SUPP-TITAN-03,BUYER-OMEGA-01,DB Schenker,1,284331.83,281367.13,-0.0104,1.0049,730.02,608.67,1,0,907,1246,0,10,0,0,NORMAL,0
INV-SYN-15363,TXN-SYN-15363,SUPP-TITAN-03,BUYER-GLOBAL-05,DB Schenker,1,437405.2,503015.98,0.15,1.7965,220.58,189.99,1,0,908,1223,0,21,0,0,SERIAL_COUNTERPARTY_SPIKE,1
INV-SYN-15364,TXN-SYN-15364,SUPP-GLOBAL-01,BUYER-APEX-06,FedEx International,1,114292.77,114049.92,-0.0021,0.9504,725.6,662.39,0,0,856,1269,0,6,0,0,NORMAL,0
INV-SYN-15365,TXN-SYN-15365,SUPP-GLOBAL-01,BUYER-VORTEX-02,Maersk Ocean Freight,1,75076.6,74507.51,-0.0076,0.6209,869.51,828.94,0,0,857,1279,0,17,0,0,NORMAL,0
INV-SYN-15366,TXN-SYN-15366,SUPP-PACIFIC-08,BUYER-GLOBAL-05,Kuehne+Nagel Logistics,1,100560.54,100871.89,0.0031,1.345,389.27,320.6,0,0,817,1224,0,12,1,0,NORMAL,0
INV-SYN-15367,TXN-SYN-15367,SUPP-GLOBAL-01,BUYER-VORTEX-02,Kuehne+Nagel Logistics,1,110891.22,111530.67,0.0058,0.9294,983.53,836.15,0,0,858,1280,0,3,0,1,NORMAL,0
INV-SYN-15368,TXN-SYN-15368,SUPP-PREC-04,BUYER-VORTEX-02,DHL Global Express,1,83388.95,83675.82,0.0034,0.8808,739.95,669.06,0,0,857,1281,0,17,0,0,NORMAL,0
INV-SYN-15369,TXN-SYN-15369,SUPP-GLOBAL-01,BUYER-OMEGA-01,FedEx International,1,167668.21,165486.52,-0.013,1.3791,443.13,267.99,0,0,859,1247,0,8,1,0,NORMAL,0
INV-SYN-15370,TXN-SYN-15370,SUPP-IND-05,BUYER-APEX-06,Kuehne+Nagel Logistics,1,110310.14,109719.58,-0.0054,0.6857,733.1,547.57,1,0,924,1270,0,16,0,0,NORMAL,0
INV-SYN-15371,TXN-SYN-15371,SUPP-TITAN-03,BUYER-VORTEX-02,DHL Global Express,1,201208.9,197918.31,-0.0164,0.7069,433.87,279.42,1,0,909,1282,0,17,1,0,NORMAL,0
INV-SYN-15372,TXN-SYN-15372,SUPP-IND-05,BUYER-APEX-06,FedEx International,1,116151.19,114407.06,-0.015,0.715,353.15,302.88,1,0,925,1271,0,20,1,0,NORMAL,0
INV-SYN-15373,TXN-SYN-15373,SUPP-NEXUS-02,BUYER-APEX-06,DHL Global Express,1,83557.73,83620.61,0.0008,0.9838,454.55,370.32,0,0,801,1272,0,22,0,0,NORMAL,0
INV-SYN-15374,TXN-SYN-15374,SUPP-NEXUS-02,BUYER-VORTEX-02,Kuehne+Nagel Logistics,1,94172.17,92492.61,-0.0178,1.0881,830.27,711.93,0,0,802,1283,0,15,0,0,NORMAL,0
INV-SYN-15375,TXN-SYN-15375,SUPP-GLOBAL-01,BUYER-GLOBAL-05,Maersk Ocean Freight,1,142190.26,140389.41,-0.0127,1.1699,613.46,555.53,0,0,860,1225,0,20,0,0,NORMAL,0
INV-SYN-15376,TXN-SYN-15376,SUPP-IND-05,BUYER-OMEGA-01,FedEx International,1,262879.81,261826.15,-0.004,1.6364,385.83,254.51,1,0,926,1248,0,18,1,0,NORMAL,0
INV-SYN-15377,TXN-SYN-15377,SUPP-NEXUS-02,BUYER-OMEGA-01,Kuehne+Nagel Logistics,1,37199.56,36585.41,-0.0165,0.4304,430.15,340.48,0,0,803,1249,0,1,0,1,NORMAL,0
INV-SYN-15378,TXN-SYN-15378,SUPP-PREC-04,BUYER-OMEGA-01,Maersk Ocean Freight,1,109457.47,109128.32,-0.003,1.1487,412.66,375.15,0,0,858,1250,0,6,0,0,NORMAL,0
INV-SYN-15379,TXN-SYN-15379,SUPP-GLOBAL-01,BUYER-OMEGA-01,FedEx International,1,103286.08,103778.53,0.0048,0.8648,802.35,694.64,0,0,861,1251,0,11,0,0,NORMAL,0
INV-SYN-15380,TXN-SYN-15380,SUPP-GLOBAL-01,BUYER-VORTEX-02,DB Schenker,1,102407.55,102317.12,-0.0009,0.8526,691.76,631.41,0,0,862,1284,0,12,0,0,NORMAL,0
INV-SYN-15381,TXN-SYN-15381,SUPP-GLOBAL-01,BUYER-VORTEX-02,DB Schenker,1,101406.84,102283.98,0.0086,0.8524,695.16,631.6,0,0,863,1285,0,1,0,1,NORMAL,0
INV-SYN-15382,TXN-SYN-15382,SUPP-IND-05,BUYER-OMEGA-01,Maersk Ocean Freight,1,123649.21,122332.6,-0.0106,0.7646,520.56,472.9,1,0,927,1252,0,14,0,0,NORMAL,0
INV-SYN-15383,TXN-SYN-15383,SUPP-PREC-04,BUYER-OMEGA-01,Kuehne+Nagel Logistics,1,135007.46,133264.06,-0.0129,1.4028,636.06,537.2,0,0,859,1253,0,2,1,1,NORMAL,0
INV-SYN-15384,TXN-SYN-15384,SUPP-PREC-04,BUYER-VORTEX-02,DB Schenker,1,115004.56,115267.89,0.0023,1.2133,906.41,813.55,0,0,860,1286,0,17,0,0,NORMAL,0
INV-SYN-15385,TXN-SYN-15385,SUPP-GLOBAL-01,BUYER-APEX-06,Maersk Ocean Freight,1,120695.88,121526.44,0.0069,1.0127,520.84,377.21,0,0,864,1273,0,9,0,0,NORMAL,0
INV-SYN-15386,TXN-SYN-15386,SUPP-NEXUS-02,BUYER-GLOBAL-05,Kuehne+Nagel Logistics,1,113709.08,114691.7,0.0086,1.3493,466.03,319.23,0,0,804,1226,0,10,0,0,NORMAL,0
INV-SYN-15387,TXN-SYN-15387,SUPP-GLOBAL-01,BUYER-OMEGA-01,DHL Global Express,1,74624.13,74997.71,0.005,0.625,609.66,531.21,0,0,865,1254,0,9,0,0,NORMAL,0
INV-SYN-15388,TXN-SYN-15388,SUPP-GLOBAL-01,BUYER-GLOBAL-05,DHL Global Express,1,80078.85,80423.52,0.0043,0.6702,547.99,364.16,0,0,866,1227,0,13,1,0,NORMAL,0
INV-SYN-15389,TXN-SYN-15389,SUPP-PACIFIC-08,BUYER-VORTEX-02,DB Schenker,1,34163.11,33885.51,-0.0081,0.4518,808.61,740.94,0,0,818,1287,0,20,0,0,NORMAL,0
INV-SYN-15390,TXN-SYN-15390,SUPP-NEXUS-02,BUYER-GLOBAL-05,FedEx International,1,70137.44,69739.95,-0.0057,0.8205,493.35,442.78,0,0,805,1228,0,15,0,0,NORMAL,0
INV-SYN-15391,TXN-SYN-15391,SUPP-PACIFIC-08,BUYER-APEX-06,FedEx International,1,78031.85,77030.37,-0.0128,1.0271,841.11,717.21,0,0,819,1274,0,9,0,0,NORMAL,0
INV-SYN-15392,TXN-SYN-15392,SUPP-NEXUS-02,BUYER-GLOBAL-05,DB Schenker,1,87185.74,85966.74,-0.014,1.0114,562.43,432.05,0,0,806,1229,0,5,1,1,NORMAL,0
INV-SYN-15393,TXN-SYN-15393,SUPP-IND-05,BUYER-OMEGA-01,DHL Global Express,1,165973.68,162791.95,-0.0192,1.0174,597.32,475.11,1,0,928,1255,0,14,0,0,NORMAL,0
INV-SYN-15394,TXN-SYN-15394,SUPP-PACIFIC-08,BUYER-APEX-06,Kuehne+Nagel Logistics,1,48542.68,47635.61,-0.0187,0.6351,698.99,551.71,0,0,820,1275,0,1,0,1,NORMAL,0
INV-SYN-15395,TXN-SYN-15395,SUPP-PACIFIC-08,BUYER-OMEGA-01,DHL Global Express,1,90059.15,89237.96,-0.0091,1.1898,561.64,375.09,0,0,821,1256,0,10,0,0,NORMAL,0
INV-SYN-15396,TXN-SYN-15396,SUPP-TITAN-03,BUYER-GLOBAL-05,Maersk Ocean Freight,1,296773.93,294050.33,-0.0092,1.0502,620.9,473.11,1,0,910,1230,0,12,1,0,NORMAL,0
INV-SYN-15397,TXN-SYN-15397,SUPP-PACIFIC-08,BUYER-GLOBAL-05,DB Schenker,1,88744.77,87126.03,-0.0182,1.1617,367.07,252.75,0,0,822,1231,0,18,0,0,NORMAL,0
INV-SYN-15398,TXN-SYN-15398,SUPP-NEXUS-02,BUYER-VORTEX-02,DB Schenker,1,44778.8,44387.39,-0.0087,0.5222,643.68,553.38,0,0,807,1288,0,8,0,0,NORMAL,0
INV-SYN-15399,TXN-SYN-15399,SUPP-IND-05,BUYER-OMEGA-01,Kuehne+Nagel Logistics,1,172459.63,169092.3,-0.0195,1.0568,828.02,699.38,1,0,929,1257,0,1,0,1,NORMAL,0
INV-SYN-15400,TXN-SYN-15400,SUPP-GLOBAL-01,BUYER-APEX-06,DB Schenker,1,84367.04,82983.38,-0.0164,0.6915,984.36,794.99,0,0,867,1276,0,15,1,0,NORMAL,0
INV-SYN-15401,TXN-SYN-15401,SUPP-PREC-04,BUYER-APEX-06,Kuehne+Nagel Logistics,1,85563.57,84761.8,-0.0094,0.8922,335.75,296.49,0,0,861,1277,0,19,1,0,NORMAL,0
INV-SYN-15402,TXN-SYN-15402,SUPP-PREC-04,BUYER-VORTEX-02,Maersk Ocean Freight,1,107691.17,107713.7,0.0002,1.1338,1012.53,834.96,0,0,862,1289,0,22,0,0,NORMAL,0
INV-SYN-15403,TXN-SYN-15403,SUPP-PACIFIC-08,BUYER-APEX-06,DB Schenker,1,76708.01,76411.76,-0.0039,1.0188,890.96,738.97,0,0,823,1278,0,4,0,1,NORMAL,0
INV-SYN-15404,TXN-SYN-15404,SUPP-PACIFIC-08,BUYER-APEX-06,DHL Global Express,1,59033.63,58144.59,-0.0151,0.7753,452.44,394.25,0,0,824,1279,0,20,0,0,NORMAL,0
INV-SYN-15405,TXN-SYN-15405,SUPP-IND-05,BUYER-APEX-06,Maersk Ocean Freight,1,160250.93,157189.54,-0.0191,0.9824,447.96,376.49,1,0,930,1280,0,9,0,0,NORMAL,0
INV-SYN-15406,TXN-SYN-15406,SUPP-PREC-04,BUYER-APEX-06,FedEx International,1,58626.04,57608.97,-0.0173,0.6064,755.02,673.55,0,0,863,1281,0,21,1,0,NORMAL,0
INV-SYN-15407,TXN-SYN-15407,SUPP-PACIFIC-08,BUYER-APEX-06,Maersk Ocean Freight,1,96567.51,97263.41,0.0072,1.2968,624.22,442.27,0,0,825,1282,0,10,1,0,NORMAL,0
INV-SYN-15408,TXN-SYN-15408,SUPP-GLOBAL-01,BUYER-GLOBAL-05,DB Schenker,1,113841.48,112822.15,-0.009,0.9402,854.96,816.57,0,0,868,1232,0,3,0,1,NORMAL,0
INV-SYN-15409,TXN-SYN-15409,SUPP-GLOBAL-01,BUYER-VORTEX-02,DB Schenker,1,153556.5,154620.95,0.0069,1.2885,638.94,450.06,0,0,869,1290,0,3,0,1,NORMAL,0
INV-SYN-15410,TXN-SYN-15410,SUPP-PREC-04,BUYER-VORTEX-02,FedEx International,1,82494.87,81896.1,-0.0073,0.8621,905.98,726.87,0,0,864,1291,0,23,1,1,NORMAL,0
INV-SYN-15411,TXN-SYN-15411,SUPP-PACIFIC-08,BUYER-VORTEX-02,DHL Global Express,1,65182.95,64276.51,-0.0139,0.857,946.51,812.36,0,0,826,1292,0,6,1,0,NORMAL,0
INV-SYN-15412,TXN-SYN-15412,SUPP-IND-05,BUYER-OMEGA-01,DHL Global Express,1,129432.53,130495.48,0.0082,0.8156,703.71,626.99,1,0,931,1258,0,0,0,1,NORMAL,0
INV-SYN-15413,TXN-SYN-15413,SUPP-GLOBAL-01,BUYER-GLOBAL-05,FedEx International,1,146285.22,146277.97,-0.0,1.219,846.57,741.62,0,0,870,1233,0,21,0,0,NORMAL,0
INV-SYN-15414,TXN-SYN-15414,SUPP-PREC-04,BUYER-OMEGA-01,Kuehne+Nagel Logistics,1,78151.01,76851.39,-0.0166,0.809,292.9,247.65,0,0,865,1259,0,23,1,1,NORMAL,0
INV-SYN-15415,TXN-SYN-15415,SUPP-NEXUS-02,BUYER-GLOBAL-05,DHL Global Express,1,98697.65,97680.08,-0.0103,1.1492,531.78,352.92,0,0,808,1234,0,4,0,1,NORMAL,0
INV-SYN-15416,TXN-SYN-15416,SUPP-PACIFIC-08,BUYER-OMEGA-01,DHL Global Express,1,67829.02,66851.89,-0.0144,0.8914,849.62,784.49,0,0,827,1260,0,18,0,0,NORMAL,0
INV-SYN-15417,TXN-SYN-15417,SUPP-TITAN-03,BUYER-GLOBAL-05,DHL Global Express,1,141682.57,140939.25,-0.0052,0.5034,375.21,297.73,1,0,911,1235,0,1,0,1,NORMAL,0
INV-SYN-15418,TXN-SYN-15418,SUPP-NEXUS-02,BUYER-APEX-06,DB Schenker,1,72880.83,72190.64,-0.0095,0.8493,460.53,338.83,0,0,809,1283,0,2,0,1,NORMAL,0
INV-SYN-15419,TXN-SYN-15419,SUPP-GLOBAL-01,BUYER-APEX-06,DB Schenker,1,84626.75,83452.55,-0.0139,0.6954,839.54,685.74,0,0,871,1284,0,19,1,0,NORMAL,0
INV-SYN-15420,TXN-SYN-15420,SUPP-IND-05,BUYER-OMEGA-01,DB Schenker,1,161356.11,162568.65,0.0075,1.0161,493.25,338.18,1,0,932,1261,0,2,0,1,NORMAL,0
INV-SYN-15421,TXN-SYN-15421,SUPP-IND-05,BUYER-APEX-06,DHL Global Express,1,112383.69,113425.27,0.0093,0.7089,425.69,321.97,1,0,933,1285,0,0,0,1,NORMAL,0
INV-SYN-15422,TXN-SYN-15422,SUPP-GLOBAL-01,BUYER-APEX-06,Kuehne+Nagel Logistics,1,147779.25,146055.15,-0.0117,1.2171,565.39,465.61,0,0,872,1286,0,17,0,0,NORMAL,0
INV-SYN-15423,TXN-SYN-15423,SUPP-SUSP-06,BUYER-QUICK-04,Unregistered Logistics,1,300000.0,300000.0,0.0,0.7692,30.26,-6.24,6,5,109,193,1,0,1,1,OFF_HOURS_ROUND_SUM,1
INV-SYN-15424,TXN-SYN-15424,SUPP-IND-05,BUYER-VORTEX-02,DB Schenker,1,152896.16,153887.48,0.0065,0.9618,943.86,770.49,1,0,934,1293,0,23,0,1,NORMAL,0
INV-SYN-15425,TXN-SYN-15425,SUPP-IND-05,BUYER-APEX-06,Maersk Ocean Freight,1,186235.69,183316.94,-0.0157,1.1457,788.54,698.83,1,0,935,1287,0,21,0,0,NORMAL,0
INV-SYN-15426,TXN-SYN-15426,SUPP-GLOBAL-01,BUYER-GLOBAL-05,Maersk Ocean Freight,1,148917.21,148959.73,0.0003,1.2413,384.46,324.57,0,0,873,1236,0,2,0,1,NORMAL,0
INV-SYN-15427,TXN-SYN-15427,SUPP-NEXUS-02,BUYER-VORTEX-02,Kuehne+Nagel Logistics,1,84572.9,84587.9,0.0002,0.9952,591.51,442.41,0,0,810,1294,0,22,0,0,NORMAL,0
INV-SYN-15428,TXN-SYN-15428,SUPP-TITAN-03,BUYER-GLOBAL-05,FedEx International,1,226015.98,507585.58,1.2458,1.8128,477.18,411.36,1,0,912,1237,0,17,0,0,AMOUNT_INFLATION,1
INV-SYN-15429,TXN-SYN-15429,SUPP-GLOBAL-01,BUYER-GLOBAL-05,DHL Global Express,1,66780.91,67390.14,0.0091,0.5616,792.65,680.37,0,0,874,1238,0,12,0,0,NORMAL,0
INV-SYN-15430,TXN-SYN-15430,SUPP-IND-05,BUYER-VORTEX-02,Maersk Ocean Freight,1,132558.01,130809.56,-0.0132,0.8176,427.73,251.14,1,0,936,1295,0,13,0,0,NORMAL,0
INV-SYN-15431,TXN-SYN-15431,SUPP-PACIFIC-08,BUYER-APEX-06,FedEx International,1,63427.27,63041.48,-0.0061,0.8406,756.32,657.63,0,0,828,1288,0,0,0,1,NORMAL,0
INV-SYN-15432,TXN-SYN-15432,SUPP-GLOBAL-01,BUYER-OMEGA-01,DHL Global Express,1,123211.72,121961.3,-0.0101,1.0163,754.94,587.18,0,0,875,1262,0,9,0,0,NORMAL,0
INV-SYN-15433,TXN-SYN-15433,SUPP-GLOBAL-01,BUYER-GLOBAL-05,Maersk Ocean Freight,1,109645.59,108417.24,-0.0112,0.9035,627.17,449.01,0,0,876,1239,0,17,0,0,NORMAL,0
INV-SYN-15434,TXN-SYN-15434,SUPP-PACIFIC-08,BUYER-GLOBAL-05,DHL Global Express,1,87898.74,87291.78,-0.0069,1.1639,956.99,773.78,0,0,829,1240,0,10,1,0,NORMAL,0
INV-SYN-15435,TXN-SYN-15435,SUPP-NEXUS-02,BUYER-APEX-06,Maersk Ocean Freight,1,71974.11,71551.24,-0.0059,0.8418,509.57,387.41,0,0,811,1289,0,17,1,0,NORMAL,0
INV-SYN-15436,TXN-SYN-15436,SUPP-PACIFIC-08,BUYER-GLOBAL-05,DB Schenker,1,73930.48,73278.39,-0.0088,0.977,541.95,428.68,0,0,830,1241,0,6,0,0,NORMAL,0
INV-SYN-15437,TXN-SYN-15437,SUPP-PREC-04,BUYER-VORTEX-02,FedEx International,1,123119.7,121322.36,-0.0146,1.2771,769.39,669.6,0,0,866,1296,0,12,0,0,NORMAL,0
INV-SYN-15438,TXN-SYN-15438,SUPP-NEXUS-02,BUYER-VORTEX-02,DHL Global Express,1,92263.79,93041.86,0.0084,1.0946,466.68,354.39,0,0,812,1297,0,22,0,0,NORMAL,0
INV-SYN-15439,TXN-SYN-15439,SUPP-PACIFIC-08,BUYER-OMEGA-01,Kuehne+Nagel Logistics,1,73874.3,74587.1,0.0096,0.9945,785.8,698.87,0,0,831,1263,0,9,0,0,NORMAL,0
INV-SYN-15440,TXN-SYN-15440,SUPP-PACIFIC-08,BUYER-OMEGA-01,Maersk Ocean Freight,1,63713.54,62946.86,-0.012,0.8393,497.61,354.72,0,0,832,1264,0,23,0,1,NORMAL,0
INV-SYN-15441,TXN-SYN-15441,SUPP-PREC-04,BUYER-APEX-06,DB Schenker,1,79960.75,80414.75,0.0057,0.8465,767.55,708.1,0,0,867,1290,0,5,1,1,NORMAL,0
INV-SYN-15442,TXN-SYN-15442,SUPP-PREC-04,BUYER-APEX-06,Kuehne+Nagel Logistics,1,74797.94,74530.11,-0.0036,0.7845,396.02,260.04,0,0,868,1291,0,14,0,0,NORMAL,0
INV-SYN-15443,TXN-SYN-15443,SUPP-TITAN-03,BUYER-OMEGA-01,Maersk Ocean Freight,1,242129.52,240706.7,-0.0059,0.8597,388.81,351.65,1,0,913,1265,0,8,0,0,NORMAL,0
INV-SYN-15444,TXN-SYN-15444,SUPP-IND-05,BUYER-STEEL-03,DB Schenker,1,190226.63,271546.6,0.4275,1.6972,619.43,478.31,1,1,937,158,0,21,0,0,AMOUNT_INFLATION,1
INV-SYN-15445,TXN-SYN-15445,SUPP-NEXUS-02,BUYER-GLOBAL-05,DHL Global Express,1,80284.87,79508.82,-0.0097,0.9354,864.01,722.88,0,0,813,1242,0,20,0,0,NORMAL,0
INV-SYN-15446,TXN-SYN-15446,SUPP-PACIFIC-08,BUYER-VORTEX-02,Maersk Ocean Freight,1,49691.75,48795.38,-0.018,0.6506,668.27,516.76,0,0,833,1298,0,18,0,0,NORMAL,0
INV-SYN-15447,TXN-SYN-15447,SUPP-NEXUS-02,BUYER-OMEGA-01,FedEx International,1,122573.6,121061.06,-0.0123,1.4242,799.83,679.79,0,0,814,1266,0,2,0,1,NORMAL,0
INV-SYN-15448,TXN-SYN-15448,SUPP-SUSP-06,BUYER-STEEL-03,Kuehne+Nagel Logistics,1,888545.84,1021827.72,0.15,2.6201,238.29,127.63,6,1,110,159,0,9,0,0,SERIAL_COUNTERPARTY_SPIKE,1
INV-SYN-15449,TXN-SYN-15449,SUPP-GLOBAL-01,BUYER-OMEGA-01,FedEx International,1,77791.7,77430.41,-0.0046,0.6453,569.7,482.71,0,0,877,1267,0,10,1,0,NORMAL,0
INV-SYN-15450,TXN-SYN-15450,SUPP-NEXUS-02,BUYER-APEX-06,DB Schenker,1,75610.71,74141.22,-0.0194,0.8722,893.89,772.81,0,0,815,1292,0,14,1,0,NORMAL,0
INV-SYN-15451,TXN-SYN-15451,SUPP-TITAN-03,BUYER-VORTEX-02,Maersk Ocean Freight,1,287762.05,282398.29,-0.0186,1.0086,606.87,524.35,1,0,914,1299,0,23,0,1,NORMAL,0
INV-SYN-15452,TXN-SYN-15452,SUPP-PACIFIC-08,BUYER-OMEGA-01,DB Schenker,1,106961.1,107716.16,0.0071,1.4362,858.31,820.79,0,0,834,1268,0,13,0,0,NORMAL,0
INV-SYN-15453,TXN-SYN-15453,SUPP-PACIFIC-08,BUYER-GLOBAL-05,FedEx International,1,54222.89,53965.2,-0.0048,0.7195,541.63,408.78,0,0,835,1243,0,7,1,0,NORMAL,0
INV-SYN-15454,TXN-SYN-15454,SUPP-PREC-04,BUYER-VORTEX-02,Kuehne+Nagel Logistics,1,118180.97,118588.98,0.0035,1.2483,466.56,363.14,0,0,869,1300,0,21,1,0,NORMAL,0
INV-SYN-15455,TXN-SYN-15455,SUPP-PACIFIC-08,BUYER-APEX-06,FedEx International,1,101240.37,102068.55,0.0082,1.3609,819.5,698.46,0,0,836,1293,0,19,1,0,NORMAL,0
INV-SYN-15456,TXN-SYN-15456,SUPP-PREC-04,BUYER-VORTEX-02,DB Schenker,1,80069.46,79822.78,-0.0031,0.8402,434.8,291.23,0,0,870,1301,0,16,1,0,NORMAL,0
INV-SYN-15457,TXN-SYN-15457,SUPP-PREC-04,BUYER-VORTEX-02,DHL Global Express,1,88409.05,88204.31,-0.0023,0.9285,490.74,423.32,0,0,871,1302,0,20,0,0,NORMAL,0
INV-SYN-15458,TXN-SYN-15458,SUPP-GLOBAL-01,BUYER-VORTEX-02,FedEx International,1,88910.72,89528.03,0.0069,0.7461,524.16,406.31,0,0,878,1303,0,22,0,0,NORMAL,0
INV-SYN-15459,TXN-SYN-15459,SUPP-GLOBAL-01,BUYER-OMEGA-01,FedEx International,1,113896.17,113292.8,-0.0053,0.9441,751.0,675.21,0,0,879,1269,0,14,1,0,NORMAL,0
INV-SYN-15460,TXN-SYN-15460,SUPP-NEXUS-02,BUYER-APEX-06,Kuehne+Nagel Logistics,1,84222.46,82779.96,-0.0171,0.9739,802.32,629.39,0,0,816,1294,0,10,1,0,NORMAL,0
INV-SYN-15461,TXN-SYN-15461,SUPP-PACIFIC-08,BUYER-VORTEX-02,DHL Global Express,1,87368.44,87743.68,0.0043,1.1699,732.79,574.96,0,0,837,1304,0,2,1,1,NORMAL,0
INV-SYN-15462,TXN-SYN-15462,SUPP-TITAN-03,BUYER-GLOBAL-05,DB Schenker,1,356312.84,356232.62,-0.0002,1.2723,625.88,560.96,1,0,915,1244,0,8,0,0,NORMAL,0
INV-SYN-15463,TXN-SYN-15463,SUPP-GLOBAL-01,BUYER-VORTEX-02,DHL Global Express,1,97557.12,96769.42,-0.0081,0.8064,676.9,631.0,0,0,880,1305,0,6,0,0,NORMAL,0
INV-SYN-15464,TXN-SYN-15464,SUPP-NEXUS-02,BUYER-GLOBAL-05,Kuehne+Nagel Logistics,1,43194.34,43271.19,0.0018,0.5091,636.64,482.2,0,0,817,1245,0,2,1,1,NORMAL,0
INV-SYN-15465,TXN-SYN-15465,SUPP-NEXUS-02,BUYER-APEX-06,Kuehne+Nagel Logistics,1,84548.55,85379.07,0.0098,1.0045,897.66,788.01,0,0,818,1295,0,0,0,1,NORMAL,0
INV-SYN-15466,TXN-SYN-15466,SUPP-PACIFIC-08,BUYER-GLOBAL-05,DHL Global Express,1,80503.83,79065.12,-0.0179,1.0542,477.72,388.91,0,0,838,1246,0,20,0,0,NORMAL,0
INV-SYN-15467,TXN-SYN-15467,SUPP-GLOBAL-01,BUYER-APEX-06,FedEx International,1,127482.53,125217.95,-0.0178,1.0435,625.39,506.54,0,0,881,1296,0,0,0,1,NORMAL,0
INV-SYN-15468,TXN-SYN-15468,SUPP-PACIFIC-08,BUYER-VORTEX-02,DB Schenker,1,68874.88,68613.25,-0.0038,0.9148,551.27,373.98,0,0,839,1306,0,5,0,1,NORMAL,0
INV-SYN-15469,TXN-SYN-15469,SUPP-GLOBAL-01,BUYER-VORTEX-02,DB Schenker,1,123742.56,124210.75,0.0038,1.0351,456.64,297.84,0,0,882,1307,0,18,0,0,NORMAL,0
INV-SYN-15470,TXN-SYN-15470,SUPP-PREC-04,BUYER-GLOBAL-05,Kuehne+Nagel Logistics,1,130991.81,129616.53,-0.0105,1.3644,759.13,594.04,0,0,872,1247,0,22,0,0,NORMAL,0
INV-SYN-15471,TXN-SYN-15471,SUPP-IND-05,BUYER-VORTEX-02,None,0,270377.1,270377.1,0.0,1.6899,4.16,-1.0,1,0,938,1308,0,14,0,0,RAPID_GHOST_SETTLEMENT,1
INV-SYN-15472,TXN-SYN-15472,SUPP-PREC-04,BUYER-OMEGA-01,FedEx International,1,86132.5,84630.77,-0.0174,0.8909,482.08,378.72,0,0,873,1270,0,17,0,0,NORMAL,0
INV-SYN-15473,TXN-SYN-15473,SUPP-GLOBAL-01,BUYER-APEX-06,Maersk Ocean Freight,1,104994.07,102986.66,-0.0191,0.8582,613.38,471.43,0,0,883,1297,0,23,0,1,NORMAL,0
INV-SYN-15474,TXN-SYN-15474,SUPP-GLOBAL-01,BUYER-OMEGA-01,DB Schenker,1,114904.43,115997.03,0.0095,0.9666,940.83,772.43,0,0,884,1271,0,2,0,1,NORMAL,0
INV-SYN-15475,TXN-SYN-15475,SUPP-GLOBAL-01,BUYER-GLOBAL-05,FedEx International,1,169102.2,166253.81,-0.0168,1.3854,451.88,262.29,0,0,885,1248,0,9,1,0,NORMAL,0
INV-SYN-15476,TXN-SYN-15476,SUPP-PHANTOM-07,BUYER-QUICK-04,Unregistered Logistics,1,450000.0,450000.0,0.0,1.0,63.11,21.72,8,5,99,194,1,1,0,1,OFF_HOURS_ROUND_SUM,1
INV-SYN-15477,TXN-SYN-15477,SUPP-PREC-04,BUYER-VORTEX-02,Kuehne+Nagel Logistics,1,94529.88,93007.76,-0.0161,0.979,361.73,255.2,0,0,874,1309,0,0,0,1,NORMAL,0
INV-SYN-15478,TXN-SYN-15478,SUPP-PREC-04,BUYER-VORTEX-02,DHL Global Express,1,83545.05,83503.68,-0.0005,0.879,751.3,663.54,0,0,875,1310,0,16,1,0,NORMAL,0
INV-SYN-15479,TXN-SYN-15479,SUPP-PREC-04,BUYER-OMEGA-01,Kuehne+Nagel Logistics,1,121100.85,121485.73,0.0032,1.2788,677.72,596.2,0,0,876,1272,0,23,0,1,NORMAL,0
INV-SYN-15480,TXN-SYN-15480,SUPP-TITAN-03,BUYER-VORTEX-02,FedEx International,1,417188.61,414041.45,-0.0075,1.4787,826.59,645.27,1,0,916,1311,0,2,0,1,NORMAL,0
INV-SYN-15481,TXN-SYN-15481,SUPP-PREC-04,BUYER-GLOBAL-05,Maersk Ocean Freight,1,105702.06,103859.53,-0.0174,1.0933,622.39,452.13,0,0,877,1249,0,4,0,1,NORMAL,0
INV-SYN-15482,TXN-SYN-15482,SUPP-TITAN-03,BUYER-APEX-06,Maersk Ocean Freight,1,285794.1,286204.0,0.0014,1.0222,752.43,577.72,1,0,917,1298,0,5,1,1,NORMAL,0
INV-SYN-15483,TXN-SYN-15483,SUPP-PACIFIC-08,BUYER-GLOBAL-05,DB Schenker,1,75689.68,75322.82,-0.0048,1.0043,924.36,823.78,0,0,840,1250,0,16,0,0,NORMAL,0
INV-SYN-15484,TXN-SYN-15484,SUPP-IND-05,BUYER-VORTEX-02,FedEx International,1,64627.73,63940.2,-0.0106,0.3996,526.75,354.07,1,0,939,1312,0,18,0,0,NORMAL,0
INV-SYN-15485,TXN-SYN-15485,SUPP-IND-05,BUYER-APEX-06,DHL Global Express,1,189806.03,186753.15,-0.0161,1.1672,427.1,349.45,1,0,940,1299,0,9,1,0,NORMAL,0
INV-SYN-15486,TXN-SYN-15486,SUPP-PREC-04,BUYER-APEX-06,DB Schenker,1,98186.45,96680.48,-0.0153,1.0177,533.67,343.83,0,0,878,1300,0,9,1,0,NORMAL,0
INV-SYN-15487,TXN-SYN-15487,SUPP-TITAN-03,BUYER-OMEGA-01,FedEx International,1,309983.94,310842.82,0.0028,1.1102,651.73,502.9,1,0,918,1273,0,14,0,0,NORMAL,0
INV-SYN-15488,TXN-SYN-15488,SUPP-PREC-04,BUYER-VORTEX-02,DB Schenker,1,78102.77,77921.02,-0.0023,0.8202,872.1,835.7,0,0,879,1313,0,6,0,0,NORMAL,0
INV-SYN-15489,TXN-SYN-15489,SUPP-PACIFIC-08,BUYER-OMEGA-01,FedEx International,1,67791.43,67433.86,-0.0053,0.8991,552.27,502.23,0,0,841,1274,0,12,0,0,NORMAL,0
INV-SYN-15490,TXN-SYN-15490,SUPP-IND-05,BUYER-OMEGA-01,DHL Global Express,1,143559.0,142304.25,-0.0087,0.8894,334.88,249.11,1,0,941,1275,0,0,1,1,NORMAL,0
INV-SYN-15491,TXN-SYN-15491,SUPP-PREC-04,BUYER-OMEGA-01,DHL Global Express,1,119263.55,119002.08,-0.0022,1.2527,939.17,759.98,0,0,880,1276,0,9,0,0,NORMAL,0
INV-SYN-15492,TXN-SYN-15492,SUPP-PACIFIC-08,BUYER-VORTEX-02,FedEx International,1,67898.25,66961.17,-0.0138,0.8928,661.98,613.49,0,0,842,1314,0,5,0,1,NORMAL,0
INV-SYN-15493,TXN-SYN-15493,SUPP-GLOBAL-01,BUYER-VORTEX-02,FedEx International,1,182479.81,183178.75,0.0038,1.5265,583.12,455.38,0,0,886,1315,0,19,1,0,NORMAL,0
INV-SYN-15494,TXN-SYN-15494,SUPP-GLOBAL-01,BUYER-OMEGA-01,Maersk Ocean Freight,1,132925.87,131876.56,-0.0079,1.099,537.54,431.61,0,0,887,1277,0,21,1,0,NORMAL,0
INV-SYN-15495,TXN-SYN-15495,SUPP-TITAN-03,BUYER-APEX-06,DHL Global Express,1,190702.21,187737.52,-0.0155,0.6705,698.41,651.29,1,0,919,1301,0,0,1,1,NORMAL,0
INV-SYN-15496,TXN-SYN-15496,SUPP-PACIFIC-08,BUYER-APEX-06,Kuehne+Nagel Logistics,1,72589.76,72780.98,0.0026,0.9704,433.93,275.59,0,0,843,1302,0,0,0,1,NORMAL,0
INV-SYN-15497,TXN-SYN-15497,SUPP-TITAN-03,BUYER-GLOBAL-05,Maersk Ocean Freight,1,234382.74,233375.16,-0.0043,0.8335,443.06,309.48,1,0,920,1251,0,8,1,0,NORMAL,0
INV-SYN-15498,TXN-SYN-15498,SUPP-TITAN-03,BUYER-APEX-06,Kuehne+Nagel Logistics,1,262851.6,302279.34,0.15,1.0796,207.09,98.74,1,0,921,1303,0,0,1,1,SERIAL_COUNTERPARTY_SPIKE,1
INV-SYN-15499,TXN-SYN-15499,SUPP-GLOBAL-01,BUYER-GLOBAL-05,DHL Global Express,1,167984.13,165024.01,-0.0176,1.3752,817.74,722.7,0,0,888,1252,0,23,0,1,NORMAL,0
INV-SYN-15500,TXN-SYN-15500,SUPP-NEXUS-02,BUYER-GLOBAL-05,DB Schenker,1,99941.78,99065.87,-0.0088,1.1655,424.57,294.84,0,0,819,1253,0,15,0,0,NORMAL,0
INV-SYN-15501,TXN-SYN-15501,SUPP-GLOBAL-01,BUYER-GLOBAL-05,Kuehne+Nagel Logistics,1,135996.22,136373.53,0.0028,1.1364,935.87,760.09,0,0,889,1254,0,7,0,0,NORMAL,0
INV-SYN-15502,TXN-SYN-15502,SUPP-PREC-04,BUYER-GLOBAL-05,Kuehne+Nagel Logistics,1,98928.34,99463.42,0.0054,1.047,803.65,711.19,0,0,881,1255,0,5,0,1,NORMAL,0
INV-SYN-15503,TXN-SYN-15503,SUPP-PREC-04,BUYER-VORTEX-02,Maersk Ocean Freight,1,62177.08,62797.96,0.01,0.661,457.81,356.61,0,0,882,1316,0,7,1,0,NORMAL,0
INV-SYN-15504,TXN-SYN-15504,SUPP-IND-05,BUYER-VORTEX-02,Kuehne+Nagel Logistics,1,140655.31,139151.55,-0.0107,0.8697,738.92,593.03,1,0,942,1317,0,1,0,1,NORMAL,0
INV-SYN-15505,TXN-SYN-15505,SUPP-PREC-04,BUYER-OMEGA-01,DHL Global Express,1,114992.29,115388.07,0.0034,1.2146,730.56,548.34,0,0,883,1278,0,0,1,1,NORMAL,0
INV-SYN-15506,TXN-SYN-15506,SUPP-TITAN-03,BUYER-OMEGA-01,Kuehne+Nagel Logistics,1,206414.6,204076.7,-0.0113,0.7288,867.74,828.68,1,0,922,1279,0,6,1,0,NORMAL,0
INV-SYN-15507,TXN-SYN-15507,SUPP-TITAN-03,BUYER-APEX-06,Kuehne+Nagel Logistics,1,102776.15,101045.29,-0.0168,0.3609,473.68,312.56,1,0,923,1304,0,12,0,0,NORMAL,0
INV-SYN-15508,TXN-SYN-15508,SUPP-IND-05,BUYER-VORTEX-02,FedEx International,1,150915.76,150670.37,-0.0016,0.9417,804.06,632.97,1,0,943,1318,0,18,1,0,NORMAL,0
INV-SYN-15509,TXN-SYN-15509,SUPP-IND-05,BUYER-VORTEX-02,Maersk Ocean Freight,1,154329.7,154024.1,-0.002,0.9627,512.57,369.27,1,0,944,1319,0,10,0,0,NORMAL,0
INV-SYN-15510,TXN-SYN-15510,SUPP-GLOBAL-01,BUYER-VORTEX-02,Maersk Ocean Freight,1,124066.9,122319.9,-0.0141,1.0193,629.22,438.22,0,0,890,1320,0,7,0,0,NORMAL,0
INV-SYN-15511,TXN-SYN-15511,SUPP-TITAN-03,BUYER-QUICK-04,DB Schenker,1,586245.14,674181.91,0.15,2.4078,229.67,159.1,1,5,924,195,0,2,0,1,SERIAL_COUNTERPARTY_SPIKE,1
INV-SYN-15512,TXN-SYN-15512,SUPP-GLOBAL-01,BUYER-APEX-06,DB Schenker,1,139128.17,140273.82,0.0082,1.1689,915.48,825.12,0,0,891,1305,0,10,0,0,NORMAL,0
INV-SYN-15513,TXN-SYN-15513,SUPP-PREC-04,BUYER-OMEGA-01,DHL Global Express,1,101145.78,100246.46,-0.0089,1.0552,597.42,410.89,0,0,884,1280,0,19,1,0,NORMAL,0
INV-SYN-15514,TXN-SYN-15514,SUPP-NEXUS-02,BUYER-APEX-06,Kuehne+Nagel Logistics,1,110405.04,109797.62,-0.0055,1.2917,698.95,603.72,0,0,820,1306,0,17,1,0,NORMAL,0
INV-SYN-15515,TXN-SYN-15515,SUPP-IND-05,BUYER-VORTEX-02,DB Schenker,1,99241.21,99398.55,0.0016,0.6212,526.5,469.82,1,0,945,1321,0,16,1,0,NORMAL,0
INV-SYN-15516,TXN-SYN-15516,SUPP-NEXUS-02,BUYER-APEX-06,Kuehne+Nagel Logistics,1,95722.36,95018.83,-0.0073,1.1179,674.5,589.57,0,0,821,1307,0,9,0,0,NORMAL,0
INV-SYN-15517,TXN-SYN-15517,SUPP-GLOBAL-01,BUYER-VORTEX-02,DHL Global Express,1,138796.15,138538.51,-0.0019,1.1545,881.73,793.55,0,0,892,1322,0,7,1,0,NORMAL,0
INV-SYN-15518,TXN-SYN-15518,SUPP-IND-05,BUYER-GLOBAL-05,DB Schenker,1,110417.51,108882.85,-0.0139,0.6805,503.37,322.95,1,0,946,1256,0,11,1,0,NORMAL,0
INV-SYN-15519,TXN-SYN-15519,SUPP-IND-05,BUYER-APEX-06,Kuehne+Nagel Logistics,1,99885.18,98723.01,-0.0116,0.617,527.02,472.13,1,0,947,1308,0,6,0,0,NORMAL,0
INV-SYN-15520,TXN-SYN-15520,SUPP-TITAN-03,BUYER-APEX-06,DB Schenker,1,227784.05,227358.11,-0.0019,0.812,889.94,762.97,1,0,925,1309,0,15,0,0,NORMAL,0
INV-SYN-15521,TXN-SYN-15521,SUPP-IND-05,BUYER-APEX-06,Maersk Ocean Freight,1,133538.34,131796.78,-0.013,0.8237,491.74,313.32,1,0,948,1310,0,15,0,0,NORMAL,0
INV-SYN-15522,TXN-SYN-15522,SUPP-PACIFIC-08,BUYER-VORTEX-02,DB Schenker,1,89126.61,87446.14,-0.0189,1.1659,560.26,411.18,0,0,844,1323,0,9,0,0,NORMAL,0
INV-SYN-15523,TXN-SYN-15523,SUPP-GLOBAL-01,BUYER-GLOBAL-05,Kuehne+Nagel Logistics,1,101563.84,100326.02,-0.0122,0.8361,351.48,271.98,0,0,893,1257,0,13,0,0,NORMAL,0
INV-SYN-15524,TXN-SYN-15524,SUPP-NEXUS-02,BUYER-GLOBAL-05,DB Schenker,1,66802.59,66155.12,-0.0097,0.7783,546.67,487.18,0,0,822,1258,0,4,1,1,NORMAL,0
INV-SYN-15525,TXN-SYN-15525,SUPP-GLOBAL-01,BUYER-GLOBAL-05,Kuehne+Nagel Logistics,1,101650.99,102140.59,0.0048,0.8512,467.8,406.36,0,0,894,1259,0,4,0,1,NORMAL,0
INV-SYN-15526,TXN-SYN-15526,SUPP-GLOBAL-01,BUYER-APEX-06,DB Schenker,1,153558.97,150904.09,-0.0173,1.2575,446.07,314.34,0,0,895,1311,0,10,0,0,NORMAL,0
INV-SYN-15527,TXN-SYN-15527,SUPP-TITAN-03,BUYER-APEX-06,DB Schenker,1,280913.04,277310.9,-0.0128,0.9904,925.57,804.38,1,0,926,1312,0,17,0,0,NORMAL,0
INV-SYN-15528,TXN-SYN-15528,SUPP-GLOBAL-01,BUYER-VORTEX-02,DHL Global Express,1,114622.47,114129.12,-0.0043,0.9511,774.92,645.58,0,0,896,1324,0,6,0,0,NORMAL,0
INV-SYN-15529,TXN-SYN-15529,SUPP-GLOBAL-01,BUYER-GLOBAL-05,Kuehne+Nagel Logistics,1,116699.84,116047.4,-0.0056,0.9671,491.0,454.94,0,0,897,1260,0,15,0,0,NORMAL,0
INV-SYN-15530,TXN-SYN-15530,SUPP-GLOBAL-01,BUYER-VORTEX-02,DB Schenker,1,158761.81,158788.86,0.0002,1.3232,686.37,616.75,0,0,898,1325,0,19,1,0,NORMAL,0
INV-SYN-15531,TXN-SYN-15531,SUPP-TITAN-03,BUYER-APEX-06,Kuehne+Nagel Logistics,1,227557.98,226091.48,-0.0064,0.8075,786.43,654.97,1,0,927,1313,0,1,1,1,NORMAL,0
INV-SYN-15532,TXN-SYN-15532,SUPP-TITAN-03,BUYER-APEX-06,Kuehne+Nagel Logistics,1,372085.58,365670.72,-0.0172,1.306,469.49,280.23,1,0,928,1314,0,17,1,0,NORMAL,0
INV-SYN-15533,TXN-SYN-15533,SUPP-PREC-04,BUYER-VORTEX-02,DB Schenker,1,99999.29,100192.64,0.0019,1.0547,637.33,486.7,0,0,885,1326,0,7,0,0,NORMAL,0
INV-SYN-15534,TXN-SYN-15534,SUPP-PREC-04,BUYER-VORTEX-02,DB Schenker,1,91190.04,91460.7,0.003,0.9627,408.83,311.63,0,0,886,1327,0,22,0,0,NORMAL,0
INV-SYN-15535,TXN-SYN-15535,SUPP-GLOBAL-01,BUYER-VORTEX-02,DB Schenker,1,195027.01,195803.45,0.004,1.6317,605.68,549.43,0,0,899,1328,0,11,1,0,NORMAL,0
INV-SYN-15536,TXN-SYN-15536,SUPP-SUSP-06,BUYER-QUICK-04,Unregistered Logistics,1,500000.0,500000.0,0.0,1.2821,20.75,7.66,6,5,111,196,1,3,1,1,OFF_HOURS_ROUND_SUM,1
INV-SYN-15537,TXN-SYN-15537,SUPP-TITAN-03,BUYER-GLOBAL-05,DB Schenker,1,255242.0,256284.87,0.0041,0.9153,793.38,629.9,1,0,929,1261,0,20,0,0,NORMAL,0
INV-SYN-15538,TXN-SYN-15538,SUPP-TITAN-03,BUYER-OMEGA-01,DHL Global Express,1,193729.81,193648.96,-0.0004,0.6916,878.36,783.03,1,0,930,1281,0,4,1,1,NORMAL,0
INV-SYN-15539,TXN-SYN-15539,SUPP-PACIFIC-08,BUYER-OMEGA-01,DB Schenker,1,92858.66,92953.28,0.001,1.2394,560.51,389.72,0,0,845,1282,0,12,0,0,NORMAL,0
INV-SYN-15540,TXN-SYN-15540,SUPP-TITAN-03,BUYER-VORTEX-02,DB Schenker,1,398243.23,401235.51,0.0075,1.433,496.96,337.74,1,0,931,1329,0,15,0,0,NORMAL,0
INV-SYN-15541,TXN-SYN-15541,SUPP-GLOBAL-01,BUYER-GLOBAL-05,Maersk Ocean Freight,1,170097.68,168661.99,-0.0084,1.4055,519.67,479.63,0,0,900,1262,0,21,0,0,NORMAL,0
INV-SYN-15542,TXN-SYN-15542,SUPP-PREC-04,BUYER-APEX-06,FedEx International,1,124068.78,121730.14,-0.0188,1.2814,814.36,765.93,0,0,887,1315,0,13,0,0,NORMAL,0
INV-SYN-15543,TXN-SYN-15543,SUPP-NEXUS-02,BUYER-OMEGA-01,DHL Global Express,1,80800.57,79950.88,-0.0105,0.9406,971.52,809.76,0,0,823,1283,0,1,1,1,NORMAL,0
INV-SYN-15544,TXN-SYN-15544,SUPP-GLOBAL-01,BUYER-GLOBAL-05,FedEx International,1,109042.77,107931.8,-0.0102,0.8994,660.87,517.3,0,0,901,1263,0,23,0,1,NORMAL,0
INV-SYN-15545,TXN-SYN-15545,SUPP-IND-05,BUYER-APEX-06,Kuehne+Nagel Logistics,1,93153.21,91550.59,-0.0172,0.5722,671.92,509.44,1,0,949,1316,0,9,0,0,NORMAL,0
INV-SYN-15546,TXN-SYN-15546,SUPP-PACIFIC-08,BUYER-VORTEX-02,Kuehne+Nagel Logistics,1,113172.63,111677.17,-0.0132,1.489,968.51,803.19,0,0,846,1330,0,0,0,1,NORMAL,0
INV-SYN-15547,TXN-SYN-15547,SUPP-IND-05,BUYER-GLOBAL-05,Maersk Ocean Freight,1,178759.12,175290.78,-0.0194,1.0956,839.93,717.91,1,0,950,1264,0,18,0,0,NORMAL,0
INV-SYN-15548,TXN-SYN-15548,SUPP-PREC-04,BUYER-APEX-06,FedEx International,1,83316.02,81859.59,-0.0175,0.8617,942.07,770.54,0,0,888,1317,0,16,0,0,NORMAL,0
INV-SYN-15549,TXN-SYN-15549,SUPP-SUSP-06,BUYER-QUICK-04,DHL Global Express,1,519485.55,829034.82,0.5959,2.1257,448.4,349.07,6,5,112,197,0,22,0,0,AMOUNT_INFLATION,1
INV-SYN-15550,TXN-SYN-15550,SUPP-PREC-04,BUYER-VORTEX-02,FedEx International,1,71896.84,71835.96,-0.0008,0.7562,460.67,367.17,0,0,889,1331,0,10,0,0,NORMAL,0
INV-SYN-15551,TXN-SYN-15551,SUPP-PACIFIC-08,BUYER-APEX-06,Kuehne+Nagel Logistics,1,82624.16,83185.7,0.0068,1.1091,781.13,688.66,0,0,847,1318,0,9,0,0,NORMAL,0
INV-SYN-15552,TXN-SYN-15552,SUPP-NEXUS-02,BUYER-OMEGA-01,Kuehne+Nagel Logistics,1,81331.63,81557.67,0.0028,0.9595,592.73,512.98,0,0,824,1284,0,0,1,1,NORMAL,0
INV-SYN-15553,TXN-SYN-15553,SUPP-NEXUS-02,BUYER-APEX-06,DB Schenker,1,98571.89,98596.14,0.0002,1.16,853.94,806.07,0,0,825,1319,0,11,0,0,NORMAL,0
INV-SYN-15554,TXN-SYN-15554,SUPP-IND-05,BUYER-VORTEX-02,Maersk Ocean Freight,1,157457.06,156717.65,-0.0047,0.9795,777.64,647.79,1,0,951,1332,0,15,0,0,NORMAL,0
INV-SYN-15555,TXN-SYN-15555,SUPP-TITAN-03,BUYER-VORTEX-02,FedEx International,1,178435.05,179230.72,0.0045,0.6401,522.61,445.71,1,0,932,1333,0,12,0,0,NORMAL,0
INV-SYN-15556,TXN-SYN-15556,SUPP-PACIFIC-08,BUYER-APEX-06,Kuehne+Nagel Logistics,1,76417.06,77147.86,0.0096,1.0286,863.92,723.66,0,0,848,1320,0,0,0,1,NORMAL,0
INV-SYN-15557,TXN-SYN-15557,SUPP-PACIFIC-08,BUYER-OMEGA-01,FedEx International,1,94666.2,95583.73,0.0097,1.2744,758.51,709.3,0,0,849,1285,0,1,0,1,NORMAL,0
INV-SYN-15558,TXN-SYN-15558,SUPP-IND-05,BUYER-GLOBAL-05,DHL Global Express,1,158831.34,157820.95,-0.0064,0.9864,474.88,386.92,1,0,952,1265,0,6,1,0,NORMAL,0
INV-SYN-15559,TXN-SYN-15559,SUPP-TITAN-03,BUYER-OMEGA-01,Maersk Ocean Freight,1,334258.06,330312.57,-0.0118,1.1797,300.83,251.07,1,0,933,1286,0,23,1,1,NORMAL,0
INV-SYN-15560,TXN-SYN-15560,SUPP-PACIFIC-08,BUYER-VORTEX-02,Maersk Ocean Freight,1,55396.32,54374.46,-0.0184,0.725,791.25,701.31,0,0,850,1334,0,0,1,1,NORMAL,0
INV-SYN-15561,TXN-SYN-15561,SUPP-PREC-04,BUYER-GLOBAL-05,Kuehne+Nagel Logistics,1,94376.31,92657.12,-0.0182,0.9753,437.41,305.19,0,0,890,1266,0,17,1,0,NORMAL,0
INV-SYN-15562,TXN-SYN-15562,SUPP-IND-05,BUYER-GLOBAL-05,FedEx International,1,135019.58,134159.5,-0.0064,0.8385,572.63,436.92,1,0,953,1267,0,16,0,0,NORMAL,0
INV-SYN-15563,TXN-SYN-15563,SUPP-GLOBAL-01,BUYER-VORTEX-02,FedEx International,1,142409.43,141847.53,-0.0039,1.1821,914.61,819.55,0,0,902,1335,0,14,1,0,NORMAL,0
INV-SYN-15564,TXN-SYN-15564,SUPP-IND-05,BUYER-GLOBAL-05,DHL Global Express,1,161259.66,162068.82,0.005,1.0129,708.7,652.77,1,0,954,1268,0,10,0,0,NORMAL,0
INV-SYN-15565,TXN-SYN-15565,SUPP-TITAN-03,BUYER-OMEGA-01,FedEx International,1,328305.16,331487.98,0.0097,1.1839,462.1,304.48,1,0,934,1287,0,15,1,0,NORMAL,0
INV-SYN-15566,TXN-SYN-15566,SUPP-TITAN-03,BUYER-OMEGA-01,Maersk Ocean Freight,1,356139.73,355002.23,-0.0032,1.2679,724.62,650.72,1,0,935,1288,0,16,0,0,NORMAL,0
INV-SYN-15567,TXN-SYN-15567,SUPP-IND-05,BUYER-OMEGA-01,FedEx International,1,187664.74,185262.04,-0.0128,1.1579,885.72,807.36,1,0,955,1289,0,18,0,0,NORMAL,0
INV-SYN-15568,TXN-SYN-15568,SUPP-PACIFIC-08,BUYER-VORTEX-02,Maersk Ocean Freight,1,80120.97,78860.32,-0.0157,1.0515,876.79,701.38,0,0,851,1336,0,0,0,1,NORMAL,0
INV-SYN-15569,TXN-SYN-15569,SUPP-TITAN-03,BUYER-GLOBAL-05,FedEx International,1,210125.14,210491.76,0.0017,0.7518,868.55,772.87,1,0,936,1269,0,18,1,0,NORMAL,0
INV-SYN-15570,TXN-SYN-15570,SUPP-TITAN-03,BUYER-APEX-06,Kuehne+Nagel Logistics,1,279804.97,280896.14,0.0039,1.0032,718.2,567.82,1,0,937,1321,0,20,0,0,NORMAL,0
INV-SYN-15571,TXN-SYN-15571,SUPP-IND-05,BUYER-QUICK-04,DB Schenker,1,138676.38,279447.54,1.0151,1.7465,383.36,301.65,1,5,956,198,0,8,0,0,AMOUNT_INFLATION,1
INV-SYN-15572,TXN-SYN-15572,SUPP-TITAN-03,BUYER-APEX-06,DB Schenker,1,255915.52,254872.06,-0.0041,0.9103,869.29,804.14,1,0,938,1322,0,21,0,0,NORMAL,0
INV-SYN-15573,TXN-SYN-15573,SUPP-GLOBAL-01,BUYER-GLOBAL-05,FedEx International,1,108763.98,108957.72,0.0018,0.908,767.94,602.4,0,0,903,1270,0,18,0,0,NORMAL,0
INV-SYN-15574,TXN-SYN-15574,SUPP-IND-05,BUYER-VORTEX-02,DB Schenker,1,120802.98,121481.67,0.0056,0.7593,622.79,499.3,1,0,957,1337,0,19,1,0,NORMAL,0
INV-SYN-15575,TXN-SYN-15575,SUPP-TITAN-03,BUYER-GLOBAL-05,DHL Global Express,1,142986.3,143530.23,0.0038,0.5126,883.47,739.55,1,0,939,1271,0,10,1,0,NORMAL,0
INV-SYN-15576,TXN-SYN-15576,SUPP-TITAN-03,BUYER-GLOBAL-05,Kuehne+Nagel Logistics,1,233229.99,229666.46,-0.0153,0.8202,710.02,624.2,1,0,940,1272,0,5,0,1,NORMAL,0
INV-SYN-15577,TXN-SYN-15577,SUPP-IND-05,BUYER-QUICK-04,Kuehne+Nagel Logistics,1,293482.33,337504.68,0.15,2.1094,80.98,-21.98,1,5,958,199,0,9,0,0,SERIAL_COUNTERPARTY_SPIKE,1
INV-SYN-15578,TXN-SYN-15578,SUPP-IND-05,BUYER-OMEGA-01,FedEx International,1,106072.92,104061.43,-0.019,0.6504,356.65,267.39,1,0,959,1290,0,0,1,1,NORMAL,0
INV-SYN-15579,TXN-SYN-15579,SUPP-PREC-04,BUYER-OMEGA-01,DHL Global Express,1,95372.45,96271.45,0.0094,1.0134,688.14,619.67,0,0,891,1291,0,19,1,0,NORMAL,0
INV-SYN-15580,TXN-SYN-15580,SUPP-TITAN-03,BUYER-GLOBAL-05,DHL Global Express,1,413018.79,410890.89,-0.0052,1.4675,461.19,329.43,1,0,941,1273,0,18,0,0,NORMAL,0
INV-SYN-15581,TXN-SYN-15581,SUPP-PACIFIC-08,BUYER-GLOBAL-05,Kuehne+Nagel Logistics,1,94182.31,94499.81,0.0034,1.26,419.35,381.32,0,0,852,1274,0,3,0,1,NORMAL,0
INV-SYN-15582,TXN-SYN-15582,SUPP-GLOBAL-01,BUYER-APEX-06,DHL Global Express,1,169306.25,168670.1,-0.0038,1.4056,445.84,312.48,0,0,904,1323,0,11,0,0,NORMAL,0
INV-SYN-15583,TXN-SYN-15583,SUPP-NEXUS-02,BUYER-OMEGA-01,FedEx International,1,93311.47,93565.23,0.0027,1.1008,718.43,606.25,0,0,826,1292,0,4,0,1,NORMAL,0
INV-SYN-15584,TXN-SYN-15584,SUPP-PACIFIC-08,BUYER-OMEGA-01,FedEx International,1,96890.81,96750.47,-0.0014,1.29,910.24,775.92,0,0,853,1293,0,3,0,1,NORMAL,0
INV-SYN-15585,TXN-SYN-15585,SUPP-PHANTOM-07,BUYER-QUICK-04,DB Schenker,1,368553.97,917575.13,1.4897,2.0391,294.07,199.16,8,5,100,200,0,20,0,0,AMOUNT_INFLATION,1
INV-SYN-15586,TXN-SYN-15586,SUPP-NEXUS-02,BUYER-APEX-06,DHL Global Express,1,71307.77,70666.01,-0.009,0.8314,756.45,566.22,0,0,827,1324,0,8,0,0,NORMAL,0
INV-SYN-15587,TXN-SYN-15587,SUPP-GLOBAL-01,BUYER-VORTEX-02,DHL Global Express,1,37825.79,37075.14,-0.0198,0.309,772.22,621.32,0,0,905,1338,0,16,1,0,NORMAL,0
INV-SYN-15588,TXN-SYN-15588,SUPP-IND-05,BUYER-VORTEX-02,DHL Global Express,1,207445.82,205353.92,-0.0101,1.2835,465.96,275.65,1,0,960,1339,0,2,1,1,NORMAL,0
INV-SYN-15589,TXN-SYN-15589,SUPP-PREC-04,BUYER-GLOBAL-05,Maersk Ocean Freight,1,131582.69,131865.64,0.0022,1.3881,539.18,366.48,0,0,892,1275,0,7,1,0,NORMAL,0
INV-SYN-15590,TXN-SYN-15590,SUPP-PHANTOM-07,BUYER-QUICK-04,None,0,452717.02,452717.02,0.0,1.006,2.71,-1.0,8,5,101,201,0,13,1,0,RAPID_GHOST_SETTLEMENT,1
INV-SYN-15591,TXN-SYN-15591,SUPP-NEXUS-02,BUYER-VORTEX-02,Maersk Ocean Freight,1,79603.53,78729.56,-0.011,0.9262,997.83,831.3,0,0,828,1340,0,14,1,0,NORMAL,0
INV-SYN-15592,TXN-SYN-15592,SUPP-PREC-04,BUYER-OMEGA-01,Kuehne+Nagel Logistics,1,77095.77,75665.44,-0.0186,0.7965,609.91,512.53,0,0,893,1294,0,8,1,0,NORMAL,0
INV-SYN-15593,TXN-SYN-15593,SUPP-PACIFIC-08,BUYER-VORTEX-02,DB Schenker,1,82174.75,81648.33,-0.0064,1.0886,457.65,338.71,0,0,854,1341,0,18,1,0,NORMAL,0
INV-SYN-15594,TXN-SYN-15594,SUPP-TITAN-03,BUYER-OMEGA-01,DB Schenker,1,358745.28,351993.93,-0.0188,1.2571,362.88,255.25,1,0,942,1295,0,21,0,0,NORMAL,0
INV-SYN-15595,TXN-SYN-15595,SUPP-PACIFIC-08,BUYER-GLOBAL-05,DHL Global Express,1,42323.03,42504.96,0.0043,0.5667,841.6,675.85,0,0,855,1276,0,16,0,0,NORMAL,0
INV-SYN-15596,TXN-SYN-15596,SUPP-PACIFIC-08,BUYER-OMEGA-01,Maersk Ocean Freight,1,82676.97,82846.09,0.002,1.1046,674.68,518.97,0,0,856,1296,0,17,0,0,NORMAL,0
INV-SYN-15597,TXN-SYN-15597,SUPP-PACIFIC-08,BUYER-APEX-06,Maersk Ocean Freight,1,69812.4,69545.76,-0.0038,0.9273,603.69,509.92,0,0,857,1325,0,4,0,1,NORMAL,0
INV-SYN-15598,TXN-SYN-15598,SUPP-GLOBAL-01,BUYER-VORTEX-02,Maersk Ocean Freight,1,123401.83,121766.46,-0.0133,1.0147,753.97,619.94,0,0,906,1342,0,17,1,0,NORMAL,0
INV-SYN-15599,TXN-SYN-15599,SUPP-PACIFIC-08,BUYER-GLOBAL-05,DHL Global Express,1,83606.14,84270.81,0.008,1.1236,919.44,731.0,0,0,858,1277,0,11,0,0,NORMAL,0
INV-SYN-15600,TXN-SYN-15600,SUPP-PREC-04,BUYER-QUICK-04,FedEx International,1,155724.78,179083.5,0.15,1.8851,162.39,64.38,0,5,894,202,0,21,0,0,SERIAL_COUNTERPARTY_SPIKE,1
INV-SYN-15601,TXN-SYN-15601,SUPP-IND-05,BUYER-STEEL-03,None,0,174283.19,174283.19,0.0,1.0893,2.58,-1.0,1,1,961,160,0,20,0,0,RAPID_GHOST_SETTLEMENT,1
INV-SYN-15602,TXN-SYN-15602,SUPP-GLOBAL-01,BUYER-OMEGA-01,Maersk Ocean Freight,1,113583.74,112650.02,-0.0082,0.9388,598.53,442.53,0,0,907,1297,0,22,0,0,NORMAL,0
INV-SYN-15603,TXN-SYN-15603,SUPP-PREC-04,BUYER-GLOBAL-05,Maersk Ocean Freight,1,118045.01,118194.58,0.0013,1.2442,846.05,713.94,0,0,895,1278,0,20,1,0,NORMAL,0
INV-SYN-15604,TXN-SYN-15604,SUPP-PHANTOM-07,BUYER-STEEL-03,FedEx International,1,497110.5,940419.24,0.8918,2.0898,265.56,138.97,8,1,102,161,0,19,0,0,AMOUNT_INFLATION,1
INV-SYN-15605,TXN-SYN-15605,SUPP-TITAN-03,BUYER-VORTEX-02,Kuehne+Nagel Logistics,1,295440.85,296635.98,0.004,1.0594,877.34,813.99,1,0,943,1343,0,8,0,0,NORMAL,0
INV-SYN-15606,TXN-SYN-15606,SUPP-PACIFIC-08,BUYER-VORTEX-02,Maersk Ocean Freight,1,51169.66,50981.48,-0.0037,0.6798,749.51,572.03,0,0,859,1344,0,23,0,1,NORMAL,0
INV-SYN-15607,TXN-SYN-15607,SUPP-PACIFIC-08,BUYER-OMEGA-01,DHL Global Express,1,67901.63,67951.96,0.0007,0.906,451.69,304.39,0,0,860,1298,0,4,0,1,NORMAL,0
INV-SYN-15608,TXN-SYN-15608,SUPP-TITAN-03,BUYER-OMEGA-01,Kuehne+Nagel Logistics,1,342906.84,343271.22,0.0011,1.226,901.08,828.94,1,0,944,1299,0,6,0,0,NORMAL,0
INV-SYN-15609,TXN-SYN-15609,SUPP-PACIFIC-08,BUYER-APEX-06,Kuehne+Nagel Logistics,1,75706.81,74480.82,-0.0162,0.9931,355.8,304.21,0,0,861,1326,0,8,0,0,NORMAL,0
INV-SYN-15610,TXN-SYN-15610,SUPP-PREC-04,BUYER-OMEGA-01,Kuehne+Nagel Logistics,1,110663.87,110212.81,-0.0041,1.1601,890.33,839.54,0,0,896,1300,0,20,0,0,NORMAL,0
INV-SYN-15611,TXN-SYN-15611,SUPP-PREC-04,BUYER-VORTEX-02,Kuehne+Nagel Logistics,1,136954.66,134744.33,-0.0161,1.4184,618.47,530.4,0,0,897,1345,0,1,0,1,NORMAL,0
INV-SYN-15612,TXN-SYN-15612,SUPP-PACIFIC-08,BUYER-APEX-06,Kuehne+Nagel Logistics,1,94473.86,92619.8,-0.0196,1.2349,715.79,560.48,0,0,862,1327,0,0,0,1,NORMAL,0
INV-SYN-15613,TXN-SYN-15613,SUPP-IND-05,BUYER-APEX-06,DHL Global Express,1,163726.33,165324.78,0.0098,1.0333,580.2,414.49,1,0,962,1328,0,12,1,0,NORMAL,0
INV-SYN-15614,TXN-SYN-15614,SUPP-NEXUS-02,BUYER-GLOBAL-05,DB Schenker,1,74141.48,74526.81,0.0052,0.8768,544.14,441.41,0,0,829,1279,0,10,0,0,NORMAL,0
INV-SYN-15615,TXN-SYN-15615,SUPP-PACIFIC-08,BUYER-APEX-06,Kuehne+Nagel Logistics,1,27120.95,26729.65,-0.0144,0.3564,569.45,506.55,0,0,863,1329,0,15,0,0,NORMAL,0
INV-SYN-15616,TXN-SYN-15616,SUPP-PREC-04,BUYER-APEX-06,DB Schenker,1,91000.86,91395.55,0.0043,0.9621,534.85,464.36,0,0,898,1330,0,0,1,1,NORMAL,0
INV-SYN-15617,TXN-SYN-15617,SUPP-PREC-04,BUYER-APEX-06,FedEx International,1,87257.2,87410.28,0.0018,0.9201,821.92,633.95,0,0,899,1331,0,22,1,0,NORMAL,0
INV-SYN-15618,TXN-SYN-15618,SUPP-PACIFIC-08,BUYER-OMEGA-01,DB Schenker,1,82319.37,82343.29,0.0003,1.0979,490.41,451.76,0,0,864,1301,0,16,1,0,NORMAL,0
INV-SYN-15619,TXN-SYN-15619,SUPP-PACIFIC-08,BUYER-OMEGA-01,Maersk Ocean Freight,1,72114.28,72394.13,0.0039,0.9653,788.95,626.48,0,0,865,1302,0,19,0,0,NORMAL,0
INV-SYN-15620,TXN-SYN-15620,SUPP-GLOBAL-01,BUYER-APEX-06,FedEx International,1,110388.45,110270.9,-0.0011,0.9189,345.48,274.77,0,0,908,1332,0,1,0,1,NORMAL,0
INV-SYN-15621,TXN-SYN-15621,SUPP-TITAN-03,BUYER-APEX-06,Kuehne+Nagel Logistics,1,155442.07,153037.14,-0.0155,0.5466,433.15,285.18,1,0,945,1333,0,6,0,0,NORMAL,0
INV-SYN-15622,TXN-SYN-15622,SUPP-GLOBAL-01,BUYER-GLOBAL-05,Maersk Ocean Freight,1,91800.97,91734.25,-0.0007,0.7645,840.38,652.02,0,0,909,1280,0,5,0,1,NORMAL,0
INV-SYN-15623,TXN-SYN-15623,SUPP-PACIFIC-08,BUYER-VORTEX-02,DHL Global Express,1,83937.21,84216.99,0.0033,1.1229,632.8,476.13,0,0,866,1346,0,22,1,0,NORMAL,0
INV-SYN-15624,TXN-SYN-15624,SUPP-PACIFIC-08,BUYER-OMEGA-01,DHL Global Express,1,107173.27,106790.26,-0.0036,1.4239,587.72,432.55,0,0,867,1303,0,9,0,0,NORMAL,0
INV-SYN-15625,TXN-SYN-15625,SUPP-PHANTOM-07,BUYER-STEEL-03,DB Schenker,1,439028.39,770083.46,0.7541,1.7113,253.62,197.57,8,1,103,162,0,7,1,0,AMOUNT_INFLATION,1
INV-SYN-15626,TXN-SYN-15626,SUPP-NEXUS-02,BUYER-GLOBAL-05,Kuehne+Nagel Logistics,1,91965.99,90691.8,-0.0139,1.067,631.42,556.47,0,0,830,1281,0,2,0,1,NORMAL,0
INV-SYN-15627,TXN-SYN-15627,SUPP-PACIFIC-08,BUYER-APEX-06,FedEx International,1,92858.97,92754.03,-0.0011,1.2367,564.75,410.62,0,0,868,1334,0,1,1,1,NORMAL,0
INV-SYN-15628,TXN-SYN-15628,SUPP-NEXUS-02,BUYER-GLOBAL-05,Kuehne+Nagel Logistics,1,67768.5,66942.92,-0.0122,0.7876,618.38,472.58,0,0,831,1282,0,5,0,1,NORMAL,0
INV-SYN-15629,TXN-SYN-15629,SUPP-GLOBAL-01,BUYER-APEX-06,Maersk Ocean Freight,1,131004.42,129333.12,-0.0128,1.0778,672.15,539.87,0,0,910,1335,0,17,1,0,NORMAL,0
INV-SYN-15630,TXN-SYN-15630,SUPP-NEXUS-02,BUYER-VORTEX-02,DB Schenker,1,69264.59,68977.01,-0.0042,0.8115,679.59,529.81,0,0,832,1347,0,6,0,0,NORMAL,0
INV-SYN-15631,TXN-SYN-15631,SUPP-IND-05,BUYER-VORTEX-02,FedEx International,1,194592.98,192660.28,-0.0099,1.2041,677.71,576.09,1,0,963,1348,0,18,0,0,NORMAL,0
INV-SYN-15632,TXN-SYN-15632,SUPP-IND-05,BUYER-OMEGA-01,FedEx International,1,166056.12,164470.86,-0.0095,1.0279,584.67,466.58,1,0,964,1304,0,4,1,1,NORMAL,0
INV-SYN-15633,TXN-SYN-15633,SUPP-PREC-04,BUYER-APEX-06,FedEx International,1,102088.23,100730.19,-0.0133,1.0603,612.97,442.57,0,0,900,1336,0,23,1,1,NORMAL,0
INV-SYN-15634,TXN-SYN-15634,SUPP-GLOBAL-01,BUYER-VORTEX-02,Kuehne+Nagel Logistics,1,96522.04,97345.35,0.0085,0.8112,599.43,476.01,0,0,911,1349,0,7,0,0,NORMAL,0
INV-SYN-15635,TXN-SYN-15635,SUPP-PREC-04,BUYER-VORTEX-02,Kuehne+Nagel Logistics,1,111792.02,110415.1,-0.0123,1.1623,877.11,824.84,0,0,901,1350,0,11,0,0,NORMAL,0
INV-SYN-15636,TXN-SYN-15636,SUPP-PACIFIC-08,BUYER-GLOBAL-05,FedEx International,1,114088.37,115185.83,0.0096,1.5358,852.22,749.87,0,0,869,1283,0,21,0,0,NORMAL,0
INV-SYN-15637,TXN-SYN-15637,SUPP-NEXUS-02,BUYER-GLOBAL-05,Maersk Ocean Freight,1,63581.88,63475.42,-0.0017,0.7468,920.55,804.05,0,0,833,1284,0,4,1,1,NORMAL,0
INV-SYN-15638,TXN-SYN-15638,SUPP-GLOBAL-01,BUYER-APEX-06,Kuehne+Nagel Logistics,1,109807.23,107830.25,-0.018,0.8986,396.42,302.59,0,0,912,1337,0,22,0,0,NORMAL,0
INV-SYN-15639,TXN-SYN-15639,SUPP-TITAN-03,BUYER-VORTEX-02,Kuehne+Nagel Logistics,1,296212.52,292928.16,-0.0111,1.0462,334.15,257.5,1,0,946,1351,0,21,1,0,NORMAL,0
INV-SYN-15640,TXN-SYN-15640,SUPP-SUSP-06,BUYER-STEEL-03,Maersk Ocean Freight,1,784886.69,902619.69,0.15,2.3144,232.44,140.35,6,1,113,163,0,10,0,0,SERIAL_COUNTERPARTY_SPIKE,1
INV-SYN-15641,TXN-SYN-15641,SUPP-PREC-04,BUYER-APEX-06,DHL Global Express,1,81710.78,81387.24,-0.004,0.8567,492.26,375.51,0,0,902,1338,0,9,0,0,NORMAL,0
INV-SYN-15642,TXN-SYN-15642,SUPP-PACIFIC-08,BUYER-VORTEX-02,DB Schenker,1,21880.68,21742.48,-0.0063,0.2899,747.06,703.81,0,0,870,1352,0,16,1,0,NORMAL,0
INV-SYN-15643,TXN-SYN-15643,SUPP-NEXUS-02,BUYER-GLOBAL-05,FedEx International,1,113882.78,113452.27,-0.0038,1.3347,927.5,792.1,0,0,834,1285,0,13,0,0,NORMAL,0
INV-SYN-15644,TXN-SYN-15644,SUPP-TITAN-03,BUYER-VORTEX-02,DB Schenker,1,333235.43,336102.65,0.0086,1.2004,465.3,311.22,1,0,947,1353,0,16,0,0,NORMAL,0
INV-SYN-15645,TXN-SYN-15645,SUPP-GLOBAL-01,BUYER-VORTEX-02,Kuehne+Nagel Logistics,1,67711.57,67996.48,0.0042,0.5666,578.59,494.35,0,0,913,1354,0,14,0,0,NORMAL,0
INV-SYN-15646,TXN-SYN-15646,SUPP-TITAN-03,BUYER-GLOBAL-05,DB Schenker,1,237470.18,238472.86,0.0042,0.8517,684.87,633.47,1,0,948,1286,0,20,1,0,NORMAL,0
INV-SYN-15647,TXN-SYN-15647,SUPP-GLOBAL-01,BUYER-OMEGA-01,DB Schenker,1,167045.47,167592.76,0.0033,1.3966,795.37,624.53,0,0,914,1305,0,15,0,0,NORMAL,0
INV-SYN-15648,TXN-SYN-15648,SUPP-PACIFIC-08,BUYER-OMEGA-01,FedEx International,1,102146.18,102641.53,0.0048,1.3686,919.4,804.39,0,0,871,1306,0,11,0,0,NORMAL,0
INV-SYN-15649,TXN-SYN-15649,SUPP-TITAN-03,BUYER-GLOBAL-05,DHL Global Express,1,345704.8,348988.1,0.0095,1.2464,467.57,320.8,1,0,949,1287,0,22,1,0,NORMAL,0
INV-SYN-15650,TXN-SYN-15650,SUPP-PREC-04,BUYER-OMEGA-01,DHL Global Express,1,90817.33,90206.43,-0.0067,0.9495,901.13,788.72,0,0,903,1307,0,0,0,1,NORMAL,0
INV-SYN-15651,TXN-SYN-15651,SUPP-PREC-04,BUYER-GLOBAL-05,DB Schenker,1,96970.95,97457.17,0.005,1.0259,334.37,297.67,0,0,904,1288,0,8,0,0,NORMAL,0
INV-SYN-15652,TXN-SYN-15652,SUPP-PREC-04,BUYER-GLOBAL-05,DHL Global Express,1,91890.51,91623.81,-0.0029,0.9645,970.52,787.29,0,0,905,1289,0,8,0,0,NORMAL,0
INV-SYN-15653,TXN-SYN-15653,SUPP-GLOBAL-01,BUYER-VORTEX-02,DB Schenker,1,153847.19,154472.34,0.0041,1.2873,770.02,597.06,0,0,915,1355,0,23,0,1,NORMAL,0
INV-SYN-15654,TXN-SYN-15654,SUPP-NEXUS-02,BUYER-VORTEX-02,DHL Global Express,1,66388.35,65149.66,-0.0187,0.7665,701.78,603.01,0,0,835,1356,0,7,0,0,NORMAL,0
INV-SYN-15655,TXN-SYN-15655,SUPP-PREC-04,BUYER-GLOBAL-05,DB Schenker,1,75862.26,75017.34,-0.0111,0.7897,447.17,387.06,0,0,906,1290,0,2,1,1,NORMAL,0
INV-SYN-15656,TXN-SYN-15656,SUPP-PREC-04,BUYER-GLOBAL-05,DB Schenker,1,118994.02,119546.49,0.0046,1.2584,647.43,511.6,0,0,907,1291,0,3,0,1,NORMAL,0
INV-SYN-15657,TXN-SYN-15657,SUPP-NEXUS-02,BUYER-OMEGA-01,Maersk Ocean Freight,1,84057.32,82976.35,-0.0129,0.9762,664.93,491.87,0,0,836,1308,0,14,1,0,NORMAL,0
INV-SYN-15658,TXN-SYN-15658,SUPP-PREC-04,BUYER-OMEGA-01,DB Schenker,1,127738.6,127308.47,-0.0034,1.3401,348.38,255.43,0,0,908,1309,0,3,0,1,NORMAL,0
INV-SYN-15659,TXN-SYN-15659,SUPP-GLOBAL-01,BUYER-OMEGA-01,FedEx International,1,99854.63,98598.75,-0.0126,0.8217,549.71,513.64,0,0,916,1310,0,23,0,1,NORMAL,0
INV-SYN-15660,TXN-SYN-15660,SUPP-NEXUS-02,BUYER-APEX-06,FedEx International,1,83835.96,84010.75,0.0021,0.9884,404.89,270.67,0,0,837,1339,0,10,0,0,NORMAL,0
INV-SYN-15661,TXN-SYN-15661,SUPP-NEXUS-02,BUYER-OMEGA-01,DHL Global Express,1,65398.72,64211.24,-0.0182,0.7554,949.74,779.78,0,0,838,1311,0,5,0,1,NORMAL,0
INV-SYN-15662,TXN-SYN-15662,SUPP-PREC-04,BUYER-VORTEX-02,Kuehne+Nagel Logistics,1,95174.86,93856.88,-0.0138,0.988,613.46,467.08,0,0,909,1357,0,5,0,1,NORMAL,0
INV-SYN-15663,TXN-SYN-15663,SUPP-PACIFIC-08,BUYER-APEX-06,DHL Global Express,1,47277.24,46851.19,-0.009,0.6247,872.1,825.32,0,0,872,1340,0,0,0,1,NORMAL,0
INV-SYN-15664,TXN-SYN-15664,SUPP-IND-05,BUYER-OMEGA-01,FedEx International,1,140494.66,141218.45,0.0052,0.8826,654.52,512.61,1,0,965,1312,0,2,0,1,NORMAL,0
INV-SYN-15665,TXN-SYN-15665,SUPP-IND-05,BUYER-APEX-06,None,0,160341.08,160341.08,0.0,1.0021,2.34,-1.0,1,0,966,1341,0,9,0,0,RAPID_GHOST_SETTLEMENT,1
INV-SYN-15666,TXN-SYN-15666,SUPP-TITAN-03,BUYER-VORTEX-02,FedEx International,1,328574.63,323654.16,-0.015,1.1559,749.26,575.67,1,0,950,1358,0,23,0,1,NORMAL,0
INV-SYN-15667,TXN-SYN-15667,SUPP-PACIFIC-08,BUYER-APEX-06,DB Schenker,1,88436.05,87381.88,-0.0119,1.1651,379.58,293.07,0,0,873,1342,0,9,0,0,NORMAL,0
INV-SYN-15668,TXN-SYN-15668,SUPP-IND-05,BUYER-VORTEX-02,Maersk Ocean Freight,1,90789.49,91006.86,0.0024,0.5688,640.61,457.95,1,0,967,1359,0,11,0,0,NORMAL,0
INV-SYN-15669,TXN-SYN-15669,SUPP-IND-05,BUYER-GLOBAL-05,FedEx International,1,213355.43,215273.68,0.009,1.3455,572.71,397.53,1,0,968,1292,0,4,1,1,NORMAL,0
INV-SYN-15670,TXN-SYN-15670,SUPP-PACIFIC-08,BUYER-VORTEX-02,Kuehne+Nagel Logistics,1,121826.53,122372.46,0.0045,1.6316,340.19,288.99,0,0,874,1360,0,5,0,1,NORMAL,0
INV-SYN-15671,TXN-SYN-15671,SUPP-IND-05,BUYER-OMEGA-01,Maersk Ocean Freight,1,161840.26,163264.58,0.0088,1.0204,487.37,364.77,1,0,969,1313,0,17,0,0,NORMAL,0
INV-SYN-15672,TXN-SYN-15672,SUPP-PACIFIC-08,BUYER-VORTEX-02,DB Schenker,1,62979.11,61882.57,-0.0174,0.8251,789.8,641.55,0,0,875,1361,0,5,0,1,NORMAL,0
INV-SYN-15673,TXN-SYN-15673,SUPP-GLOBAL-01,BUYER-GLOBAL-05,FedEx International,1,204729.92,203509.83,-0.006,1.6959,718.38,631.25,0,0,917,1293,0,2,0,1,NORMAL,0
INV-SYN-15674,TXN-SYN-15674,SUPP-NEXUS-02,BUYER-APEX-06,DHL Global Express,1,56971.92,57398.82,0.0075,0.6753,536.86,404.9,0,0,839,1343,0,10,0,0,NORMAL,0
INV-SYN-15675,TXN-SYN-15675,SUPP-TITAN-03,BUYER-OMEGA-01,DHL Global Express,1,281407.45,280527.41,-0.0031,1.0019,656.02,523.92,1,0,951,1314,0,20,0,0,NORMAL,0
INV-SYN-15676,TXN-SYN-15676,SUPP-NEXUS-02,BUYER-GLOBAL-05,Kuehne+Nagel Logistics,1,88816.97,88415.74,-0.0045,1.0402,521.89,402.27,0,0,840,1294,0,3,0,1,NORMAL,0
INV-SYN-15677,TXN-SYN-15677,SUPP-TITAN-03,BUYER-OMEGA-01,FedEx International,1,374160.33,373146.17,-0.0027,1.3327,634.77,571.58,1,0,952,1315,0,6,0,0,NORMAL,0
INV-SYN-15678,TXN-SYN-15678,SUPP-IND-05,BUYER-APEX-06,Kuehne+Nagel Logistics,1,174389.56,173727.23,-0.0038,1.0858,673.52,634.07,1,0,970,1344,0,13,0,0,NORMAL,0
INV-SYN-15679,TXN-SYN-15679,SUPP-GLOBAL-01,BUYER-OMEGA-01,DHL Global Express,1,105040.98,105026.28,-0.0001,0.8752,379.66,288.2,0,0,918,1316,0,4,0,1,NORMAL,0
INV-SYN-15680,TXN-SYN-15680,SUPP-PREC-04,BUYER-GLOBAL-05,Maersk Ocean Freight,1,72409.37,73056.18,0.0089,0.769,646.4,507.82,0,0,910,1295,0,20,1,0,NORMAL,0
INV-SYN-15681,TXN-SYN-15681,SUPP-PACIFIC-08,BUYER-VORTEX-02,Maersk Ocean Freight,1,68590.84,68488.45,-0.0015,0.9132,851.45,763.95,0,0,876,1362,0,21,0,0,NORMAL,0
INV-SYN-15682,TXN-SYN-15682,SUPP-PREC-04,BUYER-OMEGA-01,DB Schenker,1,71085.48,70830.8,-0.0036,0.7456,779.55,677.35,0,0,911,1317,0,0,0,1,NORMAL,0
INV-SYN-15683,TXN-SYN-15683,SUPP-GLOBAL-01,BUYER-OMEGA-01,FedEx International,1,121434.76,121386.11,-0.0004,1.0116,521.46,468.11,0,0,919,1318,0,8,0,0,NORMAL,0
INV-SYN-15684,TXN-SYN-15684,SUPP-NEXUS-02,BUYER-GLOBAL-05,Maersk Ocean Freight,1,73010.83,72193.25,-0.0112,0.8493,847.53,710.83,0,0,841,1296,0,15,0,0,NORMAL,0
INV-SYN-15685,TXN-SYN-15685,SUPP-PACIFIC-08,BUYER-OMEGA-01,DB Schenker,1,46986.79,47418.73,0.0092,0.6322,745.38,655.57,0,0,877,1319,0,21,0,0,NORMAL,0
INV-SYN-15686,TXN-SYN-15686,SUPP-PREC-04,BUYER-APEX-06,Kuehne+Nagel Logistics,1,124809.71,123467.75,-0.0108,1.2997,348.38,270.37,0,0,912,1345,0,2,0,1,NORMAL,0
INV-SYN-15687,TXN-SYN-15687,SUPP-TITAN-03,BUYER-APEX-06,DB Schenker,1,245162.92,246860.96,0.0069,0.8816,694.19,527.52,1,0,953,1346,0,8,0,0,NORMAL,0
INV-SYN-15688,TXN-SYN-15688,SUPP-TITAN-03,BUYER-APEX-06,DB Schenker,1,191230.42,192871.06,0.0086,0.6888,552.88,367.58,1,0,954,1347,0,23,0,1,NORMAL,0
INV-SYN-15689,TXN-SYN-15689,SUPP-PREC-04,BUYER-VORTEX-02,DHL Global Express,1,91003.85,90830.63,-0.0019,0.9561,938.57,755.19,0,0,913,1363,0,21,0,0,NORMAL,0
INV-SYN-15690,TXN-SYN-15690,SUPP-PACIFIC-08,BUYER-OMEGA-01,Maersk Ocean Freight,1,76281.97,76337.18,0.0007,1.0178,725.71,624.57,0,0,878,1320,0,12,0,0,NORMAL,0
INV-SYN-15691,TXN-SYN-15691,SUPP-TITAN-03,BUYER-OMEGA-01,FedEx International,1,157747.33,158472.84,0.0046,0.566,442.08,267.34,1,0,955,1321,0,9,1,0,NORMAL,0
INV-SYN-15692,TXN-SYN-15692,SUPP-NEXUS-02,BUYER-VORTEX-02,Kuehne+Nagel Logistics,1,92047.51,91079.26,-0.0105,1.0715,936.78,765.38,0,0,842,1364,0,12,1,0,NORMAL,0
INV-SYN-15693,TXN-SYN-15693,SUPP-PREC-04,BUYER-VORTEX-02,DB Schenker,1,70130.01,70362.47,0.0033,0.7407,808.28,704.78,0,0,914,1365,0,0,1,1,NORMAL,0
INV-SYN-15694,TXN-SYN-15694,SUPP-NEXUS-02,BUYER-APEX-06,Maersk Ocean Freight,1,121359.36,122418.4,0.0087,1.4402,540.37,448.23,0,0,843,1348,0,1,1,1,NORMAL,0
INV-SYN-15695,TXN-SYN-15695,SUPP-TITAN-03,BUYER-APEX-06,Maersk Ocean Freight,1,316677.24,319280.91,0.0082,1.1403,427.46,254.68,1,0,956,1349,0,3,1,1,NORMAL,0
INV-SYN-15696,TXN-SYN-15696,SUPP-PREC-04,BUYER-APEX-06,FedEx International,1,85502.38,86274.66,0.009,0.9082,745.11,634.71,0,0,915,1350,0,18,0,0,NORMAL,0
INV-SYN-15697,TXN-SYN-15697,SUPP-TITAN-03,BUYER-APEX-06,Maersk Ocean Freight,1,227838.26,223588.82,-0.0187,0.7985,495.8,451.41,1,0,957,1351,0,5,1,1,NORMAL,0
INV-SYN-15698,TXN-SYN-15698,SUPP-PREC-04,BUYER-GLOBAL-05,DB Schenker,1,92507.02,91348.81,-0.0125,0.9616,626.4,545.83,0,0,916,1297,0,8,0,0,NORMAL,0
INV-SYN-15699,TXN-SYN-15699,SUPP-NEXUS-02,BUYER-GLOBAL-05,Kuehne+Nagel Logistics,1,98021.8,98930.79,0.0093,1.1639,324.27,243.63,0,0,844,1298,0,23,0,1,NORMAL,0
INV-SYN-15700,TXN-SYN-15700,SUPP-GLOBAL-01,BUYER-GLOBAL-05,FedEx International,1,119235.18,118027.12,-0.0101,0.9836,851.34,699.09,0,0,920,1299,0,14,0,0,NORMAL,0
INV-SYN-15701,TXN-SYN-15701,SUPP-PREC-04,BUYER-OMEGA-01,DHL Global Express,1,89842.48,90497.02,0.0073,0.9526,690.75,553.55,0,0,917,1322,0,21,0,0,NORMAL,0
INV-SYN-15702,TXN-SYN-15702,SUPP-IND-05,BUYER-APEX-06,Maersk Ocean Freight,1,162334.81,160051.52,-0.0141,1.0003,769.58,632.97,1,0,971,1352,0,11,1,0,NORMAL,0
INV-SYN-15703,TXN-SYN-15703,SUPP-TITAN-03,BUYER-GLOBAL-05,DHL Global Express,1,237729.87,234141.57,-0.0151,0.8362,764.78,639.1,1,0,958,1300,0,16,0,0,NORMAL,0
INV-SYN-15704,TXN-SYN-15704,SUPP-NEXUS-02,BUYER-VORTEX-02,Kuehne+Nagel Logistics,1,77706.87,77588.75,-0.0015,0.9128,803.15,671.28,0,0,845,1366,0,18,0,0,NORMAL,0
INV-SYN-15705,TXN-SYN-15705,SUPP-GLOBAL-01,BUYER-OMEGA-01,Kuehne+Nagel Logistics,1,57426.23,57507.48,0.0014,0.4792,511.59,416.71,0,0,921,1323,0,10,1,0,NORMAL,0
INV-SYN-15706,TXN-SYN-15706,SUPP-NEXUS-02,BUYER-APEX-06,DHL Global Express,1,105691.68,104414.95,-0.0121,1.2284,892.94,759.64,0,0,846,1353,0,9,0,0,NORMAL,0
INV-SYN-15707,TXN-SYN-15707,SUPP-IND-05,BUYER-GLOBAL-05,FedEx International,1,171951.91,170774.84,-0.0068,1.0673,841.86,650.67,1,0,972,1301,0,8,1,0,NORMAL,0
INV-SYN-15708,TXN-SYN-15708,SUPP-IND-05,BUYER-GLOBAL-05,Maersk Ocean Freight,1,129061.77,130347.8,0.01,0.8147,773.39,705.33,1,0,973,1302,0,12,0,0,NORMAL,0
INV-SYN-15709,TXN-SYN-15709,SUPP-PREC-04,BUYER-VORTEX-02,DHL Global Express,1,140094.96,139049.48,-0.0075,1.4637,757.36,660.37,0,0,918,1367,0,4,0,1,NORMAL,0
INV-SYN-15710,TXN-SYN-15710,SUPP-IND-05,BUYER-APEX-06,Maersk Ocean Freight,1,163480.66,162089.93,-0.0085,1.0131,741.05,554.1,1,0,974,1354,0,0,1,1,NORMAL,0
INV-SYN-15711,TXN-SYN-15711,SUPP-GLOBAL-01,BUYER-GLOBAL-05,Maersk Ocean Freight,1,88915.69,89243.12,0.0037,0.7437,438.16,337.54,0,0,922,1303,0,16,0,0,NORMAL,0
INV-SYN-15712,TXN-SYN-15712,SUPP-GLOBAL-01,BUYER-APEX-06,DHL Global Express,1,145702.12,146005.42,0.0021,1.2167,891.59,755.72,0,0,923,1355,0,14,0,0,NORMAL,0
INV-SYN-15713,TXN-SYN-15713,SUPP-NEXUS-02,BUYER-OMEGA-01,Kuehne+Nagel Logistics,1,93458.52,92766.71,-0.0074,1.0914,513.31,419.52,0,0,847,1324,0,4,1,1,NORMAL,0
INV-SYN-15714,TXN-SYN-15714,SUPP-NEXUS-02,BUYER-GLOBAL-05,Kuehne+Nagel Logistics,1,93384.82,93257.36,-0.0014,1.0971,613.96,494.08,0,0,848,1304,0,4,0,1,NORMAL,0
INV-SYN-15715,TXN-SYN-15715,SUPP-TITAN-03,BUYER-GLOBAL-05,Kuehne+Nagel Logistics,1,250197.11,251497.95,0.0052,0.8982,685.41,549.51,1,0,959,1305,0,3,0,1,NORMAL,0
INV-SYN-15716,TXN-SYN-15716,SUPP-NEXUS-02,BUYER-OMEGA-01,DHL Global Express,1,94573.03,93367.52,-0.0127,1.0984,880.0,708.78,0,0,849,1325,0,20,1,0,NORMAL,0
INV-SYN-15717,TXN-SYN-15717,SUPP-PACIFIC-08,BUYER-VORTEX-02,FedEx International,1,70092.03,70622.1,0.0076,0.9416,751.98,698.95,0,0,879,1368,0,21,0,0,NORMAL,0
INV-SYN-15718,TXN-SYN-15718,SUPP-TITAN-03,BUYER-GLOBAL-05,Maersk Ocean Freight,1,318915.9,314187.28,-0.0148,1.1221,719.35,655.82,1,0,960,1306,0,3,0,1,NORMAL,0
INV-SYN-15719,TXN-SYN-15719,SUPP-IND-05,BUYER-QUICK-04,FedEx International,1,83802.22,201512.72,1.4046,1.2595,533.47,411.95,1,5,975,203,0,9,0,0,AMOUNT_INFLATION,1
INV-SYN-15720,TXN-SYN-15720,SUPP-PREC-04,BUYER-GLOBAL-05,Maersk Ocean Freight,1,84695.51,83847.56,-0.01,0.8826,776.18,598.16,0,0,919,1307,0,6,0,0,NORMAL,0
INV-SYN-15721,TXN-SYN-15721,SUPP-PHANTOM-07,BUYER-QUICK-04,None,0,800734.48,800734.48,0.0,1.7794,2.59,-1.0,8,5,104,204,0,21,0,0,RAPID_GHOST_SETTLEMENT,1
INV-SYN-15722,TXN-SYN-15722,SUPP-PACIFIC-08,BUYER-OMEGA-01,Kuehne+Nagel Logistics,1,60617.49,60757.41,0.0023,0.8101,284.66,241.73,0,0,880,1326,0,5,0,1,NORMAL,0
INV-SYN-15723,TXN-SYN-15723,SUPP-PACIFIC-08,BUYER-APEX-06,FedEx International,1,63678.03,63990.85,0.0049,0.8532,486.61,407.9,0,0,881,1356,0,1,0,1,NORMAL,0
INV-SYN-15724,TXN-SYN-15724,SUPP-PREC-04,BUYER-OMEGA-01,Kuehne+Nagel Logistics,1,84360.92,85203.92,0.01,0.8969,996.6,822.3,0,0,920,1327,0,20,0,0,NORMAL,0
INV-SYN-15725,TXN-SYN-15725,SUPP-NEXUS-02,BUYER-VORTEX-02,Kuehne+Nagel Logistics,1,59185.37,58708.48,-0.0081,0.6907,670.51,622.99,0,0,850,1369,0,12,0,0,NORMAL,0
INV-SYN-15726,TXN-SYN-15726,SUPP-IND-05,BUYER-APEX-06,Maersk Ocean Freight,1,71668.77,70603.17,-0.0149,0.4413,732.17,672.66,1,0,976,1357,0,5,0,1,NORMAL,0
INV-SYN-15727,TXN-SYN-15727,SUPP-GLOBAL-01,BUYER-GLOBAL-05,Maersk Ocean Freight,1,113082.41,114065.91,0.0087,0.9505,824.21,752.68,0,0,924,1308,0,19,0,0,NORMAL,0
INV-SYN-15728,TXN-SYN-15728,SUPP-GLOBAL-01,BUYER-APEX-06,DB Schenker,1,124075.78,122331.24,-0.0141,1.0194,555.0,459.51,0,0,925,1358,0,0,1,1,NORMAL,0
INV-SYN-15729,TXN-SYN-15729,SUPP-TITAN-03,BUYER-GLOBAL-05,FedEx International,1,276324.65,272203.04,-0.0149,0.9722,777.17,733.17,1,0,961,1309,0,3,0,1,NORMAL,0
INV-SYN-15730,TXN-SYN-15730,SUPP-NEXUS-02,BUYER-GLOBAL-05,Maersk Ocean Freight,1,81921.33,81439.43,-0.0059,0.9581,434.17,261.32,0,0,851,1310,0,13,0,0,NORMAL,0
INV-SYN-15731,TXN-SYN-15731,SUPP-TITAN-03,BUYER-GLOBAL-05,Kuehne+Nagel Logistics,1,283012.86,284964.96,0.0069,1.0177,820.01,776.92,1,0,962,1311,0,23,0,1,NORMAL,0
INV-SYN-15732,TXN-SYN-15732,SUPP-GLOBAL-01,BUYER-VORTEX-02,DB Schenker,1,150685.24,147690.83,-0.0199,1.2308,880.67,787.64,0,0,926,1370,0,22,1,0,NORMAL,0
INV-SYN-15733,TXN-SYN-15733,SUPP-NEXUS-02,BUYER-APEX-06,DHL Global Express,1,80953.02,80875.04,-0.001,0.9515,610.57,543.95,0,0,852,1359,0,5,0,1,NORMAL,0
INV-SYN-15734,TXN-SYN-15734,SUPP-GLOBAL-01,BUYER-GLOBAL-05,FedEx International,1,102777.52,103172.32,0.0038,0.8598,560.27,371.36,0,0,927,1312,0,20,1,0,NORMAL,0
INV-SYN-15735,TXN-SYN-15735,SUPP-SUSP-06,BUYER-QUICK-04,Maersk Ocean Freight,1,362590.27,708750.94,0.9547,1.8173,500.63,437.87,6,5,114,205,0,19,1,0,AMOUNT_INFLATION,1
INV-SYN-15736,TXN-SYN-15736,SUPP-IND-05,BUYER-APEX-06,DHL Global Express,1,183173.87,183852.75,0.0037,1.1491,392.73,266.28,1,0,977,1360,0,2,0,1,NORMAL,0
INV-SYN-15737,TXN-SYN-15737,SUPP-TITAN-03,BUYER-GLOBAL-05,FedEx International,1,378841.88,382164.39,0.0088,1.3649,949.26,784.46,1,0,963,1313,0,14,0,0,NORMAL,0
INV-SYN-15738,TXN-SYN-15738,SUPP-GLOBAL-01,BUYER-APEX-06,Kuehne+Nagel Logistics,1,101155.69,101361.2,0.002,0.8447,296.2,240.58,0,0,928,1361,0,11,0,0,NORMAL,0
INV-SYN-15739,TXN-SYN-15739,SUPP-PACIFIC-08,BUYER-GLOBAL-05,Maersk Ocean Freight,1,76855.01,75898.63,-0.0124,1.012,429.71,255.74,0,0,882,1314,0,15,0,0,NORMAL,0
INV-SYN-15740,TXN-SYN-15740,SUPP-PREC-04,BUYER-GLOBAL-05,Maersk Ocean Freight,1,103035.99,102249.95,-0.0076,1.0763,875.91,709.06,0,0,921,1315,0,5,1,1,NORMAL,0
INV-SYN-15741,TXN-SYN-15741,SUPP-IND-05,BUYER-OMEGA-01,DB Schenker,1,120296.88,119056.89,-0.0103,0.7441,719.7,538.1,1,0,978,1328,0,21,0,0,NORMAL,0
INV-SYN-15742,TXN-SYN-15742,SUPP-PACIFIC-08,BUYER-VORTEX-02,Maersk Ocean Freight,1,75382.82,74257.9,-0.0149,0.9901,448.48,384.14,0,0,883,1371,0,11,0,0,NORMAL,0
INV-SYN-15743,TXN-SYN-15743,SUPP-GLOBAL-01,BUYER-APEX-06,DHL Global Express,1,76029.78,74655.33,-0.0181,0.6221,788.36,735.97,0,0,929,1362,0,6,0,0,NORMAL,0
INV-SYN-15744,TXN-SYN-15744,SUPP-IND-05,BUYER-APEX-06,Kuehne+Nagel Logistics,1,89237.99,87722.9,-0.017,0.5483,863.53,695.28,1,0,979,1363,0,21,0,0,NORMAL,0
INV-SYN-15745,TXN-SYN-15745,SUPP-TITAN-03,BUYER-OMEGA-01,Maersk Ocean Freight,1,305672.25,306867.15,0.0039,1.096,879.41,829.23,1,0,964,1329,0,8,0,0,NORMAL,0
INV-SYN-15746,TXN-SYN-15746,SUPP-NEXUS-02,BUYER-OMEGA-01,FedEx International,1,76842.66,75660.79,-0.0154,0.8901,827.51,729.44,0,0,853,1330,0,19,0,0,NORMAL,0
INV-SYN-15747,TXN-SYN-15747,SUPP-NEXUS-02,BUYER-VORTEX-02,DHL Global Express,1,89298.46,89332.37,0.0004,1.051,580.67,401.74,0,0,854,1372,0,13,0,0,NORMAL,0
INV-SYN-15748,TXN-SYN-15748,SUPP-PACIFIC-08,BUYER-VORTEX-02,FedEx International,1,74664.47,75254.08,0.0079,1.0034,479.23,396.75,0,0,884,1373,0,17,0,0,NORMAL,0
INV-SYN-15749,TXN-SYN-15749,SUPP-IND-05,BUYER-VORTEX-02,FedEx International,1,120944.0,119395.4,-0.0128,0.7462,763.59,704.4,1,0,980,1374,0,9,0,0,NORMAL,0
INV-SYN-15750,TXN-SYN-15750,SUPP-GLOBAL-01,BUYER-OMEGA-01,DB Schenker,1,118642.37,116948.21,-0.0143,0.9746,448.6,342.78,0,0,930,1331,0,17,0,0,NORMAL,0
INV-SYN-15751,TXN-SYN-15751,SUPP-PACIFIC-08,BUYER-VORTEX-02,DB Schenker,1,51879.35,51208.75,-0.0129,0.6828,787.28,741.71,0,0,885,1375,0,2,0,1,NORMAL,0
INV-SYN-15752,TXN-SYN-15752,SUPP-IND-05,BUYER-OMEGA-01,FedEx International,1,215638.89,212835.6,-0.013,1.3302,674.42,602.5,1,0,981,1332,0,1,0,1,NORMAL,0
INV-SYN-15753,TXN-SYN-15753,SUPP-NEXUS-02,BUYER-QUICK-04,None,0,84945.27,84945.27,0.0,0.9994,4.52,-1.0,0,5,855,206,0,3,0,1,RAPID_GHOST_SETTLEMENT,1
INV-SYN-15754,TXN-SYN-15754,SUPP-PACIFIC-08,BUYER-GLOBAL-05,DHL Global Express,1,71329.03,70947.12,-0.0054,0.946,874.4,779.77,0,0,886,1316,0,0,0,1,NORMAL,0
INV-SYN-15755,TXN-SYN-15755,SUPP-IND-05,BUYER-APEX-06,DHL Global Express,1,118309.14,119257.77,0.008,0.7454,852.69,783.06,1,0,982,1364,0,9,1,0,NORMAL,0
INV-SYN-15756,TXN-SYN-15756,SUPP-GLOBAL-01,BUYER-VORTEX-02,Kuehne+Nagel Logistics,1,137112.64,136282.85,-0.0061,1.1357,516.79,387.59,0,0,931,1376,0,0,0,1,NORMAL,0
INV-SYN-15757,TXN-SYN-15757,SUPP-NEXUS-02,BUYER-APEX-06,DHL Global Express,1,77957.08,77532.58,-0.0054,0.9121,738.07,672.79,0,0,856,1365,0,15,1,0,NORMAL,0
INV-SYN-15758,TXN-SYN-15758,SUPP-TITAN-03,BUYER-APEX-06,Kuehne+Nagel Logistics,1,243693.33,244112.73,0.0017,0.8718,789.27,687.53,1,0,965,1366,0,22,0,0,NORMAL,0
INV-SYN-15759,TXN-SYN-15759,SUPP-NEXUS-02,BUYER-APEX-06,DB Schenker,1,103130.53,101518.33,-0.0156,1.1943,727.22,641.11,0,0,857,1367,0,14,0,0,NORMAL,0
INV-SYN-15760,TXN-SYN-15760,SUPP-IND-05,BUYER-APEX-06,FedEx International,1,161177.22,162136.02,0.0059,1.0134,721.22,654.73,1,0,983,1368,0,12,0,0,NORMAL,0
INV-SYN-15761,TXN-SYN-15761,SUPP-NEXUS-02,BUYER-VORTEX-02,FedEx International,1,95978.69,95303.51,-0.007,1.1212,480.31,351.64,0,0,858,1377,0,22,0,0,NORMAL,0
INV-SYN-15762,TXN-SYN-15762,SUPP-NEXUS-02,BUYER-VORTEX-02,DB Schenker,1,64146.82,64250.84,0.0016,0.7559,852.19,803.29,0,0,859,1378,0,2,0,1,NORMAL,0
INV-SYN-15763,TXN-SYN-15763,SUPP-TITAN-03,BUYER-VORTEX-02,DHL Global Express,1,181662.81,179214.74,-0.0135,0.6401,600.69,470.87,1,0,966,1379,0,4,0,1,NORMAL,0
INV-SYN-15764,TXN-SYN-15764,SUPP-PREC-04,BUYER-OMEGA-01,DHL Global Express,1,97546.19,98117.22,0.0059,1.0328,847.91,766.47,0,0,922,1333,0,5,1,1,NORMAL,0
INV-SYN-15765,TXN-SYN-15765,SUPP-PACIFIC-08,BUYER-OMEGA-01,Maersk Ocean Freight,1,69021.63,68260.93,-0.011,0.9101,857.46,794.67,0,0,887,1334,0,8,0,0,NORMAL,0
INV-SYN-15766,TXN-SYN-15766,SUPP-NEXUS-02,BUYER-VORTEX-02,DHL Global Express,1,98311.74,97435.82,-0.0089,1.1463,658.51,553.44,0,0,860,1380,0,15,0,0,NORMAL,0
INV-SYN-15767,TXN-SYN-15767,SUPP-PACIFIC-08,BUYER-VORTEX-02,Maersk Ocean Freight,1,73501.72,72531.56,-0.0132,0.9671,433.18,260.76,0,0,888,1381,0,0,0,1,NORMAL,0
INV-SYN-15768,TXN-SYN-15768,SUPP-PREC-04,BUYER-VORTEX-02,Kuehne+Nagel Logistics,1,99870.54,99711.57,-0.0016,1.0496,472.51,407.0,0,0,923,1382,0,20,0,0,NORMAL,0
INV-SYN-15769,TXN-SYN-15769,SUPP-TITAN-03,BUYER-VORTEX-02,FedEx International,1,166363.22,165795.01,-0.0034,0.5921,527.08,364.33,1,0,967,1383,0,4,1,1,NORMAL,0
INV-SYN-15770,TXN-SYN-15770,SUPP-IND-05,BUYER-APEX-06,DB Schenker,1,235537.48,237492.02,0.0083,1.4843,380.78,287.81,1,0,984,1369,0,18,1,0,NORMAL,0
INV-SYN-15771,TXN-SYN-15771,SUPP-IND-05,BUYER-OMEGA-01,Maersk Ocean Freight,1,153430.32,153871.18,0.0029,0.9617,570.54,444.17,1,0,985,1335,0,21,1,0,NORMAL,0
INV-SYN-15772,TXN-SYN-15772,SUPP-PREC-04,BUYER-GLOBAL-05,FedEx International,1,111567.69,109534.47,-0.0182,1.153,592.31,447.22,0,0,924,1317,0,0,1,1,NORMAL,0
INV-SYN-15773,TXN-SYN-15773,SUPP-PREC-04,BUYER-VORTEX-02,DHL Global Express,1,75142.82,75310.52,0.0022,0.7927,385.63,243.41,0,0,925,1384,0,21,1,0,NORMAL,0
INV-SYN-15774,TXN-SYN-15774,SUPP-GLOBAL-01,BUYER-APEX-06,Maersk Ocean Freight,1,129240.3,126927.05,-0.0179,1.0577,645.75,541.77,0,0,932,1370,0,4,0,1,NORMAL,0
INV-SYN-15775,TXN-SYN-15775,SUPP-TITAN-03,BUYER-APEX-06,Maersk Ocean Freight,1,188800.87,186639.83,-0.0114,0.6666,489.09,340.91,1,0,968,1371,0,14,1,0,NORMAL,0
INV-SYN-15776,TXN-SYN-15776,SUPP-IND-05,BUYER-OMEGA-01,Kuehne+Nagel Logistics,1,178082.71,175854.61,-0.0125,1.0991,854.87,761.66,1,0,986,1336,0,3,0,1,NORMAL,0
INV-SYN-15777,TXN-SYN-15777,SUPP-GLOBAL-01,BUYER-APEX-06,DHL Global Express,1,109320.78,109313.91,-0.0001,0.9109,745.51,687.77,0,0,933,1372,0,22,1,0,NORMAL,0
INV-SYN-15778,TXN-SYN-15778,SUPP-TITAN-03,BUYER-VORTEX-02,Maersk Ocean Freight,1,282043.34,279524.55,-0.0089,0.9983,936.46,775.39,1,0,969,1385,0,4,0,1,NORMAL,0
INV-SYN-15779,TXN-SYN-15779,SUPP-GLOBAL-01,BUYER-OMEGA-01,Maersk Ocean Freight,1,140939.22,138383.01,-0.0181,1.1532,606.12,453.05,0,0,934,1337,0,10,0,0,NORMAL,0
INV-SYN-15780,TXN-SYN-15780,SUPP-PREC-04,BUYER-VORTEX-02,Kuehne+Nagel Logistics,1,65727.17,66341.96,0.0094,0.6983,565.7,507.42,0,0,926,1386,0,17,0,0,NORMAL,0
INV-SYN-15781,TXN-SYN-15781,SUPP-PACIFIC-08,BUYER-OMEGA-01,DHL Global Express,1,62165.78,62663.59,0.008,0.8355,848.46,683.38,0,0,889,1338,0,2,0,1,NORMAL,0
INV-SYN-15782,TXN-SYN-15782,SUPP-IND-05,BUYER-APEX-06,Maersk Ocean Freight,1,178292.97,174916.47,-0.0189,1.0932,409.57,342.32,1,0,987,1373,0,14,0,0,NORMAL,0
INV-SYN-15783,TXN-SYN-15783,SUPP-TITAN-03,BUYER-GLOBAL-05,Kuehne+Nagel Logistics,1,426875.5,430867.8,0.0094,1.5388,492.42,432.1,1,0,970,1318,0,2,1,1,NORMAL,0
INV-SYN-15784,TXN-SYN-15784,SUPP-PREC-04,BUYER-QUICK-04,None,0,250000.0,250000.0,0.0,2.6316,59.3,45.19,0,5,927,207,1,2,0,1,OFF_HOURS_ROUND_SUM,1
INV-SYN-15785,TXN-SYN-15785,SUPP-SUSP-06,BUYER-STEEL-03,Kuehne+Nagel Logistics,1,447635.77,776836.82,0.7354,1.9919,441.02,312.06,6,1,115,164,0,22,0,0,AMOUNT_INFLATION,1
INV-SYN-15786,TXN-SYN-15786,SUPP-PACIFIC-08,BUYER-OMEGA-01,DHL Global Express,1,72994.28,73490.47,0.0068,0.9799,781.43,688.46,0,0,890,1339,0,4,1,1,NORMAL,0
INV-SYN-15787,TXN-SYN-15787,SUPP-NEXUS-02,BUYER-VORTEX-02,Kuehne+Nagel Logistics,1,126272.72,124366.38,-0.0151,1.4631,575.53,405.38,0,0,861,1387,0,16,0,0,NORMAL,0
INV-SYN-15788,TXN-SYN-15788,SUPP-PREC-04,BUYER-GLOBAL-05,Kuehne+Nagel Logistics,1,53503.49,53177.45,-0.0061,0.5598,518.12,414.28,0,0,928,1319,0,10,0,0,NORMAL,0
INV-SYN-15789,TXN-SYN-15789,SUPP-PHANTOM-07,BUYER-STEEL-03,DHL Global Express,1,460644.87,865659.21,0.8792,1.9237,439.04,383.43,8,1,105,165,0,14,1,0,AMOUNT_INFLATION,1
INV-SYN-15790,TXN-SYN-15790,SUPP-PACIFIC-08,BUYER-OMEGA-01,Maersk Ocean Freight,1,44521.05,44023.74,-0.0112,0.587,721.16,554.23,0,0,891,1340,0,7,0,0,NORMAL,0
INV-SYN-15791,TXN-SYN-15791,SUPP-GLOBAL-01,BUYER-GLOBAL-05,DHL Global Express,1,44802.85,44767.24,-0.0008,0.3731,490.5,307.48,0,0,935,1320,0,7,0,0,NORMAL,0
INV-SYN-15792,TXN-SYN-15792,SUPP-IND-05,BUYER-APEX-06,Maersk Ocean Freight,1,171898.48,171484.61,-0.0024,1.0718,432.79,393.71,1,0,988,1374,0,8,0,0,NORMAL,0
INV-SYN-15793,TXN-SYN-15793,SUPP-GLOBAL-01,BUYER-OMEGA-01,FedEx International,1,124184.93,124604.45,0.0034,1.0384,704.81,659.18,0,0,936,1341,0,23,0,1,NORMAL,0
INV-SYN-15794,TXN-SYN-15794,SUPP-PACIFIC-08,BUYER-OMEGA-01,FedEx International,1,69659.31,69949.66,0.0042,0.9327,1018.65,839.52,0,0,892,1342,0,0,1,1,NORMAL,0
INV-SYN-15795,TXN-SYN-15795,SUPP-TITAN-03,BUYER-VORTEX-02,Maersk Ocean Freight,1,272566.41,274945.51,0.0087,0.9819,372.47,291.36,1,0,971,1388,0,15,1,0,NORMAL,0
INV-SYN-15796,TXN-SYN-15796,SUPP-GLOBAL-01,BUYER-OMEGA-01,FedEx International,1,212948.98,212978.23,0.0001,1.7748,363.85,285.02,0,0,937,1343,0,0,1,1,NORMAL,0
INV-SYN-15797,TXN-SYN-15797,SUPP-TITAN-03,BUYER-GLOBAL-05,DB Schenker,1,261927.74,258394.55,-0.0135,0.9228,640.99,548.14,1,0,972,1321,0,9,1,0,NORMAL,0
INV-SYN-15798,TXN-SYN-15798,SUPP-IND-05,BUYER-GLOBAL-05,Kuehne+Nagel Logistics,1,180404.97,179044.3,-0.0075,1.119,976.24,820.0,1,0,989,1322,0,0,0,1,NORMAL,0
INV-SYN-15799,TXN-SYN-15799,SUPP-TITAN-03,BUYER-OMEGA-01,DHL Global Express,1,234544.46,231717.35,-0.0121,0.8276,510.84,439.28,1,0,973,1344,0,22,1,0,NORMAL,0
INV-SYN-15800,TXN-SYN-15800,SUPP-GLOBAL-01,BUYER-GLOBAL-05,Kuehne+Nagel Logistics,1,128856.98,129060.74,0.0016,1.0755,452.34,271.05,0,0,938,1323,0,5,0,1,NORMAL,0
INV-SYN-15801,TXN-SYN-15801,SUPP-NEXUS-02,BUYER-OMEGA-01,DHL Global Express,1,79937.53,78891.15,-0.0131,0.9281,915.34,818.77,0,0,862,1345,0,13,0,0,NORMAL,0
INV-SYN-15802,TXN-SYN-15802,SUPP-GLOBAL-01,BUYER-OMEGA-01,Kuehne+Nagel Logistics,1,107684.45,107822.35,0.0013,0.8985,810.81,747.64,0,0,939,1346,0,22,0,0,NORMAL,0
INV-SYN-15803,TXN-SYN-15803,SUPP-TITAN-03,BUYER-VORTEX-02,DHL Global Express,1,407322.9,406707.89,-0.0015,1.4525,552.8,475.73,1,0,974,1389,0,3,0,1,NORMAL,0
INV-SYN-15804,TXN-SYN-15804,SUPP-PACIFIC-08,BUYER-APEX-06,Kuehne+Nagel Logistics,1,97072.22,95161.11,-0.0197,1.2688,427.81,352.06,0,0,893,1375,0,10,0,0,NORMAL,0
INV-SYN-15805,TXN-SYN-15805,SUPP-TITAN-03,BUYER-GLOBAL-05,FedEx International,1,289572.27,291159.34,0.0055,1.0399,581.18,539.56,1,0,975,1324,0,21,0,0,NORMAL,0
INV-SYN-15806,TXN-SYN-15806,SUPP-IND-05,BUYER-STEEL-03,Maersk Ocean Freight,1,67831.52,134143.7,0.9776,0.8384,555.82,412.93,1,1,990,166,0,7,0,0,AMOUNT_INFLATION,1
INV-SYN-15807,TXN-SYN-15807,SUPP-PACIFIC-08,BUYER-VORTEX-02,DHL Global Express,1,68231.08,66907.4,-0.0194,0.8921,800.55,683.81,0,0,894,1390,0,0,0,1,NORMAL,0
INV-SYN-15808,TXN-SYN-15808,SUPP-PREC-04,BUYER-VORTEX-02,Kuehne+Nagel Logistics,1,159196.9,160527.42,0.0084,1.6898,426.15,263.39,0,0,929,1391,0,14,0,0,NORMAL,0
INV-SYN-15809,TXN-SYN-15809,SUPP-PACIFIC-08,BUYER-OMEGA-01,DB Schenker,1,70675.09,70496.25,-0.0025,0.9399,520.69,382.53,0,0,895,1347,0,7,0,0,NORMAL,0
INV-SYN-15810,TXN-SYN-15810,SUPP-GLOBAL-01,BUYER-OMEGA-01,DHL Global Express,1,153096.53,153273.42,0.0012,1.2773,333.39,255.44,0,0,940,1348,0,22,0,0,NORMAL,0
INV-SYN-15811,TXN-SYN-15811,SUPP-IND-05,BUYER-OMEGA-01,DHL Global Express,1,217677.7,218018.47,0.0016,1.3626,969.76,836.36,1,0,991,1349,0,16,1,0,NORMAL,0
INV-SYN-15812,TXN-SYN-15812,SUPP-IND-05,BUYER-VORTEX-02,DB Schenker,1,168758.56,169662.97,0.0054,1.0604,688.76,552.47,1,0,992,1392,0,9,0,0,NORMAL,0
INV-SYN-15813,TXN-SYN-15813,SUPP-TITAN-03,BUYER-OMEGA-01,DB Schenker,1,221072.49,220571.7,-0.0023,0.7878,507.02,330.01,1,0,976,1350,0,14,0,0,NORMAL,0
INV-SYN-15814,TXN-SYN-15814,SUPP-TITAN-03,BUYER-GLOBAL-05,DHL Global Express,1,109528.14,108316.28,-0.0111,0.3868,416.79,329.19,1,0,977,1325,0,2,1,1,NORMAL,0
INV-SYN-15815,TXN-SYN-15815,SUPP-PREC-04,BUYER-GLOBAL-05,Kuehne+Nagel Logistics,1,111248.88,110623.23,-0.0056,1.1645,734.29,615.21,0,0,930,1326,0,2,0,1,NORMAL,0
INV-SYN-15816,TXN-SYN-15816,SUPP-PREC-04,BUYER-APEX-06,DHL Global Express,1,75649.54,75381.83,-0.0035,0.7935,613.65,440.56,0,0,931,1376,0,18,1,0,NORMAL,0
INV-SYN-15817,TXN-SYN-15817,SUPP-NEXUS-02,BUYER-VORTEX-02,FedEx International,1,88743.2,88215.16,-0.006,1.0378,415.33,251.54,0,0,863,1393,0,0,1,1,NORMAL,0
INV-SYN-15818,TXN-SYN-15818,SUPP-PREC-04,BUYER-APEX-06,Kuehne+Nagel Logistics,1,65316.77,65220.49,-0.0015,0.6865,585.75,513.31,0,0,932,1377,0,22,0,0,NORMAL,0
INV-SYN-15819,TXN-SYN-15819,SUPP-IND-05,BUYER-OMEGA-01,FedEx International,1,149390.5,146416.34,-0.0199,0.9151,534.69,390.87,1,0,993,1351,0,20,0,0,NORMAL,0
INV-SYN-15820,TXN-SYN-15820,SUPP-GLOBAL-01,BUYER-VORTEX-02,FedEx International,1,121011.57,118893.54,-0.0175,0.9908,498.96,354.6,0,0,941,1394,0,23,0,1,NORMAL,0
INV-SYN-15821,TXN-SYN-15821,SUPP-GLOBAL-01,BUYER-GLOBAL-05,FedEx International,1,128057.81,126182.08,-0.0146,1.0515,838.53,714.87,0,0,942,1327,0,15,0,0,NORMAL,0
INV-SYN-15822,TXN-SYN-15822,SUPP-PREC-04,BUYER-OMEGA-01,DHL Global Express,1,68522.97,67948.83,-0.0084,0.7153,569.31,507.73,0,0,933,1352,0,12,0,0,NORMAL,0
INV-SYN-15823,TXN-SYN-15823,SUPP-TITAN-03,BUYER-QUICK-04,None,0,497273.94,497273.94,0.0,1.776,4.29,-1.0,1,5,978,208,0,14,1,0,RAPID_GHOST_SETTLEMENT,1
INV-SYN-15824,TXN-SYN-15824,SUPP-PREC-04,BUYER-OMEGA-01,DB Schenker,1,80823.75,80570.58,-0.0031,0.8481,664.66,493.96,0,0,934,1353,0,2,0,1,NORMAL,0
INV-SYN-15825,TXN-SYN-15825,SUPP-GLOBAL-01,BUYER-OMEGA-01,FedEx International,1,69765.92,68412.25,-0.0194,0.5701,693.13,614.87,0,0,943,1354,0,16,0,0,NORMAL,0
INV-SYN-15826,TXN-SYN-15826,SUPP-IND-05,BUYER-APEX-06,Kuehne+Nagel Logistics,1,276065.75,317475.61,0.15,1.9842,141.21,96.44,1,0,994,1378,0,2,0,1,SERIAL_COUNTERPARTY_SPIKE,1
INV-SYN-15827,TXN-SYN-15827,SUPP-IND-05,BUYER-APEX-06,DB Schenker,1,161375.01,162041.32,0.0041,1.0128,667.41,597.32,1,0,995,1379,0,13,1,0,NORMAL,0
INV-SYN-15828,TXN-SYN-15828,SUPP-TITAN-03,BUYER-OMEGA-01,Kuehne+Nagel Logistics,1,291241.26,291551.8,0.0011,1.0413,633.2,496.93,1,0,979,1355,0,22,0,0,NORMAL,0
INV-SYN-15829,TXN-SYN-15829,SUPP-PACIFIC-08,BUYER-GLOBAL-05,DHL Global Express,1,100539.98,100116.08,-0.0042,1.3349,483.99,443.86,0,0,896,1328,0,18,0,0,NORMAL,0
INV-SYN-15830,TXN-SYN-15830,SUPP-GLOBAL-01,BUYER-OMEGA-01,FedEx International,1,112906.53,110794.22,-0.0187,0.9233,590.04,456.42,0,0,944,1356,0,1,0,1,NORMAL,0
INV-SYN-15831,TXN-SYN-15831,SUPP-PACIFIC-08,BUYER-OMEGA-01,Kuehne+Nagel Logistics,1,72757.13,73432.53,0.0093,0.9791,890.72,796.88,0,0,897,1357,0,5,1,1,NORMAL,0
INV-SYN-15832,TXN-SYN-15832,SUPP-TITAN-03,BUYER-OMEGA-01,FedEx International,1,202777.09,203276.78,0.0025,0.726,553.62,396.75,1,0,980,1358,0,7,1,0,NORMAL,0
INV-SYN-15833,TXN-SYN-15833,SUPP-PREC-04,BUYER-OMEGA-01,DB Schenker,1,114488.15,113475.39,-0.0088,1.1945,766.49,621.42,0,0,935,1359,0,4,0,1,NORMAL,0
INV-SYN-15834,TXN-SYN-15834,SUPP-IND-05,BUYER-OMEGA-01,DB Schenker,1,167372.36,164487.93,-0.0172,1.028,360.09,305.74,1,0,996,1360,0,1,0,1,NORMAL,0
INV-SYN-15835,TXN-SYN-15835,SUPP-TITAN-03,BUYER-VORTEX-02,FedEx International,1,250598.06,249509.54,-0.0043,0.8911,451.51,320.36,1,0,981,1395,0,4,1,1,NORMAL,0
INV-SYN-15836,TXN-SYN-15836,SUPP-GLOBAL-01,BUYER-APEX-06,DHL Global Express,1,62859.76,62665.19,-0.0031,0.5222,1009.53,824.45,0,0,945,1380,0,7,0,0,NORMAL,0
INV-SYN-15837,TXN-SYN-15837,SUPP-PREC-04,BUYER-APEX-06,DHL Global Express,1,129304.79,128159.21,-0.0089,1.349,594.62,407.45,0,0,936,1381,0,2,1,1,NORMAL,0
INV-SYN-15838,TXN-SYN-15838,SUPP-PREC-04,BUYER-GLOBAL-05,Maersk Ocean Freight,1,65842.6,64918.98,-0.014,0.6834,903.54,731.11,0,0,937,1329,0,11,0,0,NORMAL,0
INV-SYN-15839,TXN-SYN-15839,SUPP-TITAN-03,BUYER-VORTEX-02,DB Schenker,1,238610.54,238282.17,-0.0014,0.851,432.85,388.67,1,0,982,1396,0,15,1,0,NORMAL,0
INV-SYN-15840,TXN-SYN-15840,SUPP-IND-05,BUYER-APEX-06,FedEx International,1,174333.78,171881.76,-0.0141,1.0743,621.69,494.7,1,0,997,1382,0,13,1,0,NORMAL,0
INV-SYN-15841,TXN-SYN-15841,SUPP-TITAN-03,BUYER-APEX-06,Maersk Ocean Freight,1,196240.94,194435.93,-0.0092,0.6944,849.77,752.06,1,0,983,1383,0,11,0,0,NORMAL,0
INV-SYN-15842,TXN-SYN-15842,SUPP-TITAN-03,BUYER-OMEGA-01,Kuehne+Nagel Logistics,1,175454.32,173252.37,-0.0125,0.6188,549.85,410.67,1,0,984,1361,0,2,0,1,NORMAL,0
INV-SYN-15843,TXN-SYN-15843,SUPP-IND-05,BUYER-VORTEX-02,Kuehne+Nagel Logistics,1,75042.1,74707.68,-0.0045,0.4669,630.06,567.41,1,0,998,1397,0,16,0,0,NORMAL,0
INV-SYN-15844,TXN-SYN-15844,SUPP-PACIFIC-08,BUYER-OMEGA-01,DHL Global Express,1,88518.69,88181.72,-0.0038,1.1758,411.41,241.84,0,0,898,1362,0,12,1,0,NORMAL,0
INV-SYN-15845,TXN-SYN-15845,SUPP-TITAN-03,BUYER-STEEL-03,DB Schenker,1,241836.96,552513.59,1.2847,1.9733,453.61,366.73,1,1,985,167,0,1,1,1,AMOUNT_INFLATION,1
INV-SYN-15846,TXN-SYN-15846,SUPP-GLOBAL-01,BUYER-APEX-06,Maersk Ocean Freight,1,207818.1,208052.69,0.0011,1.7338,427.69,308.26,0,0,946,1384,0,19,0,0,NORMAL,0
INV-SYN-15847,TXN-SYN-15847,SUPP-TITAN-03,BUYER-QUICK-04,Unregistered Logistics,1,300000.0,300000.0,0.0,1.0714,37.52,3.95,1,5,986,209,1,2,0,1,OFF_HOURS_ROUND_SUM,1
INV-SYN-15848,TXN-SYN-15848,SUPP-IND-05,BUYER-GLOBAL-05,DHL Global Express,1,123141.96,123287.61,0.0012,0.7705,674.87,500.5,1,0,999,1330,0,16,1,0,NORMAL,0
INV-SYN-15849,TXN-SYN-15849,SUPP-PACIFIC-08,BUYER-VORTEX-02,Kuehne+Nagel Logistics,1,64398.88,63437.22,-0.0149,0.8458,428.07,319.34,0,0,899,1398,0,17,0,0,NORMAL,0
INV-SYN-15850,TXN-SYN-15850,SUPP-GLOBAL-01,BUYER-OMEGA-01,DHL Global Express,1,127294.04,127728.84,0.0034,1.0644,501.11,341.62,0,0,947,1363,0,1,0,1,NORMAL,0
INV-SYN-15851,TXN-SYN-15851,SUPP-PREC-04,BUYER-OMEGA-01,Kuehne+Nagel Logistics,1,83832.67,82608.91,-0.0146,0.8696,590.77,453.42,0,0,938,1364,0,14,0,0,NORMAL,0
INV-SYN-15852,TXN-SYN-15852,SUPP-TITAN-03,BUYER-VORTEX-02,Kuehne+Nagel Logistics,1,322863.25,323256.73,0.0012,1.1545,692.25,564.56,1,0,987,1399,0,17,0,0,NORMAL,0
INV-SYN-15853,TXN-SYN-15853,SUPP-PREC-04,BUYER-GLOBAL-05,FedEx International,1,71758.53,71668.32,-0.0013,0.7544,817.24,641.21,0,0,939,1331,0,2,0,1,NORMAL,0
INV-SYN-15854,TXN-SYN-15854,SUPP-PREC-04,BUYER-GLOBAL-05,DB Schenker,1,62187.2,62579.27,0.0063,0.6587,451.88,265.59,0,0,940,1332,0,9,0,0,NORMAL,0
INV-SYN-15855,TXN-SYN-15855,SUPP-NEXUS-02,BUYER-GLOBAL-05,Maersk Ocean Freight,1,46787.94,46428.54,-0.0077,0.5462,580.64,422.2,0,0,864,1333,0,0,1,1,NORMAL,0
INV-SYN-15856,TXN-SYN-15856,SUPP-NEXUS-02,BUYER-VORTEX-02,Kuehne+Nagel Logistics,1,37749.05,37864.09,0.003,0.4455,879.71,702.68,0,0,865,1400,0,14,0,0,NORMAL,0
INV-SYN-15857,TXN-SYN-15857,SUPP-PACIFIC-08,BUYER-OMEGA-01,Kuehne+Nagel Logistics,1,65286.21,65636.86,0.0054,0.8752,559.56,443.67,0,0,900,1365,0,16,0,0,NORMAL,0
INV-SYN-15858,TXN-SYN-15858,SUPP-PACIFIC-08,BUYER-APEX-06,DHL Global Express,1,69356.62,68890.79,-0.0067,0.9185,710.76,557.18,0,0,901,1385,0,11,0,0,NORMAL,0
INV-SYN-15859,TXN-SYN-15859,SUPP-SUSP-06,BUYER-STEEL-03,Unregistered Logistics,1,500000.0,500000.0,0.0,1.2821,16.84,-12.7,6,1,116,168,1,1,0,1,OFF_HOURS_ROUND_SUM,1
INV-SYN-15860,TXN-SYN-15860,SUPP-NEXUS-02,BUYER-GLOBAL-05,DHL Global Express,1,111422.37,112371.16,0.0085,1.322,761.93,713.7,0,0,866,1334,0,19,0,0,NORMAL,0
INV-SYN-15861,TXN-SYN-15861,SUPP-NEXUS-02,BUYER-OMEGA-01,DHL Global Express,1,111095.64,110295.19,-0.0072,1.2976,831.27,732.36,0,0,867,1366,0,22,0,0,NORMAL,0
INV-SYN-15862,TXN-SYN-15862,SUPP-IND-05,BUYER-APEX-06,Kuehne+Nagel Logistics,1,146607.88,143762.51,-0.0194,0.8985,947.71,764.22,1,0,1000,1386,0,16,0,0,NORMAL,0
INV-SYN-15863,TXN-SYN-15863,SUPP-IND-05,BUYER-APEX-06,Maersk Ocean Freight,1,88243.16,86902.04,-0.0152,0.5431,832.95,748.52,1,0,1001,1387,0,3,0,1,NORMAL,0
INV-SYN-15864,TXN-SYN-15864,SUPP-TITAN-03,BUYER-VORTEX-02,Maersk Ocean Freight,1,240330.64,237099.63,-0.0134,0.8468,825.07,661.47,1,0,988,1401,0,15,0,0,NORMAL,0
INV-SYN-15865,TXN-SYN-15865,SUPP-GLOBAL-01,BUYER-GLOBAL-05,FedEx International,1,102005.36,101880.93,-0.0012,0.849,807.53,768.76,0,0,948,1335,0,19,1,0,NORMAL,0
INV-SYN-15866,TXN-SYN-15866,SUPP-IND-05,BUYER-APEX-06,Maersk Ocean Freight,1,133714.6,134584.74,0.0065,0.8412,533.17,466.21,1,0,1002,1388,0,2,0,1,NORMAL,0
INV-SYN-15867,TXN-SYN-15867,SUPP-PREC-04,BUYER-OMEGA-01,DB Schenker,1,78429.18,79211.01,0.01,0.8338,556.68,474.78,0,0,941,1367,0,1,0,1,NORMAL,0
INV-SYN-15868,TXN-SYN-15868,SUPP-GLOBAL-01,BUYER-VORTEX-02,FedEx International,1,100396.11,99606.27,-0.0079,0.8301,437.58,349.98,0,0,949,1402,0,6,0,0,NORMAL,0
INV-SYN-15869,TXN-SYN-15869,SUPP-IND-05,BUYER-VORTEX-02,DHL Global Express,1,144538.34,143141.61,-0.0097,0.8946,709.57,527.62,1,0,1003,1403,0,10,0,0,NORMAL,0
INV-SYN-15870,TXN-SYN-15870,SUPP-PREC-04,BUYER-OMEGA-01,Kuehne+Nagel Logistics,1,79905.9,80215.76,0.0039,0.8444,695.88,549.83,0,0,942,1368,0,0,0,1,NORMAL,0
INV-SYN-15871,TXN-SYN-15871,SUPP-GLOBAL-01,BUYER-OMEGA-01,FedEx International,1,126249.68,125677.57,-0.0045,1.0473,942.58,787.22,0,0,950,1369,0,10,0,0,NORMAL,0
INV-SYN-15872,TXN-SYN-15872,SUPP-NEXUS-02,BUYER-GLOBAL-05,FedEx International,1,92657.84,91000.49,-0.0179,1.0706,732.3,601.74,0,0,868,1336,0,21,0,0,NORMAL,0
INV-SYN-15873,TXN-SYN-15873,SUPP-PACIFIC-08,BUYER-GLOBAL-05,FedEx International,1,57925.4,58076.42,0.0026,0.7744,822.48,707.24,0,0,902,1337,0,0,0,1,NORMAL,0
INV-SYN-15874,TXN-SYN-15874,SUPP-IND-05,BUYER-OMEGA-01,Maersk Ocean Freight,1,210842.61,209734.34,-0.0053,1.3108,504.19,326.82,1,0,1004,1370,0,16,1,0,NORMAL,0
INV-SYN-15875,TXN-SYN-15875,SUPP-TITAN-03,BUYER-OMEGA-01,FedEx International,1,211395.64,212969.77,0.0074,0.7606,338.18,267.49,1,0,989,1371,0,16,0,0,NORMAL,0
INV-SYN-15876,TXN-SYN-15876,SUPP-NEXUS-02,BUYER-GLOBAL-05,DHL Global Express,1,50621.74,49699.77,-0.0182,0.5847,652.88,505.97,0,0,869,1338,0,14,1,0,NORMAL,0
INV-SYN-15877,TXN-SYN-15877,SUPP-PREC-04,BUYER-APEX-06,Maersk Ocean Freight,1,104043.48,103001.83,-0.01,1.0842,390.16,354.07,0,0,943,1389,0,16,0,0,NORMAL,0
INV-SYN-15878,TXN-SYN-15878,SUPP-PACIFIC-08,BUYER-GLOBAL-05,Kuehne+Nagel Logistics,1,59673.6,60105.27,0.0072,0.8014,803.16,667.79,0,0,903,1339,0,5,0,1,NORMAL,0
INV-SYN-15879,TXN-SYN-15879,SUPP-PHANTOM-07,BUYER-VORTEX-02,FedEx International,1,752345.58,865197.42,0.15,1.9227,151.26,33.93,8,0,106,1404,0,23,1,1,SERIAL_COUNTERPARTY_SPIKE,1
INV-SYN-15880,TXN-SYN-15880,SUPP-GLOBAL-01,BUYER-GLOBAL-05,FedEx International,1,47889.94,47065.97,-0.0172,0.3922,433.69,329.9,0,0,951,1340,0,5,1,1,NORMAL,0
INV-SYN-15881,TXN-SYN-15881,SUPP-TITAN-03,BUYER-APEX-06,FedEx International,1,377471.92,370651.64,-0.0181,1.3238,895.38,816.44,1,0,990,1390,0,3,1,1,NORMAL,0
INV-SYN-15882,TXN-SYN-15882,SUPP-TITAN-03,BUYER-VORTEX-02,DB Schenker,1,327060.54,325873.41,-0.0036,1.1638,384.91,337.18,1,0,991,1405,0,7,1,0,NORMAL,0
INV-SYN-15883,TXN-SYN-15883,SUPP-PREC-04,BUYER-GLOBAL-05,Kuehne+Nagel Logistics,1,59363.68,59020.69,-0.0058,0.6213,326.38,280.99,0,0,944,1341,0,0,1,1,NORMAL,0
INV-SYN-15884,TXN-SYN-15884,SUPP-PREC-04,BUYER-OMEGA-01,DB Schenker,1,59879.04,59884.49,0.0001,0.6304,622.19,466.71,0,0,945,1372,0,11,0,0,NORMAL,0
INV-SYN-15885,TXN-SYN-15885,SUPP-GLOBAL-01,BUYER-OMEGA-01,Kuehne+Nagel Logistics,1,170167.98,170483.18,0.0019,1.4207,706.15,645.96,0,0,952,1373,0,21,0,0,NORMAL,0
INV-SYN-15886,TXN-SYN-15886,SUPP-NEXUS-02,BUYER-GLOBAL-05,FedEx International,1,69330.68,69305.95,-0.0004,0.8154,610.22,507.67,0,0,870,1342,0,10,0,0,NORMAL,0
INV-SYN-15887,TXN-SYN-15887,SUPP-NEXUS-02,BUYER-APEX-06,FedEx International,1,67273.57,66699.91,-0.0085,0.7847,451.32,374.65,0,0,871,1391,0,0,1,1,NORMAL,0
INV-SYN-15888,TXN-SYN-15888,SUPP-PREC-04,BUYER-OMEGA-01,Maersk Ocean Freight,1,41181.26,40499.07,-0.0166,0.4263,701.36,635.21,0,0,946,1374,0,10,0,0,NORMAL,0
INV-SYN-15889,TXN-SYN-15889,SUPP-IND-05,BUYER-STEEL-03,None,0,750000.0,750000.0,0.0,4.6875,72.13,53.62,1,1,1005,169,1,3,0,1,OFF_HOURS_ROUND_SUM,1
INV-SYN-15890,TXN-SYN-15890,SUPP-PREC-04,BUYER-APEX-06,Maersk Ocean Freight,1,89591.66,88280.25,-0.0146,0.9293,538.32,444.63,0,0,947,1392,0,5,0,1,NORMAL,0
INV-SYN-15891,TXN-SYN-15891,SUPP-TITAN-03,BUYER-OMEGA-01,DB Schenker,1,330084.52,326502.62,-0.0109,1.1661,828.48,693.59,1,0,992,1375,0,9,0,0,NORMAL,0
INV-SYN-15892,TXN-SYN-15892,SUPP-IND-05,BUYER-VORTEX-02,FedEx International,1,104036.86,103083.62,-0.0092,0.6443,571.44,479.59,1,0,1006,1406,0,20,0,0,NORMAL,0
INV-SYN-15893,TXN-SYN-15893,SUPP-TITAN-03,BUYER-VORTEX-02,Kuehne+Nagel Logistics,1,173579.92,170363.98,-0.0185,0.6084,386.4,260.18,1,0,993,1407,0,6,0,0,NORMAL,0
INV-SYN-15894,TXN-SYN-15894,SUPP-TITAN-03,BUYER-GLOBAL-05,FedEx International,1,311567.38,309053.53,-0.0081,1.1038,720.88,606.2,1,0,994,1343,0,14,1,0,NORMAL,0
INV-SYN-15895,TXN-SYN-15895,SUPP-PACIFIC-08,BUYER-OMEGA-01,Kuehne+Nagel Logistics,1,93876.19,93581.97,-0.0031,1.2478,841.7,703.51,0,0,904,1376,0,3,0,1,NORMAL,0
INV-SYN-15896,TXN-SYN-15896,SUPP-IND-05,BUYER-VORTEX-02,DB Schenker,1,97153.91,95392.81,-0.0181,0.5962,733.89,564.1,1,0,1007,1408,0,17,0,0,NORMAL,0
INV-SYN-15897,TXN-SYN-15897,SUPP-PACIFIC-08,BUYER-VORTEX-02,Maersk Ocean Freight,1,95278.39,94857.64,-0.0044,1.2648,747.38,701.59,0,0,905,1409,0,4,0,1,NORMAL,0
INV-SYN-15898,TXN-SYN-15898,SUPP-IND-05,BUYER-VORTEX-02,FedEx International,1,161501.67,162982.98,0.0092,1.0186,412.2,254.79,1,0,1008,1410,0,1,1,1,NORMAL,0
INV-SYN-15899,TXN-SYN-15899,SUPP-IND-05,BUYER-APEX-06,Maersk Ocean Freight,1,203672.21,201065.58,-0.0128,1.2567,849.31,763.71,1,0,1009,1393,0,23,0,1,NORMAL,0
INV-SYN-15900,TXN-SYN-15900,SUPP-SUSP-06,BUYER-QUICK-04,DB Schenker,1,383153.51,650125.22,0.6968,1.667,347.42,258.68,6,5,117,210,0,16,0,0,AMOUNT_INFLATION,1
INV-SYN-15901,TXN-SYN-15901,SUPP-PACIFIC-08,BUYER-OMEGA-01,Maersk Ocean Freight,1,27707.29,27528.34,-0.0065,0.367,869.96,802.86,0,0,906,1377,0,18,0,0,NORMAL,0
INV-SYN-15902,TXN-SYN-15902,SUPP-NEXUS-02,BUYER-APEX-06,DHL Global Express,1,81770.69,81212.68,-0.0068,0.9554,559.17,450.57,0,0,872,1394,0,0,0,1,NORMAL,0
INV-SYN-15903,TXN-SYN-15903,SUPP-IND-05,BUYER-STEEL-03,Kuehne+Nagel Logistics,1,320978.23,369124.96,0.15,2.307,196.41,157.35,1,1,1010,170,0,20,1,0,SERIAL_COUNTERPARTY_SPIKE,1
INV-SYN-15904,TXN-SYN-15904,SUPP-NEXUS-02,BUYER-APEX-06,DB Schenker,1,66007.9,66360.54,0.0053,0.7807,746.09,673.5,0,0,873,1395,0,22,0,0,NORMAL,0
INV-SYN-15905,TXN-SYN-15905,SUPP-NEXUS-02,BUYER-OMEGA-01,DHL Global Express,1,76755.74,76829.5,0.001,0.9039,770.59,581.5,0,0,874,1378,0,23,0,1,NORMAL,0
INV-SYN-15906,TXN-SYN-15906,SUPP-GLOBAL-01,BUYER-APEX-06,Kuehne+Nagel Logistics,1,114715.99,115405.89,0.006,0.9617,489.83,341.77,0,0,953,1396,0,7,0,0,NORMAL,0
INV-SYN-15907,TXN-SYN-15907,SUPP-PACIFIC-08,BUYER-APEX-06,Kuehne+Nagel Logistics,1,20634.11,20559.13,-0.0036,0.2741,676.5,527.71,0,0,907,1397,0,21,1,0,NORMAL,0
INV-SYN-15908,TXN-SYN-15908,SUPP-PREC-04,BUYER-VORTEX-02,Maersk Ocean Freight,1,134694.5,132307.7,-0.0177,1.3927,576.29,518.67,0,0,948,1411,0,15,1,0,NORMAL,0
INV-SYN-15909,TXN-SYN-15909,SUPP-PACIFIC-08,BUYER-VORTEX-02,DB Schenker,1,58099.21,57798.32,-0.0052,0.7706,631.92,494.16,0,0,908,1412,0,16,1,0,NORMAL,0
INV-SYN-15910,TXN-SYN-15910,SUPP-GLOBAL-01,BUYER-APEX-06,Maersk Ocean Freight,1,135172.06,135883.48,0.0053,1.1324,601.64,551.29,0,0,954,1398,0,18,1,0,NORMAL,0
INV-SYN-15911,TXN-SYN-15911,SUPP-IND-05,BUYER-GLOBAL-05,Maersk Ocean Freight,1,156531.95,154063.17,-0.0158,0.9629,762.27,655.11,1,0,1011,1344,0,15,0,0,NORMAL,0
INV-SYN-15912,TXN-SYN-15912,SUPP-NEXUS-02,BUYER-GLOBAL-05,DHL Global Express,1,111724.4,111493.09,-0.0021,1.3117,755.69,711.09,0,0,875,1345,0,23,0,1,NORMAL,0
INV-SYN-15913,TXN-SYN-15913,SUPP-NEXUS-02,BUYER-GLOBAL-05,Maersk Ocean Freight,1,93628.69,92381.66,-0.0133,1.0868,549.54,444.67,0,0,876,1346,0,19,0,0,NORMAL,0
INV-SYN-15914,TXN-SYN-15914,SUPP-NEXUS-02,BUYER-GLOBAL-05,DHL Global Express,1,80007.86,80500.64,0.0062,0.9471,601.47,447.52,0,0,877,1347,0,16,1,0,NORMAL,0
INV-SYN-15915,TXN-SYN-15915,SUPP-TITAN-03,BUYER-VORTEX-02,DB Schenker,1,217453.94,219293.37,0.0085,0.7832,562.9,439.95,1,0,995,1413,0,20,1,0,NORMAL,0
INV-SYN-15916,TXN-SYN-15916,SUPP-TITAN-03,BUYER-STEEL-03,None,0,657328.56,755927.84,0.15,2.6997,210.89,128.74,1,1,996,171,0,21,0,0,SERIAL_COUNTERPARTY_SPIKE,1
INV-SYN-15917,TXN-SYN-15917,SUPP-TITAN-03,BUYER-QUICK-04,Unregistered Logistics,1,300000.0,300000.0,0.0,1.0714,66.99,47.92,1,5,997,211,1,1,0,1,OFF_HOURS_ROUND_SUM,1
INV-SYN-15918,TXN-SYN-15918,SUPP-NEXUS-02,BUYER-GLOBAL-05,Maersk Ocean Freight,1,98725.17,96774.71,-0.0198,1.1385,457.67,386.9,0,0,878,1348,0,11,1,0,NORMAL,0
INV-SYN-15919,TXN-SYN-15919,SUPP-IND-05,BUYER-OMEGA-01,None,0,155039.72,155039.72,0.0,0.969,1.85,-1.0,1,0,1012,1379,0,6,1,0,RAPID_GHOST_SETTLEMENT,1
INV-SYN-15920,TXN-SYN-15920,SUPP-PREC-04,BUYER-APEX-06,DB Schenker,1,124741.74,125449.61,0.0057,1.3205,640.02,593.26,0,0,949,1399,0,20,0,0,NORMAL,0
INV-SYN-15921,TXN-SYN-15921,SUPP-IND-05,BUYER-GLOBAL-05,Kuehne+Nagel Logistics,1,166451.98,166932.85,0.0029,1.0433,419.39,265.37,1,0,1013,1349,0,7,0,0,NORMAL,0
INV-SYN-15922,TXN-SYN-15922,SUPP-GLOBAL-01,BUYER-APEX-06,FedEx International,1,139323.71,138328.64,-0.0071,1.1527,600.45,461.81,0,0,955,1400,0,8,0,0,NORMAL,0
INV-SYN-15923,TXN-SYN-15923,SUPP-NEXUS-02,BUYER-VORTEX-02,FedEx International,1,86742.26,87346.78,0.007,1.0276,598.9,437.85,0,0,879,1414,0,11,0,0,NORMAL,0
INV-SYN-15924,TXN-SYN-15924,SUPP-TITAN-03,BUYER-APEX-06,Kuehne+Nagel Logistics,1,157333.6,158266.11,0.0059,0.5652,768.2,609.65,1,0,998,1401,0,19,1,0,NORMAL,0
INV-SYN-15925,TXN-SYN-15925,SUPP-IND-05,BUYER-VORTEX-02,Maersk Ocean Freight,1,125570.83,124692.77,-0.007,0.7793,931.2,829.78,1,0,1014,1415,0,2,0,1,NORMAL,0
INV-SYN-15926,TXN-SYN-15926,SUPP-TITAN-03,BUYER-GLOBAL-05,Kuehne+Nagel Logistics,1,327067.25,325508.05,-0.0048,1.1625,852.78,798.52,1,0,999,1350,0,15,0,0,NORMAL,0
INV-SYN-15927,TXN-SYN-15927,SUPP-NEXUS-02,BUYER-VORTEX-02,DB Schenker,1,88541.44,89053.48,0.0058,1.0477,478.54,323.77,0,0,880,1416,0,14,0,0,NORMAL,0
INV-SYN-15928,TXN-SYN-15928,SUPP-GLOBAL-01,BUYER-APEX-06,DB Schenker,1,155429.7,155978.25,0.0035,1.2998,495.58,416.72,0,0,956,1402,0,3,0,1,NORMAL,0
INV-SYN-15929,TXN-SYN-15929,SUPP-IND-05,BUYER-VORTEX-02,Maersk Ocean Freight,1,176130.98,173081.69,-0.0173,1.0818,673.54,508.14,1,0,1015,1417,0,19,0,0,NORMAL,0
INV-SYN-15930,TXN-SYN-15930,SUPP-NEXUS-02,BUYER-GLOBAL-05,FedEx International,1,64457.58,64332.63,-0.0019,0.7569,387.25,275.85,0,0,881,1351,0,12,0,0,NORMAL,0
INV-SYN-15931,TXN-SYN-15931,SUPP-IND-05,BUYER-VORTEX-02,FedEx International,1,128157.43,126110.97,-0.016,0.7882,853.14,798.63,1,0,1016,1418,0,7,0,0,NORMAL,0
INV-SYN-15932,TXN-SYN-15932,SUPP-NEXUS-02,BUYER-VORTEX-02,DB Schenker,1,87186.99,87052.34,-0.0015,1.0241,834.14,768.19,0,0,882,1419,0,16,0,0,NORMAL,0
INV-SYN-15933,TXN-SYN-15933,SUPP-GLOBAL-01,BUYER-OMEGA-01,Maersk Ocean Freight,1,50578.68,49571.02,-0.0199,0.4131,752.98,613.01,0,0,957,1380,0,0,0,1,NORMAL,0
INV-SYN-15934,TXN-SYN-15934,SUPP-TITAN-03,BUYER-APEX-06,DHL Global Express,1,397140.93,390134.87,-0.0176,1.3933,797.04,673.87,1,0,1000,1403,0,1,0,1,NORMAL,0
INV-SYN-15935,TXN-SYN-15935,SUPP-PREC-04,BUYER-OMEGA-01,DHL Global Express,1,105491.48,103502.3,-0.0189,1.0895,393.15,243.68,0,0,950,1381,0,17,1,0,NORMAL,0
INV-SYN-15936,TXN-SYN-15936,SUPP-TITAN-03,BUYER-GLOBAL-05,FedEx International,1,365892.42,364291.39,-0.0044,1.301,359.47,311.1,1,0,1001,1352,0,4,0,1,NORMAL,0
INV-SYN-15937,TXN-SYN-15937,SUPP-IND-05,BUYER-STEEL-03,None,0,450000.0,450000.0,0.0,2.8125,23.12,4.43,1,1,1017,172,1,2,0,1,OFF_HOURS_ROUND_SUM,1
INV-SYN-15938,TXN-SYN-15938,SUPP-TITAN-03,BUYER-GLOBAL-05,DB Schenker,1,367119.56,366599.53,-0.0014,1.3093,469.34,318.03,1,0,1002,1353,0,0,0,1,NORMAL,0
INV-SYN-15939,TXN-SYN-15939,SUPP-GLOBAL-01,BUYER-APEX-06,DB Schenker,1,186944.97,188639.1,0.0091,1.572,848.62,719.6,0,0,958,1404,0,2,0,1,NORMAL,0
INV-SYN-15940,TXN-SYN-15940,SUPP-GLOBAL-01,BUYER-OMEGA-01,Kuehne+Nagel Logistics,1,80373.65,79472.16,-0.0112,0.6623,542.65,430.2,0,0,959,1382,0,19,0,0,NORMAL,0
INV-SYN-15941,TXN-SYN-15941,SUPP-PACIFIC-08,BUYER-VORTEX-02,DB Schenker,1,89463.78,89931.48,0.0052,1.1991,515.08,421.58,0,0,909,1420,0,13,1,0,NORMAL,0
INV-SYN-15942,TXN-SYN-15942,SUPP-PACIFIC-08,BUYER-VORTEX-02,DHL Global Express,1,75020.81,73576.79,-0.0192,0.981,898.84,773.91,0,0,910,1421,0,7,0,0,NORMAL,0
INV-SYN-15943,TXN-SYN-15943,SUPP-GLOBAL-01,BUYER-APEX-06,Maersk Ocean Freight,1,73666.98,72223.68,-0.0196,0.6019,930.29,776.31,0,0,960,1405,0,7,0,0,NORMAL,0
INV-SYN-15944,TXN-SYN-15944,SUPP-PACIFIC-08,BUYER-VORTEX-02,Maersk Ocean Freight,1,84241.57,83608.97,-0.0075,1.1148,499.48,366.13,0,0,911,1422,0,18,0,0,NORMAL,0
INV-SYN-15945,TXN-SYN-15945,SUPP-TITAN-03,BUYER-GLOBAL-05,DB Schenker,1,338352.22,341563.66,0.0095,1.2199,673.96,535.74,1,0,1003,1354,0,12,0,0,NORMAL,0
INV-SYN-15946,TXN-SYN-15946,SUPP-NEXUS-02,BUYER-OMEGA-01,DHL Global Express,1,72226.06,72045.62,-0.0025,0.8476,504.17,462.97,0,0,883,1383,0,22,0,0,NORMAL,0
INV-SYN-15947,TXN-SYN-15947,SUPP-TITAN-03,BUYER-VORTEX-02,Maersk Ocean Freight,1,361614.16,365061.79,0.0095,1.3038,531.66,372.26,1,0,1004,1423,0,16,0,0,NORMAL,0
INV-SYN-15948,TXN-SYN-15948,SUPP-TITAN-03,BUYER-APEX-06,DB Schenker,1,163326.56,164602.47,0.0078,0.5879,709.71,568.07,1,0,1005,1406,0,5,0,1,NORMAL,0
INV-SYN-15949,TXN-SYN-15949,SUPP-IND-05,BUYER-OMEGA-01,DHL Global Express,1,100209.75,99108.74,-0.011,0.6194,527.8,398.84,1,0,1018,1384,0,23,0,1,NORMAL,0
INV-SYN-15950,TXN-SYN-15950,SUPP-TITAN-03,BUYER-GLOBAL-05,Kuehne+Nagel Logistics,1,289561.82,292297.42,0.0094,1.0439,633.28,582.1,1,0,1006,1355,0,23,1,1,NORMAL,0
INV-SYN-15951,TXN-SYN-15951,SUPP-NEXUS-02,BUYER-VORTEX-02,Kuehne+Nagel Logistics,1,85539.44,83909.72,-0.0191,0.9872,781.98,694.03,0,0,884,1424,0,8,0,0,NORMAL,0
INV-SYN-15952,TXN-SYN-15952,SUPP-PACIFIC-08,BUYER-GLOBAL-05,Maersk Ocean Freight,1,61564.25,62016.73,0.0073,0.8269,483.67,359.42,0,0,912,1356,0,8,1,0,NORMAL,0
INV-SYN-15953,TXN-SYN-15953,SUPP-GLOBAL-01,BUYER-OMEGA-01,Kuehne+Nagel Logistics,1,144287.83,144189.48,-0.0007,1.2016,854.94,728.59,0,0,961,1385,0,13,0,0,NORMAL,0
INV-SYN-15954,TXN-SYN-15954,SUPP-PREC-04,BUYER-APEX-06,Maersk Ocean Freight,1,107608.74,105542.29,-0.0192,1.111,504.41,333.1,0,0,951,1407,0,6,0,0,NORMAL,0
INV-SYN-15955,TXN-SYN-15955,SUPP-IND-05,BUYER-GLOBAL-05,DHL Global Express,1,194325.56,195397.23,0.0055,1.2212,491.78,396.7,1,0,1019,1357,0,2,0,1,NORMAL,0
INV-SYN-15956,TXN-SYN-15956,SUPP-NEXUS-02,BUYER-GLOBAL-05,DB Schenker,1,82383.35,80770.31,-0.0196,0.9502,837.61,646.14,0,0,885,1358,0,5,0,1,NORMAL,0
INV-SYN-15957,TXN-SYN-15957,SUPP-IND-05,BUYER-VORTEX-02,Maersk Ocean Freight,1,184103.21,185456.24,0.0073,1.1591,650.65,530.44,1,0,1020,1425,0,18,0,0,NORMAL,0
INV-SYN-15958,TXN-SYN-15958,SUPP-NEXUS-02,BUYER-OMEGA-01,FedEx International,1,75529.93,74073.05,-0.0193,0.8714,797.46,690.91,0,0,886,1386,0,2,1,1,NORMAL,0
INV-SYN-15959,TXN-SYN-15959,SUPP-NEXUS-02,BUYER-OMEGA-01,DB Schenker,1,128643.65,128200.26,-0.0034,1.5082,748.05,625.48,0,0,887,1387,0,8,0,0,NORMAL,0
INV-SYN-15960,TXN-SYN-15960,SUPP-TITAN-03,BUYER-GLOBAL-05,Kuehne+Nagel Logistics,1,223121.8,219071.36,-0.0182,0.7824,883.73,808.42,1,0,1007,1359,0,23,0,1,NORMAL,0
INV-SYN-15961,TXN-SYN-15961,SUPP-GLOBAL-01,BUYER-VORTEX-02,DHL Global Express,1,183158.92,179618.95,-0.0193,1.4968,922.95,794.52,0,0,962,1426,0,5,0,1,NORMAL,0
INV-SYN-15962,TXN-SYN-15962,SUPP-GLOBAL-01,BUYER-GLOBAL-05,Kuehne+Nagel Logistics,1,121046.64,118886.79,-0.0178,0.9907,336.73,284.98,0,0,963,1360,0,7,1,0,NORMAL,0
INV-SYN-15963,TXN-SYN-15963,SUPP-GLOBAL-01,BUYER-OMEGA-01,Maersk Ocean Freight,1,78734.67,77812.25,-0.0117,0.6484,840.77,676.89,0,0,964,1388,0,10,0,0,NORMAL,0
INV-SYN-15964,TXN-SYN-15964,SUPP-GLOBAL-01,BUYER-VORTEX-02,DHL Global Express,1,161042.38,161036.46,-0.0,1.342,360.02,245.04,0,0,965,1427,0,14,0,0,NORMAL,0
INV-SYN-15965,TXN-SYN-15965,SUPP-SUSP-06,BUYER-VORTEX-02,None,0,639538.53,639538.53,0.0,1.6398,2.23,-1.0,6,0,118,1428,0,7,1,0,RAPID_GHOST_SETTLEMENT,1
INV-SYN-15966,TXN-SYN-15966,SUPP-TITAN-03,BUYER-GLOBAL-05,FedEx International,1,339578.69,335553.66,-0.0119,1.1984,689.67,637.9,1,0,1008,1361,0,0,1,1,NORMAL,0
INV-SYN-15967,TXN-SYN-15967,SUPP-PACIFIC-08,BUYER-APEX-06,FedEx International,1,97947.3,98666.48,0.0073,1.3156,681.94,636.8,0,0,913,1408,0,19,0,0,NORMAL,0
INV-SYN-15968,TXN-SYN-15968,SUPP-GLOBAL-01,BUYER-GLOBAL-05,Kuehne+Nagel Logistics,1,130138.67,128534.38,-0.0123,1.0711,419.17,305.75,0,0,966,1362,0,10,0,0,NORMAL,0
INV-SYN-15969,TXN-SYN-15969,SUPP-GLOBAL-01,BUYER-GLOBAL-05,DHL Global Express,1,102232.77,100906.34,-0.013,0.8409,674.42,599.35,0,0,967,1363,0,14,0,0,NORMAL,0
INV-SYN-15970,TXN-SYN-15970,SUPP-PACIFIC-08,BUYER-GLOBAL-05,DHL Global Express,1,93294.63,91808.05,-0.0159,1.2241,460.6,319.03,0,0,914,1364,0,16,0,0,NORMAL,0
INV-SYN-15971,TXN-SYN-15971,SUPP-PREC-04,BUYER-APEX-06,DHL Global Express,1,95017.94,94724.08,-0.0031,0.9971,357.64,241.11,0,0,952,1409,0,4,0,1,NORMAL,0
INV-SYN-15972,TXN-SYN-15972,SUPP-GLOBAL-01,BUYER-VORTEX-02,DHL Global Express,1,140575.73,138688.86,-0.0134,1.1557,636.43,491.86,0,0,968,1429,0,0,1,1,NORMAL,0
INV-SYN-15973,TXN-SYN-15973,SUPP-IND-05,BUYER-APEX-06,Kuehne+Nagel Logistics,1,73850.78,73190.58,-0.0089,0.4574,973.37,783.41,1,0,1021,1410,0,0,0,1,NORMAL,0
INV-SYN-15974,TXN-SYN-15974,SUPP-IND-05,BUYER-QUICK-04,None,0,233928.57,233928.57,0.0,1.4621,2.27,-1.0,1,5,1022,212,0,3,0,1,RAPID_GHOST_SETTLEMENT,1
INV-SYN-15975,TXN-SYN-15975,SUPP-NEXUS-02,BUYER-VORTEX-02,DB Schenker,1,71430.05,70049.93,-0.0193,0.8241,737.81,625.89,0,0,888,1430,0,3,0,1,NORMAL,0
INV-SYN-15976,TXN-SYN-15976,SUPP-IND-05,BUYER-STEEL-03,Unregistered Logistics,1,100000.0,100000.0,0.0,0.625,18.92,-25.61,1,1,1023,173,1,4,1,1,OFF_HOURS_ROUND_SUM,1
INV-SYN-15977,TXN-SYN-15977,SUPP-PACIFIC-08,BUYER-OMEGA-01,Kuehne+Nagel Logistics,1,86682.89,85551.07,-0.0131,1.1407,594.88,535.1,0,0,915,1389,0,13,0,0,NORMAL,0
INV-SYN-15978,TXN-SYN-15978,SUPP-GLOBAL-01,BUYER-OMEGA-01,DHL Global Express,1,127195.73,126523.35,-0.0053,1.0544,920.89,812.06,0,0,969,1390,0,18,1,0,NORMAL,0
INV-SYN-15979,TXN-SYN-15979,SUPP-TITAN-03,BUYER-OMEGA-01,DB Schenker,1,314041.7,316364.75,0.0074,1.1299,696.98,545.36,1,0,1009,1391,0,4,0,1,NORMAL,0
INV-SYN-15980,TXN-SYN-15980,SUPP-PACIFIC-08,BUYER-OMEGA-01,DB Schenker,1,56279.23,55721.2,-0.0099,0.7429,576.46,454.37,0,0,916,1392,0,20,0,0,NORMAL,0
INV-SYN-15981,TXN-SYN-15981,SUPP-TITAN-03,BUYER-VORTEX-02,FedEx International,1,393627.97,388778.3,-0.0123,1.3885,456.44,322.64,1,0,1010,1431,0,14,0,0,NORMAL,0
INV-SYN-15982,TXN-SYN-15982,SUPP-PREC-04,BUYER-VORTEX-02,DB Schenker,1,142295.05,140753.22,-0.0108,1.4816,604.99,527.73,0,0,953,1432,0,18,1,0,NORMAL,0
INV-SYN-15983,TXN-SYN-15983,SUPP-PACIFIC-08,BUYER-VORTEX-02,FedEx International,1,82367.13,80867.36,-0.0182,1.0782,671.62,610.33,0,0,917,1433,0,5,0,1,NORMAL,0
INV-SYN-15984,TXN-SYN-15984,SUPP-PACIFIC-08,BUYER-APEX-06,FedEx International,1,104820.07,103931.07,-0.0085,1.3857,828.29,671.4,0,0,918,1411,0,21,0,0,NORMAL,0
INV-SYN-15985,TXN-SYN-15985,SUPP-NEXUS-02,BUYER-OMEGA-01,DHL Global Express,1,72905.6,72181.51,-0.0099,0.8492,945.06,832.52,0,0,889,1393,0,9,0,0,NORMAL,0
INV-SYN-15986,TXN-SYN-15986,SUPP-NEXUS-02,BUYER-OMEGA-01,FedEx International,1,68061.34,68657.84,0.0088,0.8077,843.68,673.0,0,0,890,1394,0,15,1,0,NORMAL,0
INV-SYN-15987,TXN-SYN-15987,SUPP-NEXUS-02,BUYER-OMEGA-01,DHL Global Express,1,85869.65,86428.77,0.0065,1.0168,451.54,371.76,0,0,891,1395,0,5,1,1,NORMAL,0
INV-SYN-15988,TXN-SYN-15988,SUPP-GLOBAL-01,BUYER-OMEGA-01,Maersk Ocean Freight,1,133048.23,130650.35,-0.018,1.0888,453.14,350.95,0,0,970,1396,0,7,1,0,NORMAL,0
INV-SYN-15989,TXN-SYN-15989,SUPP-TITAN-03,BUYER-VORTEX-02,DHL Global Express,1,252420.93,250993.2,-0.0057,0.8964,960.46,818.71,1,0,1011,1434,0,10,1,0,NORMAL,0
INV-SYN-15990,TXN-SYN-15990,SUPP-TITAN-03,BUYER-GLOBAL-05,Kuehne+Nagel Logistics,1,317643.77,317172.07,-0.0015,1.1328,970.75,819.47,1,0,1012,1365,0,5,0,1,NORMAL,0
INV-SYN-15991,TXN-SYN-15991,SUPP-IND-05,BUYER-QUICK-04,None,0,333498.01,383522.71,0.15,2.397,170.06,100.65,1,5,1024,213,0,15,1,0,SERIAL_COUNTERPARTY_SPIKE,1
INV-SYN-15992,TXN-SYN-15992,SUPP-IND-05,BUYER-APEX-06,Kuehne+Nagel Logistics,1,120067.73,118932.62,-0.0095,0.7433,769.59,628.78,1,0,1025,1412,0,3,0,1,NORMAL,0
INV-SYN-15993,TXN-SYN-15993,SUPP-TITAN-03,BUYER-OMEGA-01,Kuehne+Nagel Logistics,1,316315.51,313288.32,-0.0096,1.1189,880.99,711.76,1,0,1013,1397,0,9,0,0,NORMAL,0
INV-SYN-15994,TXN-SYN-15994,SUPP-IND-05,BUYER-APEX-06,FedEx International,1,194541.13,194739.06,0.001,1.2171,516.88,370.66,1,0,1026,1413,0,18,0,0,NORMAL,0
INV-SYN-15995,TXN-SYN-15995,SUPP-PREC-04,BUYER-OMEGA-01,DB Schenker,1,99072.4,98407.31,-0.0067,1.0359,936.22,758.15,0,0,954,1398,0,22,1,0,NORMAL,0
INV-SYN-15996,TXN-SYN-15996,SUPP-PREC-04,BUYER-GLOBAL-05,FedEx International,1,122375.39,123411.21,0.0085,1.2991,408.45,316.88,0,0,955,1366,0,2,0,1,NORMAL,0
INV-SYN-15997,TXN-SYN-15997,SUPP-GLOBAL-01,BUYER-OMEGA-01,DHL Global Express,1,83477.89,83920.4,0.0053,0.6993,845.08,679.33,0,0,971,1399,0,7,0,0,NORMAL,0
INV-SYN-15998,TXN-SYN-15998,SUPP-NEXUS-02,BUYER-VORTEX-02,FedEx International,1,94943.95,94097.06,-0.0089,1.107,506.19,381.28,0,0,892,1435,0,18,0,0,NORMAL,0
INV-SYN-15999,TXN-SYN-15999,SUPP-PACIFIC-08,BUYER-VORTEX-02,FedEx International,1,53057.24,52874.58,-0.0034,0.705,529.4,367.32,0,0,919,1436,0,21,0,0,NORMAL,0
